{
"type": "FeatureCollection",
"name": "target_city_boundaries",
"xy_coordinate_resolution": 1e-07,
"features": [
{"type":"Feature","properties":{"CITY":"Chino","COUNTY":"San Bernardino"},"geometry":{"type":"MultiPolygon","coordinates":[[[[-117.5998493,33.9753059],[-117.599926,33.9753028],[-117.6000495,33.97531],[-117.6069295,33.9753429],[-117.6069274,33.9760466],[-117.6069059,33.9828181],[-117.6069039,33.9833057],[-117.6106014,33.983277],[-117.614936,33.9832571],[-117.6236009,33.9831961],[-117.6236292,33.983196],[-117.6279861,33.9831656],[-117.6313524,33.9831525],[-117.6323428,33.9831486],[-117.6366995,33.9831316],[-117.6506403,33.9830367],[-117.6506407,33.9831255],[-117.6506771,33.9902952],[-117.6506772,33.9903052],[-117.6506934,33.9957365],[-117.6507073,33.9993638],[-117.6507465,34.0039798],[-117.6507334,34.0049024],[-117.6507231,34.0120625],[-117.6507726,34.0147868],[-117.6507971,34.0193207],[-117.6523079,34.0193107],[-117.6544864,34.0192962],[-117.6545095,34.0229065],[-117.6545154,34.0234641],[-117.6545301,34.024584],[-117.6545464,34.0265514],[-117.654584,34.0293818],[-117.6545811,34.0300916],[-117.6567725,34.0300978],[-117.6567695,34.0308272],[-117.6567672,34.031396],[-117.6567723,34.0319748],[-117.6576115,34.0319694],[-117.6584732,34.0319639],[-117.6594234,34.0319578],[-117.6606186,34.0319512],[-117.661999,34.0319434],[-117.6634157,34.031936],[-117.665476,34.0319221],[-117.6676562,34.0319075],[-117.6676592,34.0311541],[-117.66765,34.0303806],[-117.6720055,34.0303552],[-117.6720183,34.0318783],[-117.6721272,34.031878],[-117.6741974,34.0318627],[-117.6755935,34.0318524],[-117.6764756,34.0318455],[-117.6777154,34.0318365],[-117.678556,34.0318304],[-117.6785639,34.0327216],[-117.6785722,34.0336451],[-117.6807511,34.0336292],[-117.6818402,34.0336227],[-117.6818497,34.0347116],[-117.6818529,34.0350908],[-117.6818555,34.035437],[-117.6809122,34.0354427],[-117.680767,34.0354436],[-117.680715,34.0354452],[-117.6807375,34.0373126],[-117.6807428,34.0387204],[-117.6807534,34.0400865],[-117.6807613,34.0407871],[-117.6807217,34.0408725],[-117.6807269,34.041851],[-117.6807375,34.0430595],[-117.6807534,34.044662],[-117.6807666,34.046282],[-117.6807798,34.0476239],[-117.6807577,34.0483914],[-117.680814,34.048388],[-117.6891825,34.0478447],[-117.689374,34.0478323],[-117.6894762,34.0478256],[-117.6897443,34.0478082],[-117.6897438,34.0477457],[-117.6897428,34.0477087],[-117.6901223,34.0476926],[-117.6917637,34.047586],[-117.6917634,34.0475557],[-117.6917524,34.0462586],[-117.6917447,34.0453518],[-117.6917369,34.0444454],[-117.6917288,34.0435383],[-117.6917206,34.0426315],[-117.6917132,34.0417253],[-117.6917058,34.0409093],[-117.6917097,34.0408185],[-117.6938856,34.0408046],[-117.6982465,34.0407776],[-117.7003897,34.0407634],[-117.7004335,34.0407632],[-117.7025994,34.0407507],[-117.7026132,34.0407506],[-117.7026133,34.0407608],[-117.7026362,34.0425716],[-117.7113478,34.0425194],[-117.7113353,34.0406916],[-117.7102239,34.0407048],[-117.7102189,34.0402107],[-117.710214,34.0397326],[-117.7102099,34.0393067],[-117.7102059,34.0388911],[-117.7103783,34.03889],[-117.7107744,34.0388876],[-117.7109724,34.0388864],[-117.7112134,34.038885],[-117.7114057,34.0388824],[-117.7123913,34.0388764],[-117.7134766,34.0388698],[-117.7134725,34.038334],[-117.7134695,34.038029],[-117.7134764,34.0375159],[-117.7134575,34.0368406],[-117.7134526,34.0363552],[-117.7134424,34.0352414],[-117.7123509,34.0352482],[-117.7113439,34.0352545],[-117.7112458,34.0352538],[-117.7112432,34.0334404],[-117.7134198,34.0334261],[-117.7134336,34.0334261],[-117.7138388,34.0334244],[-117.7138392,34.0320222],[-117.7140548,34.032137],[-117.7144097,34.0323259],[-117.7147696,34.0326806],[-117.7149862,34.0328942],[-117.7154522,34.0328807],[-117.7155966,34.0328782],[-117.7156025,34.0334142],[-117.7177817,34.0333994],[-117.717767,34.0319961],[-117.7177662,34.0319136],[-117.7177625,34.0316022],[-117.7177629,34.031591],[-117.7172571,34.0315995],[-117.7166639,34.0316016],[-117.7156853,34.031608],[-117.7155834,34.0316016],[-117.7155765,34.0307675],[-117.7148782,34.0307664],[-117.7148808,34.029947],[-117.714512,34.0300542],[-117.7141395,34.0301523],[-117.7137636,34.0302411],[-117.7133904,34.0303195],[-117.7133929,34.0292844],[-117.7133793,34.0284435],[-117.713372,34.027991],[-117.7141028,34.0279866],[-117.7154089,34.0279803],[-117.7155485,34.0279807],[-117.7155545,34.0279804],[-117.7155616,34.0283896],[-117.7155629,34.0284303],[-117.715577,34.0294332],[-117.7155768,34.0294956],[-117.7155768,34.0297967],[-117.717743,34.029781],[-117.7177428,34.0297721],[-117.7177277,34.0279169],[-117.7199143,34.0278952],[-117.7199284,34.0302096],[-117.7199455,34.031206],[-117.7199456,34.0312143],[-117.7194236,34.031217],[-117.7194205,34.031391],[-117.7194204,34.0314016],[-117.7199474,34.0313961],[-117.7199634,34.0333893],[-117.7210526,34.0333831],[-117.7221757,34.0333766],[-117.7243225,34.0333641],[-117.7243246,34.0335784],[-117.7243956,34.0406112],[-117.7244481,34.0406076],[-117.7245007,34.0406055],[-117.7245534,34.040605],[-117.7246061,34.040606],[-117.7246586,34.0406086],[-117.7247111,34.0406127],[-117.7247633,34.0406184],[-117.7248153,34.0406256],[-117.7248669,34.0406344],[-117.7249181,34.0406447],[-117.7249688,34.0406564],[-117.725019,34.0406697],[-117.7250686,34.0406845],[-117.7251175,34.0407007],[-117.7251657,34.0407183],[-117.7252131,34.0407374],[-117.7255961,34.040931],[-117.7256641,34.0409651],[-117.7257338,34.0409969],[-117.725805,34.0410263],[-117.7258776,34.0410532],[-117.7259777,34.0410842],[-117.7260273,34.0410996],[-117.7260353,34.0411014],[-117.7260549,34.0410473],[-117.7260546,34.0410473],[-117.7262053,34.0406297],[-117.7264102,34.0400616],[-117.7264156,34.0400466],[-117.7266088,34.0395109],[-117.726629,34.0394543],[-117.7267996,34.0389815],[-117.7273206,34.0375376],[-117.7273495,34.0374559],[-117.7273714,34.0373943],[-117.7273742,34.0373756],[-117.7273819,34.0373305],[-117.7275204,34.0365324],[-117.7276349,34.0358726],[-117.727635,34.0358719],[-117.7277524,34.0351954],[-117.7277596,34.0351538],[-117.7277599,34.0351521],[-117.7278906,34.0343989],[-117.7280069,34.0337289],[-117.728023,34.0336362],[-117.7280465,34.0334898],[-117.7280508,34.0334635],[-117.7280742,34.0333732],[-117.7280812,34.0333463],[-117.7280825,34.0333414],[-117.7281378,34.0330235],[-117.7283147,34.0320078],[-117.7283193,34.0319818],[-117.728328,34.0319314],[-117.7283987,34.0315255],[-117.7285536,34.0306465],[-117.7286615,34.0300338],[-117.7286972,34.0298312],[-117.7287207,34.0296979],[-117.7287004,34.029698],[-117.7288072,34.0290793],[-117.7289294,34.0283717],[-117.728969,34.028141],[-117.7290565,34.0276359],[-117.7292299,34.0266337],[-117.7292472,34.0265353],[-117.7292896,34.026288],[-117.7293234,34.0262356],[-117.7293705,34.0259457],[-117.7294185,34.0256501],[-117.7296012,34.0245255],[-117.7296697,34.0241035],[-117.729713,34.0238373],[-117.729728,34.0237449],[-117.7297308,34.0237286],[-117.7299869,34.0222482],[-117.7301375,34.0213766],[-117.7313036,34.0208023],[-117.7313498,34.0207796],[-117.7315449,34.0206835],[-117.7317354,34.0205896],[-117.7319056,34.0205058],[-117.7326197,34.0201543],[-117.7330401,34.0199474],[-117.7333234,34.019808],[-117.7340536,34.0194487],[-117.7340541,34.0194484],[-117.7341182,34.0194169],[-117.7351276,34.0189192],[-117.7351771,34.0188951],[-117.7354226,34.0187769],[-117.7306471,34.0188089],[-117.7304727,34.0188084],[-117.7302512,34.0193618],[-117.7301261,34.019659],[-117.7300009,34.0199154],[-117.7297372,34.0203835],[-117.7294368,34.0208619],[-117.7291945,34.0212763],[-117.728962,34.0216923],[-117.7288061,34.0219923],[-117.7287166,34.0221763],[-117.7286581,34.0223162],[-117.7286156,34.0224441],[-117.7286083,34.022466],[-117.7261929,34.022475],[-117.7242388,34.0224893],[-117.7242339,34.0238269],[-117.7242482,34.0250116],[-117.7242469,34.0250419],[-117.7228891,34.0254245],[-117.7220792,34.0256795],[-117.7216393,34.025809],[-117.7212725,34.0259416],[-117.7212718,34.026128],[-117.7198895,34.0261448],[-117.7198893,34.0261369],[-117.7198807,34.0247874],[-117.7191186,34.0243291],[-117.7183161,34.0238479],[-117.7176922,34.0234883],[-117.7176878,34.021395],[-117.7176745,34.0213951],[-117.7154934,34.0213998],[-117.715388,34.0214],[-117.7153992,34.0221363],[-117.7133086,34.020905],[-117.7133066,34.0207368],[-117.7133061,34.0207016],[-117.7132906,34.0190597],[-117.713291,34.018922],[-117.7154729,34.0189095],[-117.715454,34.0174139],[-117.715452,34.0171282],[-117.7153979,34.0125683],[-117.7164996,34.0125577],[-117.71649,34.0116431],[-117.7175791,34.0116363],[-117.7195727,34.0116247],[-117.7197521,34.0116226],[-117.7241166,34.011598],[-117.7262933,34.011584],[-117.7284707,34.0115699],[-117.7285532,34.0115693],[-117.7296885,34.0115606],[-117.7317523,34.0115433],[-117.732517,34.0115368],[-117.7324521,34.0114064],[-117.7326826,34.0112916],[-117.7328381,34.0112184],[-117.7328386,34.0112182],[-117.7333007,34.0110161],[-117.7332002,34.0109216],[-117.7295374,34.0074431],[-117.7291141,34.0070537],[-117.7291107,34.0070505],[-117.7281962,34.0062609],[-117.7278701,34.0059463],[-117.7272005,34.0055437],[-117.7262628,34.0045883],[-117.7258422,34.0042674],[-117.7254753,34.0039741],[-117.7250895,34.0036239],[-117.724776,34.0032671],[-117.7243754,34.0028317],[-117.7241202,34.0025288],[-117.7236409,34.0018985],[-117.7233959,34.001497],[-117.7230972,34.0010075],[-117.7229111,34.0006302],[-117.7228779,34.0005629],[-117.7228347,34.0004752],[-117.7225831,34.0000164],[-117.722353,33.9997135],[-117.7222599,33.9995834],[-117.722123,33.9993922],[-117.7219372,33.9990161],[-117.7219138,33.9989239],[-117.7218069,33.9985026],[-117.7217549,33.9981217],[-117.7215403,33.9974612],[-117.7213215,33.9969205],[-117.721139,33.9965244],[-117.721041,33.9963758],[-117.7208144,33.9960239],[-117.7202209,33.9951934],[-117.7194824,33.9942078],[-117.7191705,33.9938016],[-117.7184529,33.9930132],[-117.7165445,33.99111],[-117.7165472,33.9901977],[-117.716204,33.9898423],[-117.7209342,33.9898147],[-117.7209335,33.9897303],[-117.7209228,33.9884743],[-117.7209165,33.98765],[-117.7209121,33.9870479],[-117.7209116,33.9869786],[-117.7202849,33.986669],[-117.7194897,33.9862762],[-117.7173305,33.9862852],[-117.717331,33.9863536],[-117.7173413,33.9876454],[-117.7151981,33.9876542],[-117.7152933,33.9893165],[-117.7146661,33.9888758],[-117.7132487,33.9872075],[-117.7130454,33.9869683],[-117.7125074,33.986335],[-117.7117972,33.985499],[-117.7112009,33.9847971],[-117.7109393,33.9844986],[-117.7107803,33.9843173],[-117.7106298,33.9841707],[-117.7104171,33.9839637],[-117.7100554,33.9836351],[-117.70997,33.9835317],[-117.7097844,33.9833068],[-117.7095395,33.9831383],[-117.7094536,33.9830793],[-117.7089998,33.9826749],[-117.7089811,33.9826587],[-117.708915,33.9826645],[-117.7082767,33.9826685],[-117.7077353,33.9826718],[-117.7064077,33.9826801],[-117.7020514,33.9827035],[-117.7019581,33.982698],[-117.7018454,33.9826923],[-117.7017308,33.9826831],[-117.7016166,33.9826707],[-117.7014465,33.9826457],[-117.7013341,33.982625],[-117.700611,33.9824806],[-117.7002644,33.9824444],[-117.700243,33.9824429],[-117.7002232,33.9824415],[-117.7001985,33.9824397],[-117.7001688,33.9824383],[-117.7001606,33.9824379],[-117.700149,33.9824372],[-117.7001325,33.9824365],[-117.7001078,33.982435],[-117.7000913,33.9824347],[-117.7000666,33.9824336],[-117.7000501,33.9824328],[-117.7000286,33.9824324],[-117.7000088,33.9824317],[-117.6999841,33.9824313],[-117.6999676,33.9824309],[-117.6999429,33.9824305],[-117.6999214,33.9824301],[-117.6998967,33.9824301],[-117.6998687,33.98243],[-117.6998439,33.9824299],[-117.6998142,33.9824302],[-117.6997911,33.9824305],[-117.6997664,33.9824308],[-117.6997417,33.9824314],[-117.6997202,33.9824317],[-117.6996955,33.9824326],[-117.6996707,33.9824333],[-117.6996509,33.9824343],[-117.6996344,33.9824349],[-117.6996048,33.9824362],[-117.6995767,33.9824375],[-117.6995305,33.9824401],[-117.699486,33.9824431],[-117.6994315,33.9824468],[-117.6993952,33.9824498],[-117.6993705,33.9824521],[-117.6993458,33.9824544],[-117.6993177,33.9824571],[-117.6992963,33.9824591],[-117.6992814,33.9824608],[-117.6992517,33.9824642],[-117.6992319,33.9824662],[-117.6992039,33.9824695],[-117.6991709,33.9824736],[-117.6991296,33.982479],[-117.6990818,33.9824857],[-117.6990125,33.9824962],[-117.6989514,33.982506],[-117.6988887,33.9825168],[-117.6987765,33.9825361],[-117.6986873,33.9825514],[-117.6986081,33.9825649],[-117.6984761,33.9825876],[-117.698387,33.9826028],[-117.6982797,33.9826211],[-117.6981857,33.982637],[-117.6980949,33.9826526],[-117.6980223,33.9826651],[-117.6979662,33.9826743],[-117.6979018,33.9826841],[-117.6978408,33.9826925],[-117.6977946,33.9826982],[-117.6977467,33.9827039],[-117.6977055,33.9827086],[-117.6976692,33.9827123],[-117.6976312,33.982716],[-117.6975817,33.9827204],[-117.6975421,33.9827237],[-117.6975009,33.9827267],[-117.6974596,33.9827293],[-117.6973772,33.9827339],[-117.6972657,33.9827353],[-117.6972637,33.9821758],[-117.6971813,33.9820095],[-117.6971444,33.9819588],[-117.6970614,33.9817447],[-117.6970592,33.9816942],[-117.6969912,33.9815814],[-117.6969898,33.9815154],[-117.6969664,33.9814192],[-117.696917,33.9813274],[-117.6969079,33.9813144],[-117.696835,33.9812527],[-117.6967991,33.9812463],[-117.6966465,33.9812507],[-117.6963233,33.9811243],[-117.696065,33.980931],[-117.6960331,33.9808964],[-117.6959785,33.9806999],[-117.6959826,33.9806049],[-117.6959639,33.9805621],[-117.6958233,33.9804205],[-117.6951328,33.9798385],[-117.6947391,33.9795063],[-117.6947358,33.9795068],[-117.6947171,33.9794961],[-117.6941786,33.9793419],[-117.6940282,33.9792988],[-117.6940235,33.9792975],[-117.6936524,33.9788252],[-117.69362,33.978784],[-117.6936197,33.9787837],[-117.6933022,33.9785764],[-117.6926628,33.9779871],[-117.6919356,33.9775164],[-117.6917178,33.9771452],[-117.6917059,33.9771249],[-117.6916349,33.9770039],[-117.6916085,33.9769589],[-117.6915799,33.9769103],[-117.69157,33.9769064],[-117.6914974,33.9768782],[-117.6913943,33.9768382],[-117.6913035,33.9768029],[-117.691272,33.9767906],[-117.6912606,33.9766477],[-117.6912574,33.9766084],[-117.6912342,33.9763177],[-117.6912342,33.9763169],[-117.691234,33.9763152],[-117.691233,33.9763005],[-117.6912287,33.9762381],[-117.6912257,33.9761942],[-117.6912174,33.9760732],[-117.6912169,33.9760668],[-117.6910186,33.9757348],[-117.6910235,33.97573],[-117.6911084,33.9756448],[-117.6912022,33.9755509],[-117.6912454,33.9755077],[-117.6912068,33.9755071],[-117.6911069,33.9755055],[-117.6909573,33.9755032],[-117.6907606,33.9755002],[-117.6907612,33.9753188],[-117.690584,33.9751264],[-117.6904367,33.9749516],[-117.6904291,33.9749397],[-117.6903905,33.9748793],[-117.6902794,33.9747056],[-117.6900754,33.9743866],[-117.6896651,33.97393],[-117.6896073,33.9738657],[-117.6894459,33.9738045],[-117.6894189,33.9738085],[-117.6891766,33.9738438],[-117.6888872,33.973886],[-117.6887677,33.9739034],[-117.6887634,33.973898],[-117.6887629,33.9738981],[-117.6885341,33.9736146],[-117.6880882,33.9730556],[-117.6878087,33.9727053],[-117.687291,33.9726958],[-117.6870804,33.9722464],[-117.6872863,33.9714265],[-117.6858143,33.9707707],[-117.6854571,33.9704631],[-117.685027,33.9703303],[-117.6847586,33.9696456],[-117.6841653,33.9695294],[-117.6838032,33.9690717],[-117.6834397,33.9690058],[-117.6833757,33.9689396],[-117.6829284,33.9680445],[-117.682658,33.9675035],[-117.681973,33.9670627],[-117.6819156,33.9664051],[-117.6817139,33.9665285],[-117.6811969,33.9657964],[-117.6810644,33.9656088],[-117.6811221,33.9649648],[-117.6809771,33.9646615],[-117.6808532,33.9644098],[-117.6805057,33.9637046],[-117.6803922,33.963474],[-117.6797624,33.9631073],[-117.6794185,33.962411],[-117.6779768,33.9615843],[-117.6769961,33.961529],[-117.6764524,33.9609685],[-117.6757241,33.9607831],[-117.6753269,33.9602005],[-117.6748246,33.95999],[-117.6746322,33.9587362],[-117.6743904,33.9586412],[-117.673905,33.9584181],[-117.6743019,33.9576633],[-117.6735561,33.9569998],[-117.6732828,33.9559228],[-117.6734728,33.9558074],[-117.6744019,33.9552429],[-117.6731253,33.9537894],[-117.6713612,33.9548535],[-117.670071,33.953389],[-117.6687821,33.9519257],[-117.6662314,33.9490436],[-117.669889,33.9480576],[-117.6703115,33.9479434],[-117.6727855,33.947275],[-117.6728047,33.9467657],[-117.6728369,33.9459107],[-117.6728464,33.9456593],[-117.6722304,33.9448743],[-117.6716365,33.9441176],[-117.6714927,33.9439577],[-117.6700723,33.9423787],[-117.6694081,33.9416746],[-117.6671014,33.9392292],[-117.6670239,33.9391471],[-117.6670202,33.9391437],[-117.6667552,33.9389027],[-117.665578,33.937832],[-117.6636221,33.9354964],[-117.662461,33.9341098],[-117.661374,33.9328117],[-117.6606782,33.932063],[-117.6602681,33.931593],[-117.6598247,33.9310848],[-117.6594771,33.9306863],[-117.6594723,33.9306808],[-117.6592828,33.9304862],[-117.6590051,33.9302011],[-117.6588386,33.9300301],[-117.6578083,33.928972],[-117.6571246,33.9276012],[-117.6570433,33.9274536],[-117.6564599,33.9263941],[-117.6556372,33.9249],[-117.6556211,33.9248709],[-117.6553082,33.9243606],[-117.6553074,33.9248553],[-117.6335165,33.9245174],[-117.6154486,33.9242311],[-117.6154365,33.9242309],[-117.6154365,33.9242347],[-117.6153376,33.9242331],[-117.6110958,33.9241654],[-117.6109971,33.9241638],[-117.610997,33.9241638],[-117.6109969,33.9241638],[-117.6109969,33.9241638],[-117.6109969,33.9242462],[-117.6109969,33.9244166],[-117.6109969,33.924482],[-117.6109969,33.9245477],[-117.6109968,33.9246622],[-117.6109968,33.9247931],[-117.6109968,33.9248587],[-117.6109968,33.9249405],[-117.6109968,33.9250223],[-117.6109967,33.9251041],[-117.6109967,33.9251859],[-117.6109967,33.9252836],[-117.6109967,33.9253981],[-117.6109967,33.9255127],[-117.6109966,33.9256438],[-117.6109966,33.9257744],[-117.6109966,33.9259051],[-117.6109966,33.9260196],[-117.6109965,33.9261177],[-117.6109965,33.926265],[-117.6109965,33.9264617],[-117.6109965,33.9265435],[-117.6109964,33.9266585],[-117.6109964,33.9267566],[-117.6109964,33.9268384],[-117.6109964,33.9269529],[-117.6109963,33.927084],[-117.6109963,33.9271497],[-117.6109963,33.9271678],[-117.6109963,33.9272479],[-117.6109963,33.9273624],[-117.6109963,33.9274932],[-117.6109962,33.9275914],[-117.6109962,33.9276896],[-117.6109962,33.9277714],[-117.6109962,33.9278695],[-117.6109962,33.9279513],[-117.6109961,33.9280822],[-117.6109961,33.9283603],[-117.610996,33.9285568],[-117.610996,33.9286714],[-117.610996,33.9288349],[-117.6109959,33.9290149],[-117.6109959,33.9291949],[-117.6109959,33.9294403],[-117.6109958,33.9295899],[-117.6109958,33.9296023],[-117.6109958,33.9296187],[-117.6109958,33.9296202],[-117.6109958,33.9296514],[-117.6109958,33.9297005],[-117.6109958,33.9297674],[-117.6109958,33.9297825],[-117.6109958,33.9298316],[-117.6109958,33.929882],[-117.6109957,33.9299463],[-117.6109957,33.9299627],[-117.6109957,33.9300281],[-117.6109957,33.9300292],[-117.6109957,33.9300936],[-117.6109957,33.9301601],[-117.6109957,33.9301917],[-117.6109957,33.9302092],[-117.6109957,33.9302419],[-117.6109957,33.9302731],[-117.6109957,33.9303073],[-117.6109957,33.9303222],[-117.6109957,33.9303712],[-117.6109957,33.9303727],[-117.6109957,33.9304083],[-117.6109957,33.9304199],[-117.6109957,33.9304201],[-117.6109957,33.9304218],[-117.6109957,33.9304362],[-117.6109956,33.930453],[-117.6109956,33.9305036],[-117.6109956,33.930518],[-117.6109956,33.9305512],[-117.6109956,33.9305691],[-117.6109956,33.9305835],[-117.6109956,33.9306003],[-117.6109956,33.9306181],[-117.6109956,33.9306345],[-117.6109956,33.9306659],[-117.6109956,33.9306814],[-117.6109956,33.9306836],[-117.6109956,33.9306999],[-117.6109956,33.930715],[-117.6109956,33.9307477],[-117.6109956,33.930749],[-117.6109956,33.9307632],[-117.6109956,33.9307817],[-117.6109956,33.9307959],[-117.6109956,33.9307968],[-117.6109956,33.9308132],[-117.6109956,33.9308459],[-117.6109956,33.9308614],[-117.6109956,33.9308799],[-117.6109956,33.930895],[-117.6109956,33.9308963],[-117.6109956,33.9309126],[-117.6109955,33.930929],[-117.6109955,33.9309432],[-117.6109955,33.9309455],[-117.6109955,33.9309486],[-117.6109955,33.93096],[-117.6109955,33.931025],[-117.6109955,33.9310418],[-117.6109955,33.9311068],[-117.6109955,33.9311397],[-117.6109955,33.9311886],[-117.6109955,33.9312213],[-117.6109955,33.9312215],[-117.6109954,33.9314191],[-117.6109954,33.9316053],[-117.6109954,33.9316878],[-117.6109954,33.9316878],[-117.6109954,33.9317016],[-117.6109954,33.9317722],[-117.6109953,33.9325705],[-117.6109952,33.9333851],[-117.610995,33.9354154],[-117.6109949,33.9356112],[-117.6109948,33.9368711],[-117.6109946,33.9389279],[-117.6109946,33.9390573],[-117.6109947,33.9391552],[-117.6109969,33.9412768],[-117.6109976,33.941965],[-117.6109977,33.9419962],[-117.6109984,33.9426784],[-117.6109984,33.9426785],[-117.6110003,33.9445225],[-117.6110005,33.9446845],[-117.6110006,33.9447682],[-117.6110006,33.9448074],[-117.6110016,33.9457159],[-117.6110022,33.9462759],[-117.6110016,33.9470991],[-117.6110016,33.947134],[-117.6110016,33.9471612],[-117.6110016,33.9471923],[-117.6110015,33.9472117],[-117.6110015,33.9472273],[-117.6110015,33.9472583],[-117.6110015,33.9472816],[-117.6110015,33.947305],[-117.6110015,33.9473283],[-117.6110014,33.9473748],[-117.6110014,33.9474175],[-117.6110014,33.9474601],[-117.6110013,33.9475106],[-117.6110013,33.9475572],[-117.6110013,33.9475844],[-117.6110013,33.9476271],[-117.6110012,33.9476698],[-117.6110012,33.9477164],[-117.6110012,33.9477475],[-117.6110012,33.9477864],[-117.6110011,33.9478136],[-117.6110011,33.9478525],[-117.6110011,33.947899],[-117.6110011,33.9479417],[-117.611001,33.9479689],[-117.611001,33.9479882],[-117.611001,33.9480191],[-117.611001,33.9480788],[-117.611001,33.948091],[-117.6110009,33.9481583],[-117.6110009,33.9481874],[-117.6110009,33.9482047],[-117.6110009,33.9482141],[-117.6110009,33.9482236],[-117.6110009,33.9482393],[-117.6110008,33.9482597],[-117.6110007,33.9484759],[-117.6110007,33.9485317],[-117.6110007,33.9485332],[-117.6110006,33.9485489],[-117.6110006,33.9485867],[-117.6110006,33.9486039],[-117.6110006,33.9486193],[-117.6110006,33.9486275],[-117.6110006,33.9486527],[-117.6110006,33.9486732],[-117.6110006,33.9486863],[-117.6110006,33.9486904],[-117.6110005,33.9487062],[-117.6110005,33.9487234],[-117.6110005,33.9487341],[-117.6110005,33.9487344],[-117.6110005,33.9487502],[-117.6110005,33.9487737],[-117.6110005,33.9487847],[-117.6110005,33.948791],[-117.6110005,33.9487989],[-117.6110005,33.9488099],[-117.6110005,33.9488107],[-117.6110005,33.9488209],[-117.6110005,33.9488319],[-117.6110004,33.9488492],[-117.6110004,33.9488618],[-117.6110004,33.9488681],[-117.6110004,33.9488775],[-117.6110004,33.9488869],[-117.6110004,33.9489026],[-117.6110004,33.9489151],[-117.6110004,33.9489214],[-117.6110004,33.9489255],[-117.6110004,33.9489324],[-117.6110004,33.9489387],[-117.6110004,33.9489497],[-117.6110004,33.9489542],[-117.6110004,33.948956],[-117.6110004,33.9489576],[-117.6110003,33.9490307],[-117.6110003,33.9490881],[-117.6110003,33.9491262],[-117.6110002,33.9491549],[-117.6110002,33.9491836],[-117.6110002,33.9491932],[-117.6110002,33.9492312],[-117.6110002,33.9492599],[-117.6110001,33.9492981],[-117.6110001,33.9493174],[-117.611,33.9495189],[-117.611,33.9495317],[-117.6109999,33.9496523],[-117.6109999,33.9497096],[-117.6109998,33.9497766],[-117.6109998,33.9498246],[-117.6109998,33.9498628],[-117.6109997,33.9498915],[-117.6109997,33.9499584],[-117.6109996,33.9500351],[-117.6109995,33.9501867],[-117.6109994,33.9504676],[-117.6109991,33.950812],[-117.6109991,33.9508134],[-117.610999,33.9509916],[-117.610999,33.9510396],[-117.6109989,33.9510971],[-117.6109989,33.9511736],[-117.6109988,33.9512501],[-117.6109988,33.9513171],[-117.6109987,33.9513936],[-117.6109987,33.951451],[-117.6109987,33.9515084],[-117.6109986,33.9515945],[-117.6109986,33.9516615],[-117.6109985,33.9516807],[-117.6109985,33.9516998],[-117.6109985,33.9517285],[-117.6109985,33.9517572],[-117.6109985,33.9517667],[-117.6109985,33.9517954],[-117.6109985,33.9518241],[-117.6109984,33.9518431],[-117.6109984,33.9518814],[-117.6109984,33.9519196],[-117.6109984,33.9519386],[-117.6109984,33.9519578],[-117.6109983,33.9519769],[-117.6109983,33.9520151],[-117.6109982,33.952172],[-117.6109981,33.9523215],[-117.6109981,33.9523409],[-117.6109981,33.9523597],[-117.6109981,33.9523887],[-117.6109981,33.9524075],[-117.6109981,33.9524078],[-117.6109981,33.9524174],[-117.610998,33.9524461],[-117.610998,33.9524745],[-117.610998,33.9525032],[-117.610998,33.9525034],[-117.610998,33.9525319],[-117.6109979,33.9525798],[-117.6109979,33.9526085],[-117.6109979,33.9526182],[-117.6109979,33.9526278],[-117.6109979,33.9526375],[-117.6109979,33.9526852],[-117.6109978,33.952733],[-117.6109978,33.9527521],[-117.6109978,33.9527617],[-117.6109978,33.9527711],[-117.6109978,33.9527902],[-117.6109978,33.9527998],[-117.6109975,33.9531822],[-117.6109974,33.9533455],[-117.6109973,33.9535296],[-117.6109973,33.9535309],[-117.6109973,33.9535389],[-117.6109972,33.9536094],[-117.6109965,33.9539385],[-117.6109964,33.9540053],[-117.6109963,33.9540529],[-117.6109962,33.9540912],[-117.6109962,33.9541103],[-117.6109961,33.9541487],[-117.6109961,33.9541679],[-117.610996,33.9541965],[-117.610996,33.9542252],[-117.6109959,33.9542348],[-117.6109959,33.9542539],[-117.6109958,33.9543016],[-117.6109958,33.9543303],[-117.6109957,33.9543399],[-117.6109957,33.9543494],[-117.6109956,33.9544068],[-117.6109951,33.9546653],[-117.610995,33.9547227],[-117.6109949,33.9547514],[-117.6109949,33.9547897],[-117.6109948,33.9548088],[-117.6109948,33.9548279],[-117.6109947,33.9548757],[-117.6109946,33.9549425],[-117.6109945,33.9550093],[-117.6109944,33.9550476],[-117.6109942,33.9551241],[-117.6109941,33.9551721],[-117.6109941,33.9551912],[-117.610994,33.95522],[-117.6109939,33.9552775],[-117.6109938,33.9553612],[-117.6109938,33.9553693],[-117.6109934,33.9555354],[-117.6109933,33.9555832],[-117.6109933,33.9556216],[-117.6109932,33.9556601],[-117.6109931,33.9556888],[-117.6109931,33.9557271],[-117.610993,33.9557845],[-117.6109928,33.9558704],[-117.6109927,33.9559184],[-117.6109926,33.9559853],[-117.6109925,33.9560331],[-117.6109924,33.9560524],[-117.6109924,33.9560906],[-117.6109923,33.9561385],[-117.610992,33.9562892],[-117.6109914,33.9565403],[-117.6109913,33.9565808],[-117.6109901,33.9571088],[-117.6109901,33.9571112],[-117.6109903,33.9571412],[-117.6109903,33.9571427],[-117.6109903,33.9571523],[-117.6109903,33.9571618],[-117.6109903,33.9571811],[-117.6109902,33.9571907],[-117.6109902,33.9572193],[-117.6109902,33.9572248],[-117.6109901,33.957267],[-117.61099,33.9573244],[-117.6109899,33.9573722],[-117.6109898,33.9574009],[-117.6109897,33.9574487],[-117.6109897,33.9574966],[-117.6109896,33.9575444],[-117.6109895,33.9575731],[-117.6109895,33.9575922],[-117.6109894,33.9576113],[-117.6109894,33.9576305],[-117.6109894,33.9576496],[-117.6109893,33.9576878],[-117.6109892,33.9577358],[-117.6109892,33.9577552],[-117.6109891,33.957803],[-117.6109889,33.95787],[-117.6109888,33.9579179],[-117.6109888,33.9579371],[-117.6109887,33.9579946],[-117.6109886,33.958033],[-117.6109886,33.9580426],[-117.6109885,33.9580712],[-117.6109884,33.9581381],[-117.6109884,33.9581677],[-117.6109883,33.9581742],[-117.6109833,33.9598499],[-117.6109829,33.9599193],[-117.6109848,33.9599826],[-117.6109848,33.9599967],[-117.6109846,33.9600636],[-117.6109847,33.9600662],[-117.6109849,33.9601498],[-117.610985,33.9601678],[-117.6109866,33.9607724],[-117.6109896,33.9617262],[-117.6109898,33.9618098],[-117.6109898,33.9618133],[-117.6109901,33.9618934],[-117.6109944,33.963351],[-117.6109946,33.9634354],[-117.6109946,33.9634385],[-117.6109949,33.9635197],[-117.6109979,33.9645699],[-117.6109982,33.9646535],[-117.6109985,33.9650143],[-117.610996,33.9658336],[-117.610996,33.965839],[-117.610994,33.9665325],[-117.610994,33.9665326],[-117.610994,33.9665372],[-117.610994,33.9665751],[-117.6109941,33.9665946],[-117.6109941,33.9666134],[-117.6109942,33.9666516],[-117.6109942,33.9666807],[-117.6109942,33.9666995],[-117.6109943,33.9667186],[-117.6109943,33.9667473],[-117.6109943,33.9667572],[-117.6109944,33.9667951],[-117.6109944,33.9667955],[-117.6109944,33.9668334],[-117.6109945,33.9668624],[-117.6109945,33.9669003],[-117.6109945,33.9669198],[-117.6109946,33.9669577],[-117.6109947,33.9669963],[-117.6109947,33.9670055],[-117.6109947,33.967025],[-117.6109947,33.9670534],[-117.6109948,33.9670918],[-117.6109948,33.96713],[-117.6109949,33.9671684],[-117.6109949,33.9671875],[-117.610995,33.9672066],[-117.610995,33.9672256],[-117.610995,33.9672257],[-117.610995,33.9672543],[-117.6109951,33.9672734],[-117.6109951,33.9672737],[-117.6109952,33.9673403],[-117.6109952,33.9673406],[-117.6109952,33.9673783],[-117.6109952,33.9673789],[-117.6109952,33.967379],[-117.6109952,33.9674077],[-117.6109953,33.9674355],[-117.6109953,33.9674459],[-117.6109953,33.9674651],[-117.6109953,33.9674737],[-117.6109954,33.9674938],[-117.6109954,33.967512],[-117.6109954,33.9675225],[-117.6109954,33.9675312],[-117.6109955,33.9675695],[-117.6109955,33.9675798],[-117.6109955,33.967599],[-117.6109955,33.9676173],[-117.6109956,33.9676181],[-117.6109956,33.9676364],[-117.6109956,33.9676556],[-117.6109956,33.9676659],[-117.6109956,33.9676748],[-117.6109957,33.9677035],[-117.6109957,33.9677233],[-117.6109957,33.9677418],[-117.6109958,33.967761],[-117.6109958,33.9677616],[-117.6109958,33.9677903],[-117.6109958,33.9678087],[-117.6109959,33.9678278],[-117.6109959,33.9678285],[-117.6109959,33.9678565],[-117.6109959,33.9678948],[-117.6109959,33.9678954],[-117.610996,33.9679513],[-117.610996,33.9679606],[-117.6109961,33.9679702],[-117.6109962,33.9680388],[-117.6109961,33.968043],[-117.6109959,33.9680581],[-117.6109952,33.9681251],[-117.6109946,33.96818],[-117.6109946,33.9681802],[-117.6109946,33.9681804],[-117.6109946,33.9681806],[-117.6109946,33.9681808],[-117.6109946,33.968181],[-117.6109945,33.968191],[-117.6109945,33.9681912],[-117.6109943,33.9682103],[-117.6109941,33.9682295],[-117.6109937,33.9682677],[-117.6109933,33.968306],[-117.610993,33.9683347],[-117.6109926,33.9683729],[-117.6109921,33.9684185],[-117.6109919,33.9684305],[-117.6109914,33.9684783],[-117.610991,33.9685165],[-117.6109907,33.9685454],[-117.6109902,33.9685935],[-117.6109899,33.9686222],[-117.6109896,33.9686508],[-117.6109892,33.9686891],[-117.6109888,33.9687178],[-117.6109883,33.9687656],[-117.610988,33.9687943],[-117.6109878,33.9688134],[-117.6109873,33.9688612],[-117.6109867,33.9689186],[-117.6109865,33.9689379],[-117.610986,33.9689857],[-117.6109851,33.9690622],[-117.6109847,33.9691005],[-117.6109846,33.96911],[-117.6109841,33.9691579],[-117.6109832,33.9692441],[-117.6109825,33.9693111],[-117.6109819,33.9693589],[-117.6109816,33.9693876],[-117.610981,33.9694449],[-117.6109805,33.9694928],[-117.6109799,33.9695501],[-117.6109794,33.9695979],[-117.6109786,33.9696744],[-117.6109779,33.9697318],[-117.6109776,33.9697605],[-117.6109769,33.9698274],[-117.6109761,33.9699039],[-117.6109754,33.9699709],[-117.6109746,33.9700378],[-117.6109738,33.9701143],[-117.6109732,33.9701717],[-117.6109727,33.9702205],[-117.6109725,33.9702386],[-117.6109722,33.9702684],[-117.610972,33.9702875],[-117.6109715,33.9703257],[-117.6109714,33.9703438],[-117.6109707,33.9704022],[-117.6109705,33.9704203],[-117.6109702,33.97045],[-117.6109699,33.9704785],[-117.6109698,33.9704874],[-117.6109696,33.9705072],[-117.6109689,33.9705735],[-117.6109689,33.9705741],[-117.6109683,33.9706315],[-117.6109675,33.970698],[-117.6109675,33.9706985],[-117.6109662,33.9708225],[-117.6109661,33.9708323],[-117.6109655,33.9708895],[-117.6109651,33.9709279],[-117.6109647,33.970966],[-117.6109644,33.9709853],[-117.6109638,33.9710427],[-117.6109637,33.971052],[-117.6109629,33.9711285],[-117.6109629,33.9711288],[-117.6109626,33.9711572],[-117.6109625,33.9711668],[-117.6109623,33.9711861],[-117.610962,33.9712148],[-117.6109619,33.9712244],[-117.6109618,33.9712337],[-117.6109618,33.9712339],[-117.6109617,33.9712435],[-117.6109615,33.9712626],[-117.610961,33.9713104],[-117.6109607,33.9713294],[-117.6109603,33.9713678],[-117.6109602,33.9713772],[-117.6109596,33.9714348],[-117.6109594,33.9714539],[-117.6109592,33.971473],[-117.6109591,33.9714826],[-117.610959,33.9714921],[-117.6109589,33.9715017],[-117.6109588,33.9715112],[-117.6109588,33.9715117],[-117.6109587,33.9715212],[-117.6109586,33.9715304],[-117.6109585,33.9715399],[-117.6109583,33.9715595],[-117.6109582,33.9715686],[-117.6109582,33.971569],[-117.6109581,33.9715709],[-117.6109578,33.9716073],[-117.6109574,33.9716358],[-117.6109574,33.971636],[-117.6109573,33.9716455],[-117.6109565,33.9717201],[-117.6109556,33.9718065],[-117.6109555,33.9718122],[-117.6108653,33.9718408],[-117.6107738,33.9718697],[-117.610771,33.9718706],[-117.6107417,33.9718799],[-117.6107106,33.9718898],[-117.610658,33.9719065],[-117.6106185,33.971919],[-117.6106053,33.9719231],[-117.610579,33.9719315],[-117.6105563,33.9719387],[-117.6105431,33.9719428],[-117.61053,33.971947],[-117.6105168,33.9719512],[-117.6104905,33.9719595],[-117.6104809,33.9719625],[-117.6104629,33.9719682],[-117.6104366,33.9719766],[-117.6104055,33.9719864],[-117.6103529,33.9720031],[-117.6102644,33.9720311],[-117.6102284,33.9720425],[-117.6102021,33.9720509],[-117.6101579,33.9720649],[-117.6101399,33.9720706],[-117.6100777,33.9720903],[-117.6100597,33.972096],[-117.6099664,33.9721256],[-117.6098875,33.9721506],[-117.609848,33.9721631],[-117.6097906,33.9721812],[-117.6097367,33.9721983],[-117.6096745,33.972218],[-117.6096613,33.9722222],[-117.6096293,33.9722323],[-117.6096219,33.9722347],[-117.6095956,33.972243],[-117.6095644,33.9722529],[-117.6095285,33.9722643],[-117.6094387,33.9722927],[-117.6094028,33.9723041],[-117.6093848,33.9723098],[-117.6093717,33.972314],[-117.6093406,33.9723238],[-117.609252,33.9723519],[-117.6091719,33.9723773],[-117.6091443,33.972386],[-117.609118,33.9723943],[-117.6090737,33.9724084],[-117.6090079,33.9724292],[-117.6089159,33.9724584],[-117.6088238,33.9724875],[-117.6087712,33.9725042],[-117.608758,33.9725084],[-117.6086743,33.9725349],[-117.6086288,33.9725493],[-117.6085749,33.9725664],[-117.6085617,33.9725706],[-117.6085175,33.9725846],[-117.608478,33.9725971],[-117.6081467,33.972702],[-117.6079828,33.9727539],[-117.6079288,33.9727711],[-117.6078583,33.9727934],[-117.6078188,33.9728059],[-117.6077219,33.9728366],[-117.6076382,33.9728631],[-117.6076023,33.9728745],[-117.6075628,33.972887],[-117.6075352,33.9728957],[-117.6074862,33.9729113],[-117.6073941,33.9729405],[-117.6073546,33.972953],[-117.6072972,33.9729712],[-117.6072398,33.9729893],[-117.6072087,33.9729992],[-117.6071859,33.9730064],[-117.6071763,33.9730095],[-117.6071452,33.9730193],[-117.6071272,33.973025],[-117.6070518,33.9730489],[-117.6069979,33.973066],[-117.6069716,33.9730743],[-117.6069668,33.9730758],[-117.6069011,33.9730966],[-117.6068125,33.9731247],[-117.6067994,33.9731289],[-117.6067551,33.9731429],[-117.6067156,33.9731554],[-117.6066918,33.9731629],[-117.6066893,33.9731637],[-117.6066534,33.9731751],[-117.6066175,33.9731865],[-117.6065601,33.9732047],[-117.6065158,33.9732187],[-117.6064404,33.9732426],[-117.6063304,33.9732774],[-117.6062682,33.9732971],[-117.6062107,33.9733153],[-117.6054114,33.9735685],[-117.6053803,33.9735784],[-117.605354,33.9735867],[-117.6053013,33.9736034],[-117.605275,33.9736117],[-117.6052487,33.9736201],[-117.6052356,33.9736242],[-117.6052224,33.9736284],[-117.6051961,33.9736367],[-117.6051124,33.9736633],[-117.6050203,33.9736924],[-117.6050071,33.9736966],[-117.6049844,33.9737038],[-117.60497,33.9737084],[-117.6049388,33.9737182],[-117.6049244,33.9737228],[-117.6048933,33.9737326],[-117.6048407,33.9737493],[-117.6048275,33.9737535],[-117.6047964,33.9737633],[-117.6047833,33.9737675],[-117.6047522,33.9737774],[-117.604739,33.9737815],[-117.604721,33.9737872],[-117.6047079,33.9737914],[-117.6046947,33.9737955],[-117.6046899,33.9737971],[-117.6046768,33.9738012],[-117.6046505,33.9738096],[-117.6045584,33.9738387],[-117.6045189,33.9738512],[-117.6045058,33.9738554],[-117.6044615,33.9738694],[-117.6044352,33.9738778],[-117.604422,33.9738819],[-117.6043813,33.9738948],[-117.6043226,33.9739134],[-117.6043178,33.9739149],[-117.6043047,33.9739191],[-117.6042915,33.9739233],[-117.6042784,33.9739274],[-117.6042521,33.9739358],[-117.6041539,33.9739669],[-117.6041228,33.9739767],[-117.6041096,33.9739809],[-117.6040965,33.973985],[-117.6040833,33.9739892],[-117.6040702,33.9739934],[-117.6040654,33.9739949],[-117.6040474,33.9740006],[-117.6040342,33.9740048],[-117.6040294,33.9740063],[-117.6040163,33.9740104],[-117.6040031,33.9740146],[-117.6039852,33.9740203],[-117.603972,33.9740245],[-117.6038883,33.974051],[-117.6038751,33.9740552],[-117.603862,33.9740593],[-117.6038357,33.9740677],[-117.6038046,33.9740775],[-117.6037914,33.9740817],[-117.6037782,33.9740858],[-117.6037734,33.9740874],[-117.6037686,33.9740889],[-117.6037459,33.9740961],[-117.6037279,33.9741018],[-117.6037231,33.9741033],[-117.6037099,33.9741075],[-117.6036968,33.9741116],[-117.6036836,33.9741158],[-117.6036705,33.97412],[-117.6036573,33.9741241],[-117.6036442,33.9741283],[-117.6036394,33.9741298],[-117.6036262,33.974134],[-117.6036131,33.9741382],[-117.6035999,33.9741423],[-117.6035868,33.9741465],[-117.6035736,33.9741507],[-117.6035604,33.9741548],[-117.6035473,33.974159],[-117.6035341,33.9741632],[-117.6035078,33.9741715],[-117.6034947,33.9741757],[-117.603397,33.9742066],[-117.603365,33.9742167],[-117.6032794,33.9742439],[-117.6018902,33.9746839],[-117.6016013,33.9747719],[-117.6013194,33.9748578],[-117.6012229,33.9748872],[-117.601074,33.9749326],[-117.6006619,33.9750582],[-117.6005104,33.9751044],[-117.6003248,33.975161],[-117.6000569,33.9752426],[-117.5999848,33.9752645],[-117.5998493,33.9753059]]]]}},
{"type":"Feature","properties":{"CITY":"Chino Hills","COUNTY":"San Bernardino"},"geometry":{"type":"MultiPolygon","coordinates":[[[[-117.7447227,34.0199634],[-117.7468635,34.0202745],[-117.7471604,34.0203208],[-117.7473871,34.0203561],[-117.7474328,34.0203633],[-117.7474377,34.020364],[-117.7476239,34.0203931],[-117.7478115,34.0204223],[-117.748288,34.0204966],[-117.7487703,34.0205719],[-117.7488713,34.0205884],[-117.7489911,34.020608],[-117.7489941,34.0206085],[-117.7489975,34.0206078],[-117.749,34.0206074],[-117.7490006,34.0206073],[-117.7490224,34.0206108],[-117.7490446,34.0206143],[-117.7493924,34.0206688],[-117.7499254,34.0207516],[-117.7501044,34.0207795],[-117.7504455,34.0208326],[-117.750453,34.0208337],[-117.7505319,34.020846],[-117.7522475,34.0211134],[-117.7522588,34.0211152],[-117.7527033,34.0211845],[-117.7527236,34.0211876],[-117.7528045,34.0212004],[-117.752813,34.0212017],[-117.7528934,34.0212145],[-117.7532346,34.0212676],[-117.7535758,34.0213207],[-117.7536316,34.0213294],[-117.7536364,34.0213301],[-117.7537176,34.0213427],[-117.753741,34.0213463],[-117.7543387,34.0214394],[-117.7551607,34.0215674],[-117.7572533,34.0218932],[-117.75797,34.022005],[-117.7583391,34.0220627],[-117.7585376,34.0220936],[-117.7639856,34.0229421],[-117.7639275,34.0229463],[-117.765892,34.0232389],[-117.7662453,34.023294],[-117.7663249,34.0233063],[-117.7676696,34.0235156],[-117.7676696,34.0235051],[-117.7676696,34.0235011],[-117.7676697,34.0235012],[-117.7676696,34.0234955],[-117.76767,34.0231274],[-117.767669,34.0231235],[-117.7676692,34.0230808],[-117.7676692,34.0230683],[-117.7676693,34.0230649],[-117.7676699,34.0227208],[-117.767669,34.022358],[-117.767669,34.0223401],[-117.767669,34.0223253],[-117.767669,34.0223105],[-117.767668,34.0212691],[-117.7676673,34.0209603],[-117.7676672,34.0209062],[-117.7676672,34.0208996],[-117.7676672,34.0208785],[-117.7676671,34.0208448],[-117.7676671,34.0208178],[-117.7676661,34.0202104],[-117.7676661,34.0202044],[-117.7676661,34.020188],[-117.7676661,34.020183],[-117.7676653,34.0196932],[-117.7676659,34.0196102],[-117.7676661,34.0195763],[-117.7676664,34.0195283],[-117.7676664,34.0195277],[-117.7676664,34.0194152],[-117.7676664,34.0193909],[-117.7676662,34.0193891],[-117.7672604,34.0139124],[-117.7670733,34.011387],[-117.7670536,34.0112277],[-117.7670507,34.0112048],[-117.7672781,34.0081629],[-117.7673272,34.007506],[-117.7673513,34.0071832],[-117.7673532,34.0071576],[-117.7674264,34.0061789],[-117.7674432,34.0059534],[-117.7674529,34.0058239],[-117.7674857,34.0053852],[-117.7674916,34.0053059],[-117.7675321,34.0047649],[-117.7675321,34.0047645],[-117.7675327,34.0047564],[-117.7675332,34.0047494],[-117.7675335,34.004745],[-117.7675344,34.0047341],[-117.7675346,34.0047314],[-117.7675348,34.0047287],[-117.7675348,34.0047285],[-117.7675349,34.0047263],[-117.7675351,34.0047248],[-117.7675351,34.0047246],[-117.7675353,34.0047209],[-117.7675355,34.0047193],[-117.767536,34.0047127],[-117.7675362,34.00471],[-117.7675365,34.0047061],[-117.7675367,34.0047027],[-117.7675369,34.0047],[-117.767537,34.0046985],[-117.7693671,34.004716],[-117.7697994,34.0047199],[-117.7700285,34.0047221],[-117.770067,34.0047224],[-117.7702576,34.0047242],[-117.77033,34.0047248],[-117.7714712,34.0047353],[-117.7714788,34.0047354],[-117.7723232,34.0047432],[-117.7723292,34.0047432],[-117.7763327,34.0047799],[-117.7807394,34.0048201],[-117.7815883,34.0048278],[-117.7843067,34.0048526],[-117.7850456,34.004859],[-117.7851456,34.0046915],[-117.7851858,34.0046246],[-117.785225,34.0045589],[-117.7853839,34.0042926],[-117.7854293,34.0042166],[-117.7855258,34.0040551],[-117.785616,34.0039042],[-117.7856223,34.0038938],[-117.7856856,34.0037877],[-117.7857517,34.0036772],[-117.7858231,34.0035577],[-117.7859184,34.0033982],[-117.7860415,34.0031924],[-117.7861596,34.0029948],[-117.7862756,34.0028008],[-117.7863924,34.0026051],[-117.7865129,34.0024037],[-117.7865939,34.002268],[-117.7866249,34.0022162],[-117.7867927,34.0019353],[-117.7868831,34.0017843],[-117.7869748,34.0016308],[-117.7870658,34.0014784],[-117.7871569,34.0013261],[-117.7872531,34.001165],[-117.787399,34.0009207],[-117.7875782,34.0006209],[-117.7877879,34.0002701],[-117.7880163,33.9998877],[-117.7880563,33.9998206],[-117.7881028,33.9997429],[-117.7881727,33.9996259],[-117.7883948,33.9992542],[-117.7885184,33.9990473],[-117.7886726,33.9987891],[-117.7887667,33.9986317],[-117.788861,33.9984744],[-117.7889254,33.9983665],[-117.789093,33.9980859],[-117.7891494,33.9979916],[-117.7892413,33.9978377],[-117.7893346,33.9976815],[-117.7893891,33.9975903],[-117.7895728,33.9972828],[-117.7897994,33.9969034],[-117.7899907,33.9965834],[-117.7901524,33.9963128],[-117.7901818,33.9962635],[-117.7903082,33.996052],[-117.7904758,33.9957715],[-117.7907456,33.9953201],[-117.7908401,33.9951617],[-117.7908455,33.9951527],[-117.7909592,33.9949625],[-117.791047,33.9948155],[-117.7912111,33.9945444],[-117.791209,33.9945443],[-117.7913918,33.9942385],[-117.7914945,33.9940666],[-117.7916091,33.9938747],[-117.7916233,33.993851],[-117.7917271,33.9936774],[-117.7918592,33.9934562],[-117.7919512,33.9933022],[-117.7919956,33.9932279],[-117.7920083,33.9932066],[-117.7921579,33.9929563],[-117.792236,33.9928255],[-117.7923295,33.9926691],[-117.792429,33.9925026],[-117.7924674,33.9924383],[-117.7925253,33.9923413],[-117.7926082,33.9922026],[-117.7926578,33.9921196],[-117.7927319,33.9919956],[-117.792841,33.991813],[-117.7934211,33.990842],[-117.7935332,33.9906542],[-117.7938327,33.9901529],[-117.7942453,33.9894624],[-117.7958201,33.9868261],[-117.7958434,33.9867872],[-117.7958685,33.9867453],[-117.7958787,33.9867283],[-117.7958816,33.9867234],[-117.7962089,33.9861756],[-117.7962451,33.9861149],[-117.7963188,33.9859915],[-117.7963923,33.9858685],[-117.796502,33.9856848],[-117.796894,33.9850284],[-117.7971075,33.984671],[-117.7972101,33.9844993],[-117.7973191,33.9843167],[-117.7973897,33.9841985],[-117.7975327,33.9839592],[-117.7977451,33.9836038],[-117.7979585,33.9832466],[-117.7981565,33.9829147],[-117.7984678,33.9823937],[-117.7988642,33.9817299],[-117.7989359,33.9816101],[-117.7992703,33.9810501],[-117.799663,33.9803926],[-117.7998583,33.9800653],[-117.8000067,33.9798169],[-117.8000432,33.9797558],[-117.8000891,33.979679],[-117.8002,33.9794932],[-117.8002987,33.9793281],[-117.8003732,33.9792032],[-117.8004661,33.9790478],[-117.8005677,33.9788775],[-117.8006068,33.978812],[-117.8007241,33.978616],[-117.8007897,33.9785058],[-117.8007982,33.9784915],[-117.8011829,33.9778473],[-117.8014104,33.9774665],[-117.8016777,33.9770189],[-117.8017276,33.9769354],[-117.8017881,33.9768341],[-117.8018743,33.9766897],[-117.8019104,33.9766291],[-117.8021511,33.976226],[-117.802366,33.9758661],[-117.8025372,33.9755791],[-117.8025501,33.9755575],[-117.802551,33.975556],[-117.8024834,33.9702693],[-117.8024578,33.9682865],[-117.802446,33.9682863],[-117.8024459,33.9682837],[-117.7986914,33.9682213],[-117.7977769,33.9682062],[-117.7961826,33.9681803],[-117.7936717,33.9681396],[-117.793618,33.9610217],[-117.7935923,33.9576811],[-117.7935768,33.955603],[-117.7935667,33.9542495],[-117.7935635,33.9538279],[-117.7832843,33.9463962],[-117.7832634,33.9463811],[-117.7831095,33.9462699],[-117.7830882,33.9462699],[-117.7774095,33.9421701],[-117.7772779,33.9420751],[-117.774606,33.940146],[-117.7525548,33.9242172],[-117.7431383,33.9173325],[-117.7429229,33.9171786],[-117.7428915,33.9171562],[-117.7414859,33.9161525],[-117.7381123,33.9137559],[-117.7327199,33.910419],[-117.7325623,33.9103231],[-117.7325623,33.9103231],[-117.732557,33.9103198],[-117.7325503,33.9103157],[-117.7290367,33.9081757],[-117.7240285,33.9051252],[-117.7207911,33.9031164],[-117.7152356,33.8997119],[-117.707991,33.8952578],[-117.7073061,33.8948169],[-117.7071371,33.8947079],[-117.7063491,33.8942009],[-117.7056262,33.893735],[-117.6879119,33.8828242],[-117.6792974,33.8775178],[-117.6791709,33.8774398],[-117.6785563,33.8767838],[-117.673184,33.8710487],[-117.6730595,33.8710714],[-117.6724745,33.8711782],[-117.672324,33.8712057],[-117.6707818,33.8742708],[-117.6731417,33.8753982],[-117.673215,33.8754332],[-117.6732079,33.8754481],[-117.6732078,33.8754483],[-117.6732077,33.8754485],[-117.673055,33.8757683],[-117.6730504,33.875778],[-117.6727168,33.8764766],[-117.6726692,33.8765763],[-117.6726244,33.8766699],[-117.6725306,33.8768665],[-117.6724926,33.876946],[-117.6717955,33.8777159],[-117.6717035,33.8778175],[-117.6690446,33.880754],[-117.6690102,33.880792],[-117.6689611,33.8808463],[-117.6689181,33.8808938],[-117.6688926,33.8809219],[-117.6700307,33.8830663],[-117.6703065,33.8833447],[-117.6703395,33.8833781],[-117.6705656,33.8836063],[-117.6716015,33.8845952],[-117.6726499,33.8855959],[-117.6727133,33.8862849],[-117.6727416,33.8865926],[-117.6727545,33.8866001],[-117.6727679,33.8866078],[-117.6730667,33.8867806],[-117.6744782,33.8875965],[-117.675002,33.8878993],[-117.6761033,33.8885358],[-117.676292,33.8886449],[-117.6743313,33.8886496],[-117.674124,33.88865],[-117.6548484,33.888687],[-117.654839,33.888687],[-117.6548346,33.8888068],[-117.6548309,33.8888067],[-117.6543804,33.8990538],[-117.6542252,33.9028629],[-117.6542171,33.9030606],[-117.6548906,33.9064277],[-117.6555748,33.9098536],[-117.6554639,33.9158907],[-117.6554518,33.9165486],[-117.6554321,33.9176193],[-117.6553541,33.9212773],[-117.6553154,33.9230912],[-117.6553095,33.9234665],[-117.6553089,33.9238559],[-117.6553084,33.9242224],[-117.6553084,33.9242262],[-117.6553082,33.9243272],[-117.6553082,33.9243319],[-117.6553082,33.9243606],[-117.6556211,33.9248709],[-117.6556372,33.9249],[-117.6564599,33.9263941],[-117.6570433,33.9274536],[-117.6571246,33.9276012],[-117.6578083,33.928972],[-117.6588386,33.9300301],[-117.6590051,33.9302011],[-117.6592828,33.9304862],[-117.6594723,33.9306808],[-117.6594771,33.9306863],[-117.6598247,33.9310848],[-117.6602681,33.931593],[-117.6606782,33.932063],[-117.661374,33.9328117],[-117.662461,33.9341098],[-117.6636221,33.9354964],[-117.665578,33.937832],[-117.6667552,33.9389027],[-117.6670202,33.9391437],[-117.6670239,33.9391471],[-117.6671014,33.9392292],[-117.6694081,33.9416746],[-117.6700723,33.9423787],[-117.6714927,33.9439577],[-117.6716365,33.9441176],[-117.6722304,33.9448743],[-117.6728464,33.9456593],[-117.6728369,33.9459107],[-117.6728047,33.9467657],[-117.6727855,33.947275],[-117.6703115,33.9479434],[-117.669889,33.9480576],[-117.6662314,33.9490436],[-117.6687821,33.9519257],[-117.670071,33.953389],[-117.6713612,33.9548535],[-117.6731253,33.9537894],[-117.6744019,33.9552429],[-117.6734728,33.9558074],[-117.6732828,33.9559228],[-117.6735561,33.9569998],[-117.6743019,33.9576633],[-117.673905,33.9584181],[-117.6743904,33.9586412],[-117.6746322,33.9587362],[-117.6748246,33.95999],[-117.6753269,33.9602005],[-117.6757241,33.9607831],[-117.6764524,33.9609685],[-117.6769961,33.961529],[-117.6779768,33.9615843],[-117.6794185,33.962411],[-117.6797624,33.9631073],[-117.6803922,33.963474],[-117.6805057,33.9637046],[-117.6808532,33.9644098],[-117.6809771,33.9646615],[-117.6811221,33.9649648],[-117.6810644,33.9656088],[-117.6811969,33.9657964],[-117.6817139,33.9665285],[-117.6819156,33.9664051],[-117.681973,33.9670627],[-117.682658,33.9675035],[-117.6829284,33.9680445],[-117.6833757,33.9689396],[-117.6834397,33.9690058],[-117.6838032,33.9690717],[-117.6841653,33.9695294],[-117.6847586,33.9696456],[-117.685027,33.9703303],[-117.6854571,33.9704631],[-117.6858143,33.9707707],[-117.6872863,33.9714265],[-117.6870804,33.9722464],[-117.687291,33.9726958],[-117.6878087,33.9727053],[-117.6880882,33.9730556],[-117.6885341,33.9736146],[-117.6887629,33.9738981],[-117.6887634,33.973898],[-117.6887677,33.9739034],[-117.6888872,33.973886],[-117.6891766,33.9738438],[-117.6894189,33.9738085],[-117.6894459,33.9738045],[-117.6896073,33.9738657],[-117.6896651,33.97393],[-117.6900754,33.9743866],[-117.6902794,33.9747056],[-117.6903905,33.9748793],[-117.6904291,33.9749397],[-117.6904367,33.9749516],[-117.690584,33.9751264],[-117.6907612,33.9753188],[-117.6907606,33.9755002],[-117.6909573,33.9755032],[-117.6911069,33.9755055],[-117.6912068,33.9755071],[-117.6912454,33.9755077],[-117.6912022,33.9755509],[-117.6911084,33.9756448],[-117.6910235,33.97573],[-117.6910186,33.9757348],[-117.6912169,33.9760668],[-117.6912174,33.9760732],[-117.6912257,33.9761942],[-117.6912287,33.9762381],[-117.691233,33.9763005],[-117.691234,33.9763152],[-117.6912342,33.9763169],[-117.6912342,33.9763177],[-117.6912574,33.9766084],[-117.6912606,33.9766477],[-117.691272,33.9767906],[-117.6913035,33.9768029],[-117.6913943,33.9768382],[-117.6914974,33.9768782],[-117.69157,33.9769064],[-117.6915799,33.9769103],[-117.6916085,33.9769589],[-117.6916349,33.9770039],[-117.6917059,33.9771249],[-117.6917178,33.9771452],[-117.6919356,33.9775164],[-117.6926628,33.9779871],[-117.6933022,33.9785764],[-117.6936197,33.9787837],[-117.69362,33.978784],[-117.6936524,33.9788252],[-117.6940235,33.9792975],[-117.6940282,33.9792988],[-117.6941786,33.9793419],[-117.6947171,33.9794961],[-117.6947358,33.9795068],[-117.6947391,33.9795063],[-117.6951328,33.9798385],[-117.6958233,33.9804205],[-117.6959639,33.9805621],[-117.6959826,33.9806049],[-117.6959785,33.9806999],[-117.6960331,33.9808964],[-117.696065,33.980931],[-117.6963233,33.9811243],[-117.6966465,33.9812507],[-117.6967991,33.9812463],[-117.696835,33.9812527],[-117.6969079,33.9813144],[-117.696917,33.9813274],[-117.6969664,33.9814192],[-117.6969898,33.9815154],[-117.6969912,33.9815814],[-117.6970592,33.9816942],[-117.6970614,33.9817447],[-117.6971444,33.9819588],[-117.6971813,33.9820095],[-117.6972637,33.9821758],[-117.6972657,33.9827353],[-117.6973772,33.9827339],[-117.6974596,33.9827293],[-117.6975009,33.9827267],[-117.6975421,33.9827237],[-117.6975817,33.9827204],[-117.6976312,33.982716],[-117.6976692,33.9827123],[-117.6977055,33.9827086],[-117.6977467,33.9827039],[-117.6977946,33.9826982],[-117.6978408,33.9826925],[-117.6979018,33.9826841],[-117.6979662,33.9826743],[-117.6980223,33.9826651],[-117.6980949,33.9826526],[-117.6981857,33.982637],[-117.6982797,33.9826211],[-117.698387,33.9826028],[-117.6984761,33.9825876],[-117.6986081,33.9825649],[-117.6986873,33.9825514],[-117.6987765,33.9825361],[-117.6988887,33.9825168],[-117.6989514,33.982506],[-117.6990125,33.9824962],[-117.6990818,33.9824857],[-117.6991296,33.982479],[-117.6991709,33.9824736],[-117.6992039,33.9824695],[-117.6992319,33.9824662],[-117.6992517,33.9824642],[-117.6992814,33.9824608],[-117.6992963,33.9824591],[-117.6993177,33.9824571],[-117.6993458,33.9824544],[-117.6993705,33.9824521],[-117.6993952,33.9824498],[-117.6994315,33.9824468],[-117.699486,33.9824431],[-117.6995305,33.9824401],[-117.6995767,33.9824375],[-117.6996048,33.9824362],[-117.6996344,33.9824349],[-117.6996509,33.9824343],[-117.6996707,33.9824333],[-117.6996955,33.9824326],[-117.6997202,33.9824317],[-117.6997417,33.9824314],[-117.6997664,33.9824308],[-117.6997911,33.9824305],[-117.6998142,33.9824302],[-117.6998439,33.9824299],[-117.6998687,33.98243],[-117.6998967,33.9824301],[-117.6999214,33.9824301],[-117.6999429,33.9824305],[-117.6999676,33.9824309],[-117.6999841,33.9824313],[-117.7000088,33.9824317],[-117.7000286,33.9824324],[-117.7000501,33.9824328],[-117.7000666,33.9824336],[-117.7000913,33.9824347],[-117.7001078,33.982435],[-117.7001325,33.9824365],[-117.700149,33.9824372],[-117.7001606,33.9824379],[-117.7001688,33.9824383],[-117.7001985,33.9824397],[-117.7002232,33.9824415],[-117.700243,33.9824429],[-117.7002644,33.9824444],[-117.700611,33.9824806],[-117.7013341,33.982625],[-117.7014465,33.9826457],[-117.7016166,33.9826707],[-117.7017308,33.9826831],[-117.7018454,33.9826923],[-117.7019581,33.982698],[-117.7020514,33.9827035],[-117.7064077,33.9826801],[-117.7077353,33.9826718],[-117.7082767,33.9826685],[-117.708915,33.9826645],[-117.7089811,33.9826587],[-117.7089998,33.9826749],[-117.7094536,33.9830793],[-117.7095395,33.9831383],[-117.7097844,33.9833068],[-117.70997,33.9835317],[-117.7100554,33.9836351],[-117.7104171,33.9839637],[-117.7106298,33.9841707],[-117.7107803,33.9843173],[-117.7109393,33.9844986],[-117.7112009,33.9847971],[-117.7117972,33.985499],[-117.7125074,33.986335],[-117.7130454,33.9869683],[-117.7132487,33.9872075],[-117.7146661,33.9888758],[-117.7152933,33.9893165],[-117.7151981,33.9876542],[-117.7173413,33.9876454],[-117.717331,33.9863536],[-117.7173305,33.9862852],[-117.7194897,33.9862762],[-117.7202849,33.986669],[-117.7209116,33.9869786],[-117.7209121,33.9870479],[-117.7209165,33.98765],[-117.7209228,33.9884743],[-117.7209335,33.9897303],[-117.7209342,33.9898147],[-117.716204,33.9898423],[-117.7165472,33.9901977],[-117.7165445,33.99111],[-117.7184529,33.9930132],[-117.7191705,33.9938016],[-117.7194824,33.9942078],[-117.7202209,33.9951934],[-117.7208144,33.9960239],[-117.721041,33.9963758],[-117.721139,33.9965244],[-117.7213215,33.9969205],[-117.7215403,33.9974612],[-117.7217549,33.9981217],[-117.7218069,33.9985026],[-117.7219138,33.9989239],[-117.7219372,33.9990161],[-117.722123,33.9993922],[-117.7222599,33.9995834],[-117.722353,33.9997135],[-117.7225831,34.0000164],[-117.7228347,34.0004752],[-117.7228779,34.0005629],[-117.7229111,34.0006302],[-117.7230972,34.0010075],[-117.7233959,34.001497],[-117.7236409,34.0018985],[-117.7241202,34.0025288],[-117.7243754,34.0028317],[-117.724776,34.0032671],[-117.7250895,34.0036239],[-117.7254753,34.0039741],[-117.7258422,34.0042674],[-117.7262628,34.0045883],[-117.7272005,34.0055437],[-117.7278701,34.0059463],[-117.7281962,34.0062609],[-117.7291107,34.0070505],[-117.7291141,34.0070537],[-117.7295374,34.0074431],[-117.7332002,34.0109216],[-117.7333007,34.0110161],[-117.7328386,34.0112182],[-117.7328381,34.0112184],[-117.7326826,34.0112916],[-117.7328405,34.0113954],[-117.7330479,34.0115322],[-117.7339707,34.0121508],[-117.7408416,34.0165236],[-117.7433426,34.0186625],[-117.744152,34.0194254],[-117.7447227,34.0199634]]]]}},
{"type":"Feature","properties":{"CITY":"Corona","COUNTY":"Riverside"},"geometry":{"type":"MultiPolygon","coordinates":[[[[-117.5145976,33.9092511],[-117.5146131,33.9092509],[-117.5147598,33.9092488],[-117.5148337,33.9092478],[-117.5150099,33.9092453],[-117.5150766,33.9092444],[-117.5151351,33.9092436],[-117.5151651,33.9092431],[-117.5151758,33.909243],[-117.5151754,33.9092302],[-117.5151716,33.9091138],[-117.5151522,33.9085218],[-117.5151403,33.908156],[-117.515136,33.908024],[-117.5151184,33.907488],[-117.5151105,33.907246],[-117.5151089,33.9071981],[-117.5151088,33.9071945],[-117.515108,33.9071718],[-117.5151064,33.9071208],[-117.5150979,33.9068614],[-117.5150884,33.9065721],[-117.5150795,33.9062993],[-117.5150709,33.9060374],[-117.5150652,33.9058638],[-117.5150538,33.9055154],[-117.5150457,33.9052682],[-117.5150398,33.9050862],[-117.5150398,33.9050862],[-117.5150366,33.9049898],[-117.5150264,33.9046794],[-117.5150243,33.9046134],[-117.5150237,33.9045965],[-117.5150211,33.904515],[-117.5150141,33.9043022],[-117.5150107,33.9041981],[-117.5150075,33.9041002],[-117.5150062,33.9040595],[-117.5150057,33.9040469],[-117.5149976,33.9037972],[-117.514994,33.9036887],[-117.5149926,33.9036444],[-117.514985,33.9034138],[-117.514984,33.9033839],[-117.5149827,33.9033425],[-117.5149813,33.9033016],[-117.5149801,33.9032632],[-117.5149793,33.9032402],[-117.5149778,33.903193],[-117.5149713,33.9029939],[-117.5149701,33.9029583],[-117.5149638,33.9027647],[-117.5149616,33.9026973],[-117.5149615,33.9026953],[-117.5149602,33.9026558],[-117.5149589,33.9026149],[-117.5149574,33.9025709],[-117.5149565,33.9025426],[-117.5149561,33.9025319],[-117.5149512,33.90238],[-117.5149499,33.9023397],[-117.5149496,33.9023327],[-117.5149494,33.9023274],[-117.515019,33.9023264],[-117.5152026,33.9023237],[-117.5156064,33.9023179],[-117.5159295,33.9023133],[-117.5162761,33.9023083],[-117.5166128,33.9023034],[-117.516933,33.9022988],[-117.5172828,33.9022938],[-117.5175935,33.9022893],[-117.5176271,33.9022888],[-117.517892,33.902285],[-117.5182085,33.9022804],[-117.5185309,33.9022758],[-117.5188376,33.9022694],[-117.5191482,33.902263],[-117.5194228,33.9022573],[-117.5197133,33.9022513],[-117.5204684,33.9022358],[-117.5206273,33.9022325],[-117.5207815,33.9022293],[-117.5210458,33.9022238],[-117.5213204,33.9022181],[-117.52161,33.9022122],[-117.5219061,33.9022058],[-117.5223026,33.9021972],[-117.5230783,33.9021804],[-117.5234603,33.9021721],[-117.5234807,33.9021717],[-117.5236963,33.902167],[-117.5237049,33.9021668],[-117.5237055,33.9021678],[-117.5238637,33.902457],[-117.5241351,33.902953],[-117.5243037,33.903261],[-117.5243679,33.9033784],[-117.5244046,33.9034455],[-117.5244055,33.9034471],[-117.5243679,33.9036183],[-117.5243381,33.9037546],[-117.5242664,33.9040778],[-117.5241937,33.9044055],[-117.5241925,33.9044107],[-117.5241922,33.9044121],[-117.5243255,33.9044072],[-117.5248422,33.9043885],[-117.524899,33.9043864],[-117.5256178,33.9043603],[-117.5256469,33.9043592],[-117.5255985,33.9048332],[-117.5254993,33.9058034],[-117.5254704,33.9060866],[-117.5254683,33.9061071],[-117.5254315,33.9064668],[-117.5254143,33.9066353],[-117.5255888,33.9069237],[-117.5256054,33.9069512],[-117.5257549,33.9071984],[-117.5258659,33.9073819],[-117.5258823,33.907409],[-117.52591,33.9074548],[-117.5261216,33.9078046],[-117.5261348,33.9078265],[-117.5261586,33.9078659],[-117.5262043,33.9079388],[-117.5262239,33.90797],[-117.5282047,33.9066578],[-117.5282596,33.9066215],[-117.5290086,33.9061253],[-117.5296405,33.9057166],[-117.5305979,33.9050974],[-117.5306193,33.9050835],[-117.5306768,33.9050464],[-117.5309409,33.9048756],[-117.5310262,33.9048219],[-117.5310822,33.9047883],[-117.531139,33.9047555],[-117.5311556,33.9047462],[-117.5311964,33.9047235],[-117.5312545,33.9046923],[-117.5313132,33.904662],[-117.5313726,33.9046326],[-117.5314325,33.904604],[-117.5314931,33.9045763],[-117.5315542,33.9045495],[-117.5316159,33.9045236],[-117.5316781,33.9044986],[-117.5317408,33.9044745],[-117.531804,33.9044513],[-117.5318677,33.9044291],[-117.5319318,33.9044077],[-117.5319964,33.9043873],[-117.5320614,33.9043679],[-117.5321268,33.9043494],[-117.5321926,33.9043318],[-117.5322587,33.9043153],[-117.5323252,33.9042996],[-117.532392,33.904285],[-117.532459,33.9042713],[-117.5325264,33.9042586],[-117.532594,33.9042469],[-117.5326619,33.9042362],[-117.5327299,33.9042264],[-117.5335823,33.9041108],[-117.5336018,33.9041082],[-117.5347042,33.9039587],[-117.5347973,33.9039451],[-117.5348651,33.903934],[-117.5349326,33.9039219],[-117.5349749,33.9039137],[-117.5349828,33.9039121],[-117.5349834,33.903912],[-117.5349999,33.9039088],[-117.5350669,33.9038948],[-117.5350854,33.9038906],[-117.5351335,33.9038798],[-117.5351568,33.9038742],[-117.5351999,33.9038638],[-117.5352657,33.9038464],[-117.5353315,33.903829],[-117.5353968,33.9038101],[-117.5354232,33.903802],[-117.5354559,33.9037921],[-117.5354616,33.9037903],[-117.5354873,33.903782],[-117.535526,33.9037696],[-117.53559,33.9037479],[-117.5356056,33.9037423],[-117.5356137,33.9037394],[-117.5356535,33.9037253],[-117.5356628,33.9037218],[-117.5357166,33.9037018],[-117.5357456,33.9036904],[-117.5357791,33.9036773],[-117.5358175,33.9036616],[-117.5358411,33.903652],[-117.5358492,33.9036485],[-117.5359044,33.9036249],[-117.5359057,33.9036243],[-117.5359635,33.9035986],[-117.5359704,33.9035954],[-117.5360238,33.9035706],[-117.5360656,33.9035504],[-117.5360835,33.9035417],[-117.5361426,33.9035119],[-117.536178,33.9034934],[-117.5362009,33.9034811],[-117.5362074,33.9034776],[-117.536213,33.9034746],[-117.536259,33.9034498],[-117.5362799,33.9034377],[-117.5362896,33.903432],[-117.5362951,33.9034288],[-117.5363156,33.9034169],[-117.5363362,33.9034049],[-117.536341,33.9034022],[-117.5363475,33.9033984],[-117.5363721,33.9033838],[-117.5364284,33.9033505],[-117.5377308,33.9025433],[-117.53779,33.9025056],[-117.5378305,33.9024787],[-117.5378704,33.9024512],[-117.5379098,33.9024231],[-117.5379485,33.9023944],[-117.5379867,33.9023652],[-117.5380242,33.9023355],[-117.5380611,33.9023051],[-117.5380973,33.9022743],[-117.5381329,33.9022429],[-117.5381679,33.9022111],[-117.5382021,33.9021787],[-117.5382357,33.9021458],[-117.5382632,33.9021179],[-117.5383049,33.9020786],[-117.5383401,33.9020406],[-117.5383745,33.9020053],[-117.5384096,33.901965],[-117.5384427,33.9019243],[-117.5384743,33.9018814],[-117.5385022,33.9018394],[-117.5385291,33.901802],[-117.5385439,33.9017795],[-117.5385454,33.9017772],[-117.5385578,33.9017583],[-117.5385842,33.9017115],[-117.5386074,33.9016736],[-117.5386345,33.9016329],[-117.538661,33.9015918],[-117.5386866,33.9015493],[-117.5387105,33.9015064],[-117.5387343,33.9014613],[-117.5387994,33.901331],[-117.5388205,33.9012779],[-117.5388706,33.9011232],[-117.5388814,33.9010858],[-117.5388989,33.9010153],[-117.538907,33.9009768],[-117.5389195,33.9009043],[-117.5389253,33.9008653],[-117.5389346,33.9007925],[-117.5389428,33.9007134],[-117.5389459,33.9006737],[-117.5389479,33.9006345],[-117.5389489,33.9005956],[-117.5389503,33.8995667],[-117.5389504,33.8995227],[-117.5389504,33.8994875],[-117.5389504,33.8994843],[-117.5389505,33.899456],[-117.5389501,33.8994227],[-117.5389494,33.8993892],[-117.5389469,33.8993328],[-117.5389445,33.8992983],[-117.5389388,33.8992355],[-117.5389318,33.8991746],[-117.5389273,33.8991417],[-117.5389132,33.8990541],[-117.5389082,33.8990267],[-117.5388912,33.8989417],[-117.5388786,33.898887],[-117.538865,33.8988326],[-117.5388504,33.8987782],[-117.5388345,33.8987241],[-117.5388175,33.8986703],[-117.5387994,33.8986168],[-117.53878,33.8985635],[-117.5387595,33.8985103],[-117.5387377,33.8984574],[-117.5387149,33.8984048],[-117.5386912,33.8983521],[-117.5386656,33.8983005],[-117.5386125,33.8981986],[-117.5384982,33.8980067],[-117.5384543,33.8979329],[-117.538546,33.8978988],[-117.5385654,33.8978916],[-117.5386548,33.8978584],[-117.538656,33.897858],[-117.5386582,33.8978572],[-117.5386979,33.8978424],[-117.5398684,33.8974081],[-117.5398694,33.8974077],[-117.5399601,33.8973739],[-117.5400237,33.8973505],[-117.5400515,33.8973402],[-117.5401541,33.8973021],[-117.5402005,33.8972853],[-117.5402434,33.8972706],[-117.5402867,33.8972564],[-117.5403303,33.8972429],[-117.5403741,33.89723],[-117.5404182,33.8972178],[-117.5404626,33.8972062],[-117.5405072,33.8971952],[-117.540552,33.8971849],[-117.5405971,33.8971753],[-117.5406423,33.8971663],[-117.5406877,33.897158],[-117.5407333,33.8971503],[-117.540779,33.8971433],[-117.5408248,33.897137],[-117.5408708,33.8971313],[-117.5409169,33.8971264],[-117.5409631,33.897122],[-117.5410094,33.8971184],[-117.5410558,33.8971154],[-117.5411022,33.8971131],[-117.5411486,33.8971115],[-117.5411951,33.8971106],[-117.5412416,33.8971103],[-117.5412881,33.8971107],[-117.5413345,33.8971118],[-117.541381,33.8971136],[-117.5414274,33.897116],[-117.5414737,33.8971191],[-117.54152,33.8971229],[-117.5415662,33.8971274],[-117.5416122,33.8971325],[-117.5416582,33.8971383],[-117.541704,33.8971448],[-117.5417151,33.8971465],[-117.5417497,33.8971519],[-117.5417953,33.8971597],[-117.5418406,33.8971682],[-117.5418491,33.8971699],[-117.5418858,33.8971773],[-117.5419308,33.8971871],[-117.5419756,33.8971975],[-117.5420201,33.8972086],[-117.5420644,33.8972203],[-117.5421085,33.8972327],[-117.5421523,33.8972457],[-117.5421958,33.8972593],[-117.542239,33.8972736],[-117.5422819,33.8972885],[-117.5423245,33.8973041],[-117.5423668,33.8973202],[-117.5424087,33.897337],[-117.5424503,33.8973543],[-117.5424915,33.8973723],[-117.5425323,33.8973909],[-117.5425626,33.8974052],[-117.5425727,33.89741],[-117.5426127,33.8974298],[-117.5426359,33.8974417],[-117.5426523,33.8974501],[-117.5426685,33.8974587],[-117.5426915,33.897471],[-117.5427302,33.8974924],[-117.5427684,33.8975145],[-117.5428062,33.897537],[-117.5435458,33.8979865],[-117.5436257,33.8980342],[-117.5436264,33.8980361],[-117.543706,33.8980846],[-117.5439771,33.8982495],[-117.54403,33.8982808],[-117.5440654,33.8983008],[-117.5441011,33.8983202],[-117.5441373,33.8983391],[-117.5441738,33.8983575],[-117.5442108,33.8983754],[-117.5442481,33.8983927],[-117.5442858,33.8984094],[-117.5443238,33.8984257],[-117.5443621,33.8984413],[-117.5444008,33.8984564],[-117.5444043,33.8984577],[-117.5444276,33.8984664],[-117.5444397,33.898471],[-117.544479,33.8984849],[-117.5445186,33.8984983],[-117.544531,33.8985023],[-117.5445584,33.8985111],[-117.5445985,33.8985233],[-117.5446161,33.8985284],[-117.5446388,33.898535],[-117.5446794,33.898546],[-117.5447024,33.8985519],[-117.5447202,33.8985565],[-117.5447612,33.8985664],[-117.5448025,33.8985756],[-117.5448439,33.8985843],[-117.5448854,33.8985924],[-117.5449273,33.8985993],[-117.5449692,33.8986063],[-117.5449761,33.8986075],[-117.5449896,33.8986097],[-117.5450025,33.8986114],[-117.5450112,33.8986125],[-117.5450534,33.898618],[-117.5450955,33.8986235],[-117.5451379,33.8986279],[-117.5451804,33.8986317],[-117.5452229,33.8986349],[-117.5452655,33.8986374],[-117.5453081,33.8986393],[-117.5453508,33.8986406],[-117.5453934,33.8986413],[-117.5454361,33.8986413],[-117.5454788,33.8986408],[-117.5455215,33.8986396],[-117.5455641,33.8986378],[-117.5456067,33.8986353],[-117.5456492,33.8986323],[-117.5456917,33.8986286],[-117.5457341,33.8986243],[-117.5457764,33.8986194],[-117.5458185,33.8986139],[-117.5458606,33.8986078],[-117.5459025,33.898601],[-117.5459443,33.8985937],[-117.5459859,33.8985857],[-117.5460273,33.8985771],[-117.5460686,33.898568],[-117.5461096,33.8985582],[-117.5461505,33.8985479],[-117.5461911,33.8985369],[-117.5462315,33.8985254],[-117.5462716,33.8985132],[-117.5463115,33.8985005],[-117.5463511,33.8984872],[-117.5463904,33.8984733],[-117.5464295,33.8984589],[-117.5464682,33.8984439],[-117.5465066,33.8984283],[-117.5465446,33.8984122],[-117.5465823,33.8983955],[-117.5466197,33.8983783],[-117.5466567,33.8983606],[-117.5466738,33.898352],[-117.5466933,33.8983423],[-117.5467296,33.8983234],[-117.5467654,33.8983041],[-117.5468006,33.898284],[-117.54682,33.8982729],[-117.5468284,33.8982681],[-117.5468358,33.8982638],[-117.54687,33.8982426],[-117.5469043,33.8982213],[-117.5469202,33.8982113],[-117.5469382,33.8981997],[-117.5469714,33.8981773],[-117.5470041,33.8981545],[-117.5470364,33.8981311],[-117.5470681,33.8981073],[-117.5470994,33.8980831],[-117.5471301,33.8980584],[-117.5471604,33.8980332],[-117.5471901,33.8980077],[-117.5472192,33.8979817],[-117.5472478,33.8979552],[-117.5472758,33.8979284],[-117.5482584,33.8969712],[-117.5483214,33.896912],[-117.548354,33.8968829],[-117.5483871,33.8968543],[-117.5484209,33.8968262],[-117.5484552,33.8967986],[-117.5484902,33.8967715],[-117.5485256,33.8967449],[-117.5485617,33.8967189],[-117.5485982,33.8966933],[-117.5486353,33.8966683],[-117.5486729,33.8966439],[-117.5487111,33.8966199],[-117.5487461,33.8965988],[-117.5487497,33.8965966],[-117.5487888,33.8965738],[-117.5488273,33.8965522],[-117.5488684,33.89653],[-117.5489089,33.8965089],[-117.5489233,33.8965017],[-117.5489498,33.8964885],[-117.5489911,33.8964686],[-117.5490329,33.8964494],[-117.549075,33.8964308],[-117.5491175,33.8964127],[-117.5491604,33.8963953],[-117.5492037,33.8963786],[-117.5492473,33.8963624],[-117.5492955,33.8963455],[-117.5493356,33.8963322],[-117.549376,33.8963194],[-117.5494166,33.8963073],[-117.5494575,33.8962957],[-117.5494986,33.8962848],[-117.5495399,33.8962744],[-117.5495814,33.8962647],[-117.5496232,33.8962555],[-117.5496651,33.896247],[-117.5497072,33.8962391],[-117.5497494,33.8962318],[-117.5497918,33.8962251],[-117.5498344,33.896219],[-117.549877,33.8962136],[-117.5499198,33.8962087],[-117.5499626,33.8962045],[-117.5500056,33.8962009],[-117.5500486,33.896198],[-117.5500916,33.8961956],[-117.5501347,33.8961939],[-117.5501779,33.8961929],[-117.550221,33.8961924],[-117.5502642,33.8961926],[-117.5503073,33.8961934],[-117.5503504,33.8961948],[-117.5503935,33.8961969],[-117.5504365,33.8961996],[-117.5504795,33.8962029],[-117.5505224,33.8962068],[-117.5505652,33.8962114],[-117.5506079,33.8962166],[-117.5506505,33.8962224],[-117.5506929,33.8962288],[-117.5507353,33.8962359],[-117.5507774,33.8962435],[-117.5508194,33.8962518],[-117.5508612,33.8962607],[-117.5509029,33.8962702],[-117.5509443,33.8962803],[-117.5509855,33.896291],[-117.5510264,33.8963023],[-117.5510672,33.8963142],[-117.5511076,33.8963266],[-117.5511479,33.8963397],[-117.5511878,33.8963534],[-117.5512274,33.8963676],[-117.5512667,33.8963824],[-117.5513058,33.8963978],[-117.5513444,33.8964137],[-117.5513828,33.8964302],[-117.5513851,33.8964312],[-117.5514136,33.896444],[-117.5514208,33.8964473],[-117.5514584,33.8964649],[-117.5514957,33.896483],[-117.5515026,33.8964866],[-117.5515325,33.8965017],[-117.551569,33.8965209],[-117.5515909,33.8965329],[-117.5516051,33.8965407],[-117.5516407,33.896561],[-117.5516546,33.8965692],[-117.551676,33.8965818],[-117.5517107,33.8966031],[-117.5517451,33.8966249],[-117.5517789,33.8966472],[-117.5518123,33.89667],[-117.5518431,33.8966918],[-117.5518442,33.8966925],[-117.5518487,33.8966958],[-117.5518638,33.8967068],[-117.5518776,33.896717],[-117.5519096,33.8967412],[-117.551941,33.8967659],[-117.5519718,33.896791],[-117.5520022,33.8968166],[-117.552032,33.8968426],[-117.5520613,33.8968691],[-117.5520842,33.8968905],[-117.55209,33.8968959],[-117.5521181,33.8969232],[-117.5521457,33.8969509],[-117.5521727,33.896979],[-117.552199,33.8970075],[-117.5522248,33.8970363],[-117.55225,33.8970655],[-117.5522746,33.8970951],[-117.5522985,33.8971251],[-117.5523218,33.8971553],[-117.5523445,33.897186],[-117.5523665,33.8972169],[-117.5523879,33.8972482],[-117.5524086,33.8972797],[-117.5524287,33.8973116],[-117.552448,33.8973437],[-117.5524667,33.8973762],[-117.5524848,33.8974089],[-117.5525021,33.8974418],[-117.5525188,33.897475],[-117.5528213,33.8980936],[-117.5529009,33.8982563],[-117.5529197,33.8982936],[-117.5529371,33.8983265],[-117.5529552,33.8983592],[-117.552974,33.8983916],[-117.5529935,33.8984237],[-117.5530136,33.8984555],[-117.5530344,33.898487],[-117.5530559,33.8985183],[-117.553078,33.8985492],[-117.5531007,33.8985797],[-117.5531241,33.89861],[-117.5531481,33.8986399],[-117.5531728,33.8986694],[-117.553198,33.8986986],[-117.5532239,33.8987274],[-117.5532503,33.8987558],[-117.5532774,33.8987839],[-117.553305,33.8988115],[-117.5533332,33.8988387],[-117.5533908,33.8988917],[-117.5534246,33.8989213],[-117.5534589,33.8989503],[-117.5534938,33.8989789],[-117.5535293,33.8990069],[-117.5535654,33.8990344],[-117.5536021,33.8990614],[-117.5536063,33.8990644],[-117.5536393,33.8990878],[-117.5536771,33.8991137],[-117.5537154,33.8991391],[-117.5537543,33.8991639],[-117.5537936,33.8991881],[-117.5538335,33.8992117],[-117.5538738,33.8992348],[-117.5539146,33.8992572],[-117.5539559,33.8992791],[-117.5539977,33.8993003],[-117.5540398,33.899321],[-117.5540824,33.899341],[-117.5541255,33.8993604],[-117.5541689,33.8993792],[-117.5542127,33.8993973],[-117.5542187,33.8993997],[-117.5542187,33.8993998],[-117.5542308,33.8994048],[-117.5542697,33.899421],[-117.5542314,33.8995046],[-117.554221,33.8995272],[-117.5542213,33.8995273],[-117.5542216,33.899693],[-117.554222,33.899888],[-117.554222,33.899897],[-117.5542221,33.8999302],[-117.5542223,33.9000719],[-117.5542226,33.9002542],[-117.5542229,33.9004365],[-117.5542233,33.9006188],[-117.5542236,33.9007905],[-117.5542239,33.900985],[-117.5542269,33.901199],[-117.5542304,33.9014555],[-117.5542323,33.9015909],[-117.5542328,33.9016314],[-117.5542352,33.9017981],[-117.5542376,33.9019775],[-117.554239,33.9019968],[-117.5542395,33.9020031],[-117.5569644,33.9019929],[-117.5569722,33.9019699],[-117.5569732,33.9019667],[-117.5570489,33.9017436],[-117.5571095,33.9015648],[-117.5571375,33.9014822],[-117.5571847,33.9014287],[-117.5572072,33.9014032],[-117.5573326,33.9012608],[-117.557357,33.9012162],[-117.5574285,33.9010855],[-117.5574693,33.901011],[-117.5574107,33.9008769],[-117.5573605,33.9007618],[-117.5573538,33.9006995],[-117.5573498,33.9006617],[-117.5573384,33.9005555],[-117.5573313,33.9004889],[-117.5573627,33.9003789],[-117.5574081,33.9002204],[-117.5574126,33.9001824],[-117.5574404,33.8999495],[-117.55745,33.899931],[-117.5574575,33.8999259],[-117.5577826,33.8997022],[-117.557799,33.8996908],[-117.5581141,33.8994739],[-117.5581186,33.8994723],[-117.5581247,33.89947],[-117.5581292,33.8994683],[-117.5581344,33.8994664],[-117.5581397,33.8994644],[-117.5581442,33.8994626],[-117.5581505,33.8994602],[-117.558158,33.8994573],[-117.5581636,33.8994551],[-117.5581681,33.8994534],[-117.5581733,33.8994513],[-117.5581792,33.899449],[-117.5581852,33.8994466],[-117.5581904,33.8994445],[-117.5581956,33.8994424],[-117.5582019,33.8994399],[-117.5582074,33.8994376],[-117.5582119,33.8994358],[-117.5582189,33.8994329],[-117.5582251,33.8994303],[-117.558231,33.8994278],[-117.5582355,33.899426],[-117.5582399,33.8994241],[-117.5582457,33.8994216],[-117.5582509,33.8994194],[-117.558256,33.8994172],[-117.5582611,33.899415],[-117.5582662,33.8994128],[-117.5582713,33.8994106],[-117.5582757,33.8994087],[-117.5582808,33.8994064],[-117.5582859,33.8994042],[-117.5582866,33.8994038],[-117.5582917,33.8994016],[-117.5582968,33.8993993],[-117.5583026,33.8993967],[-117.5583095,33.8993936],[-117.5583149,33.8993911],[-117.55832,33.8993888],[-117.558325,33.8993864],[-117.55833,33.8993841],[-117.5583362,33.8993813],[-117.558343,33.8993781],[-117.558348,33.8993757],[-117.5583523,33.8993737],[-117.5583573,33.8993713],[-117.5583641,33.899368],[-117.5583702,33.8993651],[-117.5583769,33.8993618],[-117.558383,33.8993589],[-117.5583886,33.8993561],[-117.5583947,33.8993531],[-117.5584014,33.8993498],[-117.558407,33.8993469],[-117.558412,33.8993444],[-117.558418,33.8993414],[-117.558424,33.8993384],[-117.558425,33.8993378],[-117.558432,33.8993342],[-117.5584373,33.8993315],[-117.5584422,33.899329],[-117.5584478,33.8993261],[-117.5584526,33.8993235],[-117.5584568,33.8993213],[-117.5584627,33.8993182],[-117.5584686,33.8993151],[-117.5584745,33.8993119],[-117.5584821,33.8993078],[-117.558488,33.8993046],[-117.5584922,33.8993024],[-117.5584963,33.8993001],[-117.5585018,33.8992971],[-117.5585073,33.899294],[-117.5585128,33.899291],[-117.5585186,33.8992877],[-117.5585271,33.899283],[-117.5585326,33.8992799],[-117.5587095,33.8991794],[-117.5587444,33.8991015],[-117.5587438,33.8990995],[-117.5587432,33.8990975],[-117.5587426,33.8990955],[-117.5587419,33.8990928],[-117.5587415,33.8990915],[-117.5587406,33.8990881],[-117.5587404,33.8990875],[-117.5587393,33.8990835],[-117.5587391,33.8990828],[-117.5587383,33.8990794],[-117.5587378,33.8990774],[-117.5587373,33.8990754],[-117.5587366,33.8990727],[-117.5587366,33.8990726],[-117.5604229,33.8979901],[-117.5606238,33.8978611],[-117.5605815,33.8977911],[-117.5605221,33.8977197],[-117.5604085,33.897583],[-117.5603654,33.8975045],[-117.5603547,33.8974851],[-117.5602851,33.8973583],[-117.5596436,33.8961913],[-117.5594063,33.8958282],[-117.5593471,33.8957521],[-117.5592078,33.8955731],[-117.5591301,33.8954781],[-117.5590505,33.8953809],[-117.5590361,33.8953582],[-117.5589787,33.8952676],[-117.5586712,33.8947822],[-117.5586656,33.8947734],[-117.5586655,33.8947733],[-117.5593342,33.8943725],[-117.5593778,33.8943464],[-117.5597574,33.8946335],[-117.5597421,33.8947591],[-117.5598179,33.894962],[-117.5598382,33.8950162],[-117.5598398,33.8950206],[-117.5598505,33.8950216],[-117.5601671,33.8950515],[-117.5602523,33.8950488],[-117.5604963,33.895041],[-117.5607346,33.8952307],[-117.5607341,33.895237],[-117.5607127,33.895505],[-117.5607323,33.8957377],[-117.5607358,33.8957792],[-117.5607443,33.8957639],[-117.5607572,33.8957404],[-117.5607619,33.8957409],[-117.5627944,33.8959604],[-117.5631063,33.8957684],[-117.5631073,33.8957678],[-117.5631073,33.8957681],[-117.5631814,33.8957472],[-117.5632658,33.8957235],[-117.5632766,33.8957204],[-117.5633748,33.8956928],[-117.5634666,33.8956364],[-117.5637554,33.8954589],[-117.5649652,33.8947185],[-117.5650449,33.8946705],[-117.5650501,33.8946674],[-117.5667921,33.8936189],[-117.566795,33.8936172],[-117.5668126,33.8936064],[-117.5668637,33.8936677],[-117.5668928,33.8937008],[-117.566947,33.8937626],[-117.5669471,33.8937626],[-117.5671494,33.8939931],[-117.5671688,33.8940153],[-117.5671883,33.8940374],[-117.5674466,33.8943317],[-117.567505,33.8943982],[-117.5675634,33.8944648],[-117.5678358,33.8947752],[-117.5678553,33.8947974],[-117.5678747,33.8948196],[-117.5679949,33.8949564],[-117.5681472,33.89513],[-117.5682056,33.8951965],[-117.568264,33.895263],[-117.5685754,33.8956178],[-117.5686145,33.8956623],[-117.568175,33.8959305],[-117.5681654,33.8959364],[-117.5678168,33.8961491],[-117.5676097,33.8962754],[-117.5676173,33.8962841],[-117.5677321,33.8964149],[-117.5678947,33.8966001],[-117.5678976,33.8966015],[-117.5679874,33.8966431],[-117.5680762,33.8966915],[-117.5681608,33.8967448],[-117.5682408,33.896803],[-117.5683085,33.8968598],[-117.5683156,33.8968657],[-117.5685517,33.8967216],[-117.5688554,33.8965363],[-117.5691883,33.8963332],[-117.5692011,33.8963253],[-117.5694838,33.8966463],[-117.5697861,33.8969895],[-117.5701002,33.8973494],[-117.5702573,33.8975294],[-117.5703631,33.8976506],[-117.5704713,33.8977747],[-117.5708154,33.8981655],[-117.5709472,33.8983153],[-117.5711891,33.8985899],[-117.571269,33.8986807],[-117.571923,33.8994235],[-117.5721164,33.8996431],[-117.5721171,33.8996439],[-117.5719699,33.8997335],[-117.5718014,33.8998363],[-117.5716703,33.8999162],[-117.5716328,33.899939],[-117.5715596,33.8999836],[-117.5714643,33.9000417],[-117.5712958,33.9001444],[-117.5711267,33.9002474],[-117.5711136,33.9002554],[-117.5710576,33.9002893],[-117.570788,33.9004536],[-117.5704968,33.900631],[-117.5704849,33.9006382],[-117.570387,33.9007009],[-117.5703812,33.9007046],[-117.5702993,33.9007548],[-117.5702904,33.9007603],[-117.5702661,33.9007782],[-117.5702639,33.9007797],[-117.5703709,33.9009009],[-117.5706777,33.9012487],[-117.5709692,33.9015791],[-117.5713884,33.9020169],[-117.5714756,33.902109],[-117.5714811,33.9021153],[-117.5714811,33.9021137],[-117.5719775,33.9026739],[-117.5723085,33.9030475],[-117.5725024,33.9032663],[-117.5730165,33.9038465],[-117.5731731,33.9040233],[-117.573333,33.9042038],[-117.5734897,33.9043806],[-117.5736464,33.9045574],[-117.5738989,33.9048423],[-117.5738979,33.9048423],[-117.5740846,33.905053],[-117.5742836,33.9052776],[-117.5744791,33.9054982],[-117.5746815,33.9057266],[-117.5747055,33.9057537],[-117.5758406,33.9070344],[-117.57594,33.9071396],[-117.5761059,33.9073151],[-117.5761233,33.9073348],[-117.5761263,33.9073362],[-117.5761335,33.9073412],[-117.5761397,33.907347],[-117.576272,33.9074963],[-117.5762813,33.9075068],[-117.5763647,33.9074594],[-117.5764373,33.9074156],[-117.5764823,33.907388],[-117.5766762,33.907269],[-117.5769018,33.9071305],[-117.5770875,33.9070166],[-117.5771178,33.906998],[-117.5772156,33.9069379],[-117.5773327,33.9068661],[-117.5775716,33.9067195],[-117.5778319,33.9065597],[-117.5781025,33.9063937],[-117.5790008,33.9058423],[-117.5792503,33.9056892],[-117.579774,33.9053678],[-117.5798591,33.9053177],[-117.5799329,33.9052743],[-117.5802969,33.9057063],[-117.5814888,33.9071207],[-117.5816489,33.9073107],[-117.5816508,33.9073129],[-117.5818855,33.9075914],[-117.5818991,33.9076066],[-117.5819001,33.9076078],[-117.5820426,33.9077683],[-117.5822089,33.9079556],[-117.5823996,33.9081704],[-117.5824044,33.9081758],[-117.5833568,33.9092483],[-117.5833651,33.9092576],[-117.5837797,33.9097245],[-117.583791,33.9097372],[-117.5838714,33.9098278],[-117.5849922,33.9110898],[-117.5850132,33.9111135],[-117.5858682,33.9120762],[-117.5858682,33.9120763],[-117.5866927,33.9130047],[-117.5867187,33.9130339],[-117.5867301,33.9130468],[-117.5879975,33.9144739],[-117.5881669,33.9146646],[-117.588167,33.9146645],[-117.5881715,33.914661],[-117.5881775,33.9146562],[-117.5881824,33.9146525],[-117.5881873,33.9146488],[-117.5881922,33.9146452],[-117.5881971,33.9146415],[-117.588202,33.9146379],[-117.588207,33.9146342],[-117.588212,33.9146306],[-117.588217,33.914627],[-117.588222,33.9146235],[-117.588227,33.9146199],[-117.5882292,33.9146183],[-117.5882298,33.914618],[-117.588232,33.9146164],[-117.5882371,33.9146128],[-117.5882422,33.9146093],[-117.5882472,33.9146058],[-117.5882523,33.9146023],[-117.5882575,33.9145989],[-117.5882626,33.9145954],[-117.5882677,33.914592],[-117.5882729,33.9145886],[-117.5882781,33.9145852],[-117.5882833,33.9145818],[-117.5882885,33.9145784],[-117.5882937,33.914575],[-117.5882989,33.9145717],[-117.5883042,33.9145684],[-117.5883094,33.9145651],[-117.5883147,33.9145618],[-117.58832,33.9145585],[-117.5883253,33.9145553],[-117.5883306,33.914552],[-117.588336,33.9145488],[-117.5883413,33.9145456],[-117.5883467,33.9145424],[-117.5883521,33.9145392],[-117.5883575,33.9145361],[-117.5883629,33.9145329],[-117.5883683,33.9145298],[-117.5883738,33.9145267],[-117.5883792,33.9145236],[-117.5883847,33.9145205],[-117.5883902,33.9145175],[-117.5883956,33.9145144],[-117.5884011,33.9145114],[-117.5884067,33.9145084],[-117.5884122,33.9145054],[-117.5884177,33.9145025],[-117.5884189,33.9145019],[-117.5884233,33.9144995],[-117.5884289,33.9144966],[-117.5884345,33.9144936],[-117.5884401,33.9144907],[-117.5884457,33.9144879],[-117.5884513,33.914485],[-117.5884569,33.9144821],[-117.5884626,33.9144793],[-117.5884682,33.9144765],[-117.5884739,33.9144737],[-117.5884796,33.9144709],[-117.5884853,33.9144682],[-117.588491,33.9144654],[-117.5884967,33.9144627],[-117.5885025,33.91446],[-117.5885082,33.9144573],[-117.588514,33.9144546],[-117.5885198,33.914452],[-117.5885255,33.9144493],[-117.5885313,33.9144467],[-117.5885371,33.9144441],[-117.588543,33.9144415],[-117.5885488,33.914439],[-117.5885546,33.9144364],[-117.5885605,33.9144339],[-117.5885663,33.9144314],[-117.5885722,33.9144289],[-117.5885781,33.9144264],[-117.588584,33.9144239],[-117.5885899,33.9144215],[-117.5885958,33.9144191],[-117.5886018,33.9144167],[-117.5886077,33.9144143],[-117.5886136,33.9144119],[-117.5886196,33.9144096],[-117.5886256,33.9144073],[-117.5886316,33.914405],[-117.5886376,33.9144027],[-117.5886436,33.9144004],[-117.5886496,33.9143981],[-117.5886556,33.9143959],[-117.5886616,33.9143937],[-117.5886677,33.9143915],[-117.5886737,33.9143893],[-117.5886798,33.9143871],[-117.5886859,33.914385],[-117.5886919,33.9143829],[-117.588698,33.9143808],[-117.5887041,33.9143787],[-117.5887102,33.9143766],[-117.5887163,33.9143746],[-117.5887225,33.9143726],[-117.5887286,33.9143705],[-117.5887348,33.9143686],[-117.5887409,33.9143666],[-117.5887471,33.9143646],[-117.5887532,33.9143627],[-117.5887594,33.9143608],[-117.5887656,33.9143589],[-117.5887718,33.914357],[-117.588778,33.9143552],[-117.5887842,33.9143533],[-117.5887904,33.9143515],[-117.5887967,33.9143497],[-117.5888029,33.9143479],[-117.5888092,33.9143462],[-117.5888154,33.9143444],[-117.5888217,33.9143427],[-117.5888279,33.914341],[-117.5888342,33.9143393],[-117.5888405,33.9143377],[-117.5888468,33.914336],[-117.5888531,33.9143344],[-117.5888594,33.9143328],[-117.5888657,33.9143312],[-117.588872,33.9143297],[-117.5888783,33.9143281],[-117.5888847,33.9143266],[-117.588891,33.9143251],[-117.5888974,33.9143236],[-117.5889037,33.9143221],[-117.5889101,33.9143207],[-117.5889164,33.9143192],[-117.5889228,33.9143178],[-117.5889292,33.9143165],[-117.5889356,33.9143151],[-117.588942,33.9143137],[-117.5889484,33.9143124],[-117.5889548,33.9143111],[-117.5889612,33.9143098],[-117.5889631,33.9143094],[-117.5889676,33.9143085],[-117.588974,33.9143073],[-117.5889804,33.9143061],[-117.5889869,33.9143049],[-117.5889933,33.9143037],[-117.5889997,33.9143025],[-117.5890062,33.9143013],[-117.5890126,33.9143002],[-117.5890191,33.9142991],[-117.5890255,33.914298],[-117.589032,33.9142969],[-117.5890385,33.9142959],[-117.589045,33.9142949],[-117.5890541,33.9142934],[-117.5890606,33.9142924],[-117.5890671,33.9142914],[-117.5890736,33.9142903],[-117.58908,33.9142892],[-117.5890865,33.9142881],[-117.5890929,33.9142869],[-117.5890994,33.9142858],[-117.5891058,33.9142846],[-117.5891122,33.9142834],[-117.5891187,33.9142822],[-117.5891251,33.9142809],[-117.5891315,33.9142797],[-117.5891379,33.9142784],[-117.5891443,33.9142771],[-117.5891507,33.9142758],[-117.5891571,33.9142744],[-117.5891635,33.9142731],[-117.5891699,33.9142717],[-117.5891762,33.9142703],[-117.5891826,33.9142688],[-117.589189,33.9142674],[-117.5891953,33.9142659],[-117.5892017,33.9142644],[-117.589208,33.9142629],[-117.5892143,33.9142614],[-117.5892206,33.9142598],[-117.589227,33.9142582],[-117.5892333,33.9142566],[-117.5892396,33.914255],[-117.5892459,33.9142534],[-117.5892521,33.9142517],[-117.5892584,33.9142501],[-117.5892647,33.9142484],[-117.589271,33.9142466],[-117.5892772,33.9142449],[-117.5892835,33.9142431],[-117.5892897,33.9142414],[-117.5892959,33.9142396],[-117.5893021,33.9142377],[-117.5893083,33.9142359],[-117.5893146,33.914234],[-117.5893207,33.9142322],[-117.5893269,33.9142302],[-117.5893331,33.9142283],[-117.5893393,33.9142264],[-117.5893454,33.9142244],[-117.5893516,33.9142224],[-117.5893577,33.9142204],[-117.5893638,33.9142184],[-117.58937,33.9142164],[-117.5893761,33.9142143],[-117.5893822,33.9142122],[-117.5893883,33.9142101],[-117.5893943,33.914208],[-117.5894004,33.9142059],[-117.5894065,33.9142037],[-117.5894125,33.9142015],[-117.5894186,33.9141993],[-117.5894246,33.9141971],[-117.5894306,33.9141948],[-117.5894366,33.9141926],[-117.5894426,33.9141903],[-117.5894486,33.914188],[-117.5894546,33.9141857],[-117.5894605,33.9141833],[-117.5894665,33.914181],[-117.5894724,33.9141786],[-117.5894784,33.9141762],[-117.5894843,33.9141738],[-117.5894902,33.9141714],[-117.5894961,33.9141689],[-117.589502,33.9141664],[-117.5895079,33.9141639],[-117.5895137,33.9141614],[-117.5895196,33.9141589],[-117.5895254,33.9141563],[-117.5895312,33.9141538],[-117.5895371,33.9141512],[-117.5895429,33.9141486],[-117.5895486,33.9141459],[-117.5895544,33.9141433],[-117.5895602,33.9141406],[-117.5895659,33.9141379],[-117.5895717,33.9141352],[-117.5895774,33.9141325],[-117.5895831,33.9141298],[-117.5895888,33.914127],[-117.5895945,33.9141242],[-117.5896002,33.9141214],[-117.5896058,33.9141186],[-117.5896115,33.9141158],[-117.5896171,33.9141129],[-117.5896227,33.9141101],[-117.5896284,33.9141072],[-117.5896339,33.9141043],[-117.5896395,33.9141014],[-117.5896451,33.9140984],[-117.5896506,33.9140955],[-117.5896562,33.9140925],[-117.5896617,33.9140895],[-117.5896672,33.9140865],[-117.5896727,33.9140834],[-117.5896782,33.9140804],[-117.5896837,33.9140773],[-117.5896863,33.9140758],[-117.5896874,33.9140752],[-117.5896891,33.9140742],[-117.5896946,33.9140711],[-117.5897,33.914068],[-117.5897038,33.9140658],[-117.5897054,33.9140648],[-117.5897108,33.9140617],[-117.5897162,33.9140585],[-117.5897215,33.9140553],[-117.5897269,33.9140521],[-117.5897322,33.9140489],[-117.5897375,33.9140456],[-117.5897428,33.9140424],[-117.5897481,33.9140391],[-117.5897546,33.9140367],[-117.5897594,33.914033],[-117.589765,33.9140287],[-117.5897662,33.9140277],[-117.5897784,33.9140166],[-117.5897802,33.9140149],[-117.5897805,33.9140146],[-117.5898225,33.9139763],[-117.589926,33.914057],[-117.5901113,33.9141978],[-117.5902647,33.9143144],[-117.5904181,33.9144311],[-117.5905773,33.9145521],[-117.5907364,33.9146731],[-117.5908956,33.9147941],[-117.5910547,33.9149151],[-117.5912139,33.9150361],[-117.5913731,33.9151571],[-117.5915322,33.9152781],[-117.5916183,33.9153435],[-117.5916794,33.91539],[-117.5916914,33.9153991],[-117.5917644,33.9154546],[-117.5918505,33.9155201],[-117.5920126,33.9156433],[-117.5922275,33.9158067],[-117.592645,33.9161241],[-117.5927027,33.9161679],[-117.5927093,33.916173],[-117.5927222,33.9161612],[-117.5929001,33.9159989],[-117.593042,33.9158693],[-117.5930779,33.9158366],[-117.5932236,33.9157036],[-117.5932558,33.9156743],[-117.5933592,33.9155799],[-117.5934336,33.915512],[-117.5934948,33.9154561],[-117.5936114,33.9153497],[-117.5936304,33.9153323],[-117.593766,33.9152086],[-117.5937893,33.9151873],[-117.5939016,33.9150848],[-117.5939671,33.915025],[-117.5940372,33.9149611],[-117.5941449,33.9148627],[-117.5941728,33.9148373],[-117.5943084,33.9147135],[-117.5943228,33.9147004],[-117.594444,33.9145898],[-117.5945006,33.9145381],[-117.5945796,33.914466],[-117.5946784,33.9143758],[-117.5947152,33.9143422],[-117.5948508,33.9142185],[-117.5948562,33.9142135],[-117.5949864,33.9140947],[-117.5950341,33.9140512],[-117.595122,33.913971],[-117.5952119,33.9138889],[-117.5952576,33.9138472],[-117.5953897,33.9137266],[-117.5953931,33.9137234],[-117.5955287,33.9135997],[-117.5955676,33.9135642],[-117.5956643,33.9134759],[-117.5957454,33.9134019],[-117.5957999,33.9133522],[-117.5959232,33.9132396],[-117.5959355,33.9132284],[-117.5960711,33.9131046],[-117.5961146,33.9130649],[-117.5961813,33.9130041],[-117.5962067,33.9129809],[-117.596248,33.9129432],[-117.5963423,33.9128571],[-117.5964394,33.9127685],[-117.5964779,33.9127333],[-117.5966135,33.9126096],[-117.5966172,33.9126062],[-117.5967491,33.9124858],[-117.596795,33.9124439],[-117.5968847,33.9123621],[-117.5969735,33.912281],[-117.5970202,33.9122383],[-117.5970985,33.9121669],[-117.5970919,33.9121618],[-117.5970139,33.9121014],[-117.5970148,33.9121007],[-117.5970661,33.9120538],[-117.5970707,33.9120497],[-117.5972086,33.9119238],[-117.597244,33.9118915],[-117.5973465,33.9117979],[-117.5974218,33.9117292],[-117.5975996,33.9115668],[-117.5976673,33.9115051],[-117.5977774,33.9114045],[-117.5978014,33.9113827],[-117.5979552,33.9112422],[-117.5980551,33.9111511],[-117.598069,33.9111383],[-117.598133,33.9110799],[-117.5982707,33.9109543],[-117.5983108,33.9109176],[-117.5984062,33.9108305],[-117.5984931,33.9107512],[-117.5985418,33.9107067],[-117.5986774,33.910583],[-117.598813,33.9104592],[-117.5988618,33.9104146],[-117.5989486,33.9103354],[-117.5990485,33.9102442],[-117.5990841,33.9102117],[-117.5992197,33.9100879],[-117.5992352,33.9100737],[-117.5993553,33.9099641],[-117.599413,33.9099114],[-117.5994909,33.9098403],[-117.5995909,33.9097491],[-117.5996264,33.9097166],[-117.599762,33.9095928],[-117.5997687,33.9095868],[-117.5998976,33.909469],[-117.5999465,33.9094244],[-117.6000332,33.9093453],[-117.6001271,33.9092595],[-117.6001688,33.9092215],[-117.6003044,33.9090977],[-117.6003049,33.9090972],[-117.60044,33.908974],[-117.6004828,33.9089349],[-117.6005755,33.9088502],[-117.6006606,33.9087726],[-117.6007111,33.9087265],[-117.6008384,33.9086103],[-117.6008471,33.9086024],[-117.6010162,33.908448],[-117.601194,33.9082857],[-117.6013718,33.9081233],[-117.6015838,33.9079299],[-117.6016517,33.9078674],[-117.6016777,33.9078871],[-117.6017759,33.9079617],[-117.6019166,33.9080686],[-117.6020628,33.9081798],[-117.6022202,33.9082994],[-117.6023251,33.9083791],[-117.6024766,33.9084943],[-117.6026475,33.9086242],[-117.6026745,33.9086412],[-117.6029255,33.9088],[-117.6031014,33.9089111],[-117.6033251,33.9090526],[-117.6037173,33.9093005],[-117.6038123,33.9093606],[-117.6041756,33.9095903],[-117.6041774,33.9095887],[-117.6042458,33.9095258],[-117.6044582,33.9093305],[-117.604681,33.9091257],[-117.6048228,33.9089953],[-117.6049685,33.9088614],[-117.6051097,33.9087316],[-117.6052512,33.9086016],[-117.605395,33.9084694],[-117.6055346,33.908341],[-117.6055959,33.9082847],[-117.6056818,33.908236],[-117.6058526,33.9081389],[-117.6060319,33.9080371],[-117.6062099,33.907936],[-117.6063772,33.907841],[-117.6063908,33.9078333],[-117.606399,33.9078287],[-117.606567,33.9077333],[-117.6067434,33.9076331],[-117.6069183,33.9075338],[-117.6070997,33.9074307],[-117.6072677,33.9073353],[-117.6074424,33.9072361],[-117.6076215,33.9071344],[-117.6078064,33.9070294],[-117.6080726,33.9068782],[-117.6085293,33.9066188],[-117.6098254,33.9056689],[-117.6101331,33.9055045],[-117.6101407,33.9055005],[-117.6102374,33.9054488],[-117.6120064,33.9047703],[-117.6120986,33.9047349],[-117.614039,33.9039906],[-117.6140412,33.9039944],[-117.6150402,33.905767],[-117.6150823,33.9058416],[-117.6155184,33.9066154],[-117.6158653,33.9072309],[-117.6165488,33.9080612],[-117.616555,33.908059],[-117.6170674,33.9078754],[-117.6175674,33.9076963],[-117.6200437,33.9068091],[-117.619218,33.9053398],[-117.6177152,33.9026657],[-117.6170395,33.9014632],[-117.620119,33.9005081],[-117.6202215,33.9004763],[-117.6202255,33.9004837],[-117.6202407,33.9005122],[-117.6202467,33.9005232],[-117.6202621,33.900552],[-117.6202688,33.9005651],[-117.6212399,33.902442],[-117.6212795,33.9025186],[-117.6212877,33.9025159],[-117.6213214,33.9025051],[-117.6213717,33.902489],[-117.6213842,33.902485],[-117.6214937,33.9024499],[-117.6221536,33.9022383],[-117.622271,33.9022007],[-117.62236,33.9021721],[-117.6224713,33.9021364],[-117.6246417,33.9014404],[-117.6248732,33.9013662],[-117.6248726,33.9013634],[-117.6247673,33.9008341],[-117.6244688,33.8993344],[-117.624455,33.899265],[-117.6241286,33.8976247],[-117.6238135,33.8960413],[-117.6235374,33.8946534],[-117.623491,33.8944206],[-117.6234898,33.8944144],[-117.6232933,33.8944384],[-117.6227821,33.8945008],[-117.6227711,33.8945022],[-117.6227257,33.89423],[-117.6227232,33.8942147],[-117.6227222,33.8942086],[-117.6169639,33.8948613],[-117.6168777,33.8949149],[-117.6168747,33.8949168],[-117.6168005,33.8948609],[-117.6157915,33.8941007],[-117.6129866,33.8919875],[-117.6124181,33.8915591],[-117.6123478,33.8915062],[-117.6123447,33.8915039],[-117.6124118,33.8914433],[-117.612985,33.8909257],[-117.613053,33.8908643],[-117.61368,33.8902982],[-117.6137471,33.8902377],[-117.6137566,33.8902449],[-117.6138203,33.8902929],[-117.6139972,33.8904263],[-117.6145314,33.8908289],[-117.6149322,33.891131],[-117.615005,33.8911859],[-117.6150075,33.8911836],[-117.6150163,33.8911755],[-117.6150674,33.8911284],[-117.6156594,33.8905822],[-117.6162754,33.8900139],[-117.616344,33.8899506],[-117.616269,33.8898941],[-117.6157576,33.8895086],[-117.6155412,33.8893455],[-117.6146876,33.8887021],[-117.6146858,33.8886965],[-117.6146855,33.8886957],[-117.6145861,33.8883951],[-117.6145,33.8883316],[-117.6144926,33.8883262],[-117.6145145,33.8883236],[-117.6148252,33.8882879],[-117.6155201,33.8882078],[-117.615618,33.8881966],[-117.6157158,33.888185],[-117.6160625,33.8881438],[-117.6161604,33.8881322],[-117.6161651,33.8881279],[-117.6162267,33.8880711],[-117.6163811,33.887929],[-117.6166437,33.8876781],[-117.6167481,33.8875568],[-117.6168057,33.8874898],[-117.6168091,33.8874924],[-117.6168164,33.8874962],[-117.6168895,33.8875334],[-117.6171335,33.8876579],[-117.6177906,33.8879936],[-117.6178749,33.8880366],[-117.6178756,33.8880357],[-117.6179263,33.8879662],[-117.6184672,33.8872261],[-117.6185548,33.8871064],[-117.6185661,33.8871122],[-117.6186925,33.8871765],[-117.6187446,33.887203],[-117.6187833,33.8872227],[-117.6187986,33.8872305],[-117.6188567,33.88726],[-117.6188753,33.8872695],[-117.6188948,33.8872794],[-117.6188959,33.88728],[-117.6188968,33.8872804],[-117.6188972,33.8872799],[-117.6188974,33.8872795],[-117.6190001,33.8871395],[-117.6188544,33.887063],[-117.6187111,33.8869832],[-117.6184256,33.8868196],[-117.6183856,33.8867967],[-117.6183624,33.8867833],[-117.6180538,33.8866065],[-117.6180273,33.8865914],[-117.6177353,33.886424],[-117.6175993,33.886346],[-117.6175959,33.8863443],[-117.6175187,33.8863041],[-117.6174342,33.8862682],[-117.6173461,33.8862385],[-117.6172554,33.8862154],[-117.617205,33.8862056],[-117.6171541,33.8861978],[-117.6171541,33.8861978],[-117.6168564,33.886046],[-117.6168532,33.8860443],[-117.6168377,33.8859998],[-117.6168219,33.8859631],[-117.6168035,33.8859273],[-117.6167692,33.8858723],[-117.616729,33.8858202],[-117.6166832,33.8857714],[-117.6166322,33.8857264],[-117.6165769,33.8856858],[-117.6165174,33.8856496],[-117.6164478,33.8856152],[-117.6163559,33.885575],[-117.6157175,33.8852952],[-117.6155895,33.8852391],[-117.6155909,33.8852389],[-117.615657,33.8852278],[-117.6157027,33.8852201],[-117.6161884,33.8851386],[-117.617468,33.8849239],[-117.6184054,33.8847665],[-117.619552,33.8845741],[-117.6206987,33.8843816],[-117.621628,33.8842256],[-117.6216635,33.8842196],[-117.6216644,33.8842175],[-117.6216677,33.88421],[-117.621742,33.8840418],[-117.6218153,33.8838759],[-117.6218204,33.8838789],[-117.6222375,33.8841233],[-117.6235295,33.8839064],[-117.6243082,33.8837756],[-117.6242932,33.8837136],[-117.6242906,33.8837029],[-117.6242911,33.8837028],[-117.6243048,33.8837005],[-117.625408,33.8835152],[-117.6255473,33.8834919],[-117.625644,33.8834756],[-117.6256441,33.8834711],[-117.6256443,33.8834641],[-117.6256444,33.8834595],[-117.6256449,33.8834399],[-117.6256451,33.8834312],[-117.6256452,33.8834291],[-117.6255923,33.8834126],[-117.6255603,33.8834019],[-117.6255558,33.8834004],[-117.6255512,33.8833989],[-117.6255466,33.8833973],[-117.625544,33.8833964],[-117.6255421,33.8833958],[-117.6255375,33.8833943],[-117.625533,33.8833928],[-117.6255284,33.8833912],[-117.6255239,33.8833897],[-117.625522,33.8833891],[-117.6255174,33.8833875],[-117.625511,33.8833854],[-117.6255064,33.8833839],[-117.6255019,33.8833823],[-117.6254973,33.8833808],[-117.6254908,33.8833786],[-117.6254863,33.8833771],[-117.6254817,33.8833756],[-117.6254772,33.8833741],[-117.6254707,33.8833719],[-117.6254662,33.8833704],[-117.6254643,33.8833697],[-117.6254597,33.8833682],[-117.6254578,33.8833676],[-117.6254552,33.8833667],[-117.6254506,33.8833652],[-117.6254441,33.883363],[-117.6254396,33.8833615],[-117.625435,33.8833599],[-117.6254331,33.8833593],[-117.6254286,33.8833578],[-117.625424,33.8833563],[-117.6254195,33.8833547],[-117.625413,33.8833526],[-117.6254039,33.8833495],[-117.6253974,33.8833474],[-117.625391,33.8833452],[-117.6253864,33.8833437],[-117.6253099,33.883318],[-117.6252357,33.8832932],[-117.6251758,33.8832731],[-117.6251755,33.883273],[-117.6251754,33.883273],[-117.6251752,33.8832729],[-117.6251749,33.8832728],[-117.6251746,33.8832727],[-117.6251739,33.8832725],[-117.6251737,33.8832724],[-117.6251733,33.8832723],[-117.6251727,33.8832721],[-117.6251725,33.883272],[-117.6251724,33.883272],[-117.6251721,33.8832719],[-117.6251718,33.8832718],[-117.6251715,33.8832717],[-117.6251714,33.8832717],[-117.6251712,33.8832716],[-117.6251708,33.8832714],[-117.6251705,33.8832713],[-117.6251704,33.8832713],[-117.6251703,33.8832713],[-117.62517,33.8832712],[-117.6251697,33.8832711],[-117.6251696,33.883271],[-117.6251694,33.883271],[-117.6251691,33.8832709],[-117.625169,33.8832708],[-117.6251687,33.8832707],[-117.6251684,33.8832706],[-117.6251682,33.8832706],[-117.6251679,33.8832705],[-117.6251676,33.8832704],[-117.6251672,33.8832702],[-117.625167,33.8832702],[-117.6251666,33.88327],[-117.6251663,33.8832699],[-117.625166,33.8832698],[-117.6251616,33.8832684],[-117.6251572,33.8832669],[-117.625157,33.8832668],[-117.6251567,33.8832667],[-117.6251566,33.8832667],[-117.6251565,33.8832666],[-117.6251562,33.8832666],[-117.6251559,33.8832665],[-117.6251557,33.8832664],[-117.6251554,33.8832663],[-117.6251553,33.8832662],[-117.625155,33.8832662],[-117.6251547,33.8832661],[-117.6251546,33.883266],[-117.6251542,33.8832659],[-117.625154,33.8832658],[-117.6251537,33.8832657],[-117.6251534,33.8832656],[-117.6251531,33.8832655],[-117.6251528,33.8832654],[-117.6251525,33.8832653],[-117.6251521,33.8832652],[-117.6251518,33.8832651],[-117.6251516,33.883265],[-117.6251513,33.8832649],[-117.625151,33.8832648],[-117.6251507,33.8832647],[-117.6251505,33.8832646],[-117.6251502,33.8832645],[-117.6251499,33.8832645],[-117.6251495,33.8832643],[-117.6251494,33.8832643],[-117.6251492,33.8832642],[-117.6251489,33.8832641],[-117.6251486,33.883264],[-117.6251483,33.8832639],[-117.6251481,33.8832638],[-117.6251478,33.8832637],[-117.6251475,33.8832636],[-117.6251471,33.8832635],[-117.6251469,33.8832634],[-117.6251468,33.8832634],[-117.6251465,33.8832633],[-117.6251462,33.8832632],[-117.6251461,33.8832632],[-117.6251458,33.8832631],[-117.6251456,33.883263],[-117.6251453,33.8832629],[-117.6251452,33.8832629],[-117.6251449,33.8832628],[-117.6251444,33.8832626],[-117.6251442,33.8832626],[-117.6251441,33.8832625],[-117.6251439,33.8832624],[-117.6251436,33.8832623],[-117.6251433,33.8832622],[-117.6251432,33.8832622],[-117.6251429,33.8832621],[-117.6251427,33.883262],[-117.6251424,33.8832619],[-117.6251421,33.8832618],[-117.6251418,33.8832617],[-117.6251415,33.8832616],[-117.6251412,33.8832615],[-117.6251411,33.8832615],[-117.6251408,33.8832614],[-117.6251405,33.8832613],[-117.6251401,33.8832612],[-117.6251399,33.8832611],[-117.6251398,33.883261],[-117.6251396,33.883261],[-117.6251393,33.8832609],[-117.625139,33.8832608],[-117.6251386,33.8832607],[-117.6251383,33.8832606],[-117.6251382,33.8832605],[-117.6251379,33.8832604],[-117.6251376,33.8832603],[-117.6251373,33.8832602],[-117.6251369,33.8832601],[-117.6251366,33.88326],[-117.6251364,33.8832599],[-117.6251362,33.8832599],[-117.6251357,33.8832597],[-117.6251354,33.8832596],[-117.6251351,33.8832595],[-117.6251348,33.8832594],[-117.6251347,33.8832593],[-117.6251344,33.8832593],[-117.625134,33.8832591],[-117.6251337,33.883259],[-117.6251334,33.8832589],[-117.6251332,33.8832589],[-117.625133,33.8832588],[-117.6251327,33.8832587],[-117.6251326,33.8832586],[-117.6251323,33.8832586],[-117.6251322,33.8832585],[-117.6251319,33.8832584],[-117.6251317,33.8832583],[-117.6251312,33.8832582],[-117.625131,33.8832581],[-117.6251307,33.883258],[-117.6251304,33.8832579],[-117.6251303,33.8832579],[-117.62513,33.8832578],[-117.6251298,33.8832577],[-117.6251295,33.8832576],[-117.6251292,33.8832575],[-117.6251289,33.8832574],[-117.6251288,33.8832574],[-117.6251284,33.8832573],[-117.6251282,33.8832572],[-117.6251276,33.883257],[-117.6251274,33.8832569],[-117.6251272,33.8832569],[-117.6251267,33.8832567],[-117.6251263,33.8832565],[-117.625126,33.8832565],[-117.6251258,33.8832564],[-117.6251257,33.8832563],[-117.6251254,33.8832562],[-117.625125,33.8832561],[-117.6251247,33.883256],[-117.6251245,33.8832559],[-117.6251241,33.8832558],[-117.6251238,33.8832557],[-117.6251235,33.8832556],[-117.6251234,33.8832556],[-117.6251229,33.8832554],[-117.6251228,33.8832554],[-117.6251224,33.8832552],[-117.625122,33.8832551],[-117.6251217,33.883255],[-117.6251216,33.883255],[-117.6251213,33.8832549],[-117.6251211,33.8832548],[-117.6251209,33.8832548],[-117.6251207,33.8832547],[-117.6251206,33.8832546],[-117.6251203,33.8832545],[-117.62512,33.8832544],[-117.6251199,33.8832544],[-117.6251195,33.8832543],[-117.6251192,33.8832542],[-117.6251191,33.8832541],[-117.6251189,33.8832541],[-117.6251185,33.8832539],[-117.6251184,33.8832539],[-117.6251181,33.8832538],[-117.6251178,33.8832537],[-117.6251177,33.8832537],[-117.6251176,33.8832536],[-117.6251173,33.8832535],[-117.6251172,33.8832535],[-117.6251169,33.8832534],[-117.6251167,33.8832533],[-117.6251165,33.8832533],[-117.6251162,33.8832532],[-117.6251159,33.8832531],[-117.6251158,33.883253],[-117.6251155,33.8832529],[-117.6251151,33.8832528],[-117.6251147,33.8832527],[-117.6251145,33.8832526],[-117.6251142,33.8832525],[-117.625114,33.8832524],[-117.6251138,33.8832523],[-117.6251135,33.8832523],[-117.6251132,33.8832522],[-117.6251128,33.883252],[-117.6251125,33.8832519],[-117.6251122,33.8832518],[-117.6251118,33.8832517],[-117.6251114,33.8832516],[-117.6251111,33.8832515],[-117.6251108,33.8832513],[-117.6251105,33.8832512],[-117.6251101,33.8832511],[-117.6251098,33.883251],[-117.6251094,33.8832509],[-117.6251093,33.8832509],[-117.6251088,33.8832507],[-117.6251085,33.8832506],[-117.6251082,33.8832505],[-117.625108,33.8832504],[-117.6251076,33.8832503],[-117.6251073,33.8832502],[-117.625107,33.8832501],[-117.6251065,33.8832499],[-117.625106,33.8832497],[-117.6251056,33.8832496],[-117.6251053,33.8832495],[-117.625105,33.8832494],[-117.6251044,33.8832492],[-117.625104,33.8832491],[-117.6251034,33.8832489],[-117.6251028,33.8832487],[-117.6251021,33.8832485],[-117.625102,33.8832484],[-117.6251017,33.8832483],[-117.6251015,33.8832482],[-117.625101,33.8832481],[-117.6251007,33.883248],[-117.6251004,33.8832479],[-117.6251,33.8832478],[-117.6250998,33.8832477],[-117.6250997,33.8832476],[-117.6250991,33.8832474],[-117.625099,33.8832474],[-117.6250986,33.8832473],[-117.6250982,33.8832471],[-117.625098,33.8832471],[-117.6250978,33.883247],[-117.6250976,33.8832469],[-117.6250972,33.8832468],[-117.6250965,33.8832466],[-117.6250964,33.8832465],[-117.6250961,33.8832464],[-117.6250959,33.8832464],[-117.6250955,33.8832462],[-117.6250951,33.8832461],[-117.6250948,33.883246],[-117.6250946,33.8832459],[-117.6250943,33.8832458],[-117.6250942,33.8832458],[-117.6250939,33.8832457],[-117.6250936,33.8832456],[-117.6250935,33.8832456],[-117.6250933,33.8832455],[-117.625093,33.8832454],[-117.6250927,33.8832453],[-117.6250924,33.8832452],[-117.6250923,33.8832452],[-117.6250918,33.883245],[-117.6250915,33.8832449],[-117.625091,33.8832447],[-117.6250907,33.8832446],[-117.6250901,33.8832444],[-117.6250898,33.8832443],[-117.6250895,33.8832442],[-117.6250888,33.883244],[-117.6250886,33.8832439],[-117.6250882,33.8832438],[-117.6250879,33.8832437],[-117.6250874,33.8832435],[-117.6250871,33.8832434],[-117.6250868,33.8832433],[-117.6250865,33.8832432],[-117.625086,33.8832431],[-117.6250857,33.883243],[-117.6250855,33.8832429],[-117.6250846,33.8832426],[-117.6250843,33.8832425],[-117.625084,33.8832424],[-117.6250837,33.8832423],[-117.6250832,33.8832421],[-117.6250826,33.8832419],[-117.6250824,33.8832418],[-117.6250821,33.8832418],[-117.6250819,33.8832417],[-117.6250816,33.8832416],[-117.6250812,33.8832414],[-117.6250809,33.8832414],[-117.6250807,33.8832413],[-117.6250803,33.8832411],[-117.62508,33.883241],[-117.6250797,33.883241],[-117.6250791,33.8832407],[-117.6250788,33.8832406],[-117.6250785,33.8832405],[-117.6250781,33.8832404],[-117.6250779,33.8832403],[-117.6250774,33.8832402],[-117.6250771,33.8832401],[-117.625077,33.88324],[-117.6250767,33.8832399],[-117.6250766,33.8832399],[-117.6250763,33.8832398],[-117.6250761,33.8832397],[-117.625076,33.8832397],[-117.6250757,33.8832396],[-117.6250753,33.8832395],[-117.625075,33.8832394],[-117.6250746,33.8832392],[-117.6250744,33.8832392],[-117.6250743,33.8832391],[-117.625074,33.883239],[-117.6250736,33.8832389],[-117.6250732,33.8832388],[-117.6250727,33.8832386],[-117.6250726,33.8832385],[-117.6250723,33.8832385],[-117.625072,33.8832384],[-117.6250719,33.8832383],[-117.6250716,33.8832382],[-117.625071,33.883238],[-117.6250709,33.883238],[-117.6250706,33.8832379],[-117.6250703,33.8832378],[-117.62507,33.8832377],[-117.6250698,33.8832376],[-117.6250695,33.8832375],[-117.6250691,33.8832374],[-117.6250688,33.8832373],[-117.6250686,33.8832372],[-117.6250683,33.8832371],[-117.625068,33.883237],[-117.6250676,33.8832369],[-117.6250674,33.8832368],[-117.6250671,33.8832367],[-117.6250667,33.8832366],[-117.6250663,33.8832365],[-117.6250659,33.8832363],[-117.6250657,33.8832362],[-117.6250654,33.8832362],[-117.6250651,33.8832361],[-117.6250649,33.883236],[-117.6250646,33.8832359],[-117.6250643,33.8832358],[-117.6250639,33.8832357],[-117.6250638,33.8832356],[-117.6250635,33.8832355],[-117.6250632,33.8832354],[-117.6250629,33.8832353],[-117.6250623,33.8832351],[-117.625062,33.883235],[-117.6250618,33.883235],[-117.6250616,33.8832349],[-117.6250615,33.8832348],[-117.6250612,33.8832347],[-117.6250611,33.8832347],[-117.6250608,33.8832346],[-117.6250605,33.8832345],[-117.6250604,33.8832345],[-117.6250601,33.8832344],[-117.6250599,33.8832343],[-117.6250595,33.8832342],[-117.6250591,33.883234],[-117.6250587,33.8832339],[-117.6250584,33.8832338],[-117.6250583,33.8832338],[-117.6250578,33.8832336],[-117.6250577,33.8832336],[-117.6250574,33.8832335],[-117.6250568,33.8832333],[-117.6250564,33.8832331],[-117.625056,33.883233],[-117.6250553,33.8832328],[-117.6250549,33.8832326],[-117.6250543,33.8832324],[-117.6250542,33.8832324],[-117.6250538,33.8832323],[-117.6250535,33.8832322],[-117.6250534,33.8832321],[-117.6250531,33.883232],[-117.625053,33.883232],[-117.6250527,33.8832319],[-117.6250525,33.8832318],[-117.6250521,33.8832317],[-117.6250518,33.8832316],[-117.6250515,33.8832315],[-117.6250514,33.8832315],[-117.625051,33.8832313],[-117.6250508,33.8832313],[-117.6250505,33.8832312],[-117.6250504,33.8832311],[-117.6250501,33.883231],[-117.6250497,33.8832309],[-117.6250492,33.8832307],[-117.6250489,33.8832306],[-117.6250484,33.8832304],[-117.625048,33.8832303],[-117.6250477,33.8832302],[-117.6250474,33.8832301],[-117.6250469,33.88323],[-117.6250468,33.8832299],[-117.6250465,33.8832298],[-117.6250462,33.8832297],[-117.625046,33.8832296],[-117.6250457,33.8832296],[-117.6250454,33.8832295],[-117.6250452,33.8832294],[-117.6250446,33.8832292],[-117.6250443,33.8832291],[-117.6250441,33.883229],[-117.6250435,33.8832288],[-117.6250433,33.8832287],[-117.6250431,33.8832287],[-117.6250429,33.8832286],[-117.6250426,33.8832285],[-117.6250423,33.8832284],[-117.6250419,33.8832283],[-117.6250416,33.8832282],[-117.6250413,33.8832281],[-117.625041,33.883228],[-117.6250407,33.8832279],[-117.6250405,33.8832278],[-117.6250402,33.8832277],[-117.6250401,33.8832277],[-117.6250398,33.8832276],[-117.6250395,33.8832275],[-117.6250394,33.8832275],[-117.6250392,33.8832274],[-117.6250389,33.8832273],[-117.6250386,33.8832272],[-117.6250383,33.8832271],[-117.6250382,33.8832271],[-117.625038,33.883227],[-117.6250377,33.8832269],[-117.6250374,33.8832268],[-117.6250371,33.8832267],[-117.625037,33.8832267],[-117.6250366,33.8832265],[-117.625036,33.8832263],[-117.6250356,33.8832262],[-117.6250351,33.883226],[-117.6250347,33.8832259],[-117.6250344,33.8832258],[-117.625034,33.8832256],[-117.6250335,33.8832255],[-117.6250334,33.8832254],[-117.6250331,33.8832253],[-117.6250328,33.8832252],[-117.6250324,33.8832251],[-117.6250322,33.883225],[-117.6250316,33.8832248],[-117.6250312,33.8832247],[-117.6250308,33.8832246],[-117.6250306,33.8832245],[-117.6250303,33.8832244],[-117.6250302,33.8832244],[-117.6250299,33.8832243],[-117.6250298,33.8832242],[-117.6250295,33.8832241],[-117.6250293,33.8832241],[-117.6250291,33.883224],[-117.6250289,33.8832239],[-117.6250288,33.8832239],[-117.6250285,33.8832238],[-117.6250284,33.8832238],[-117.6250281,33.8832237],[-117.6250278,33.8832236],[-117.6250276,33.8832235],[-117.6250274,33.8832234],[-117.6250272,33.8832234],[-117.6250268,33.8832232],[-117.6250265,33.8832231],[-117.6250262,33.883223],[-117.6250216,33.8832215],[-117.6250197,33.8832208],[-117.6250151,33.8832193],[-117.6250132,33.8832187],[-117.6250106,33.8832178],[-117.6250087,33.8832172],[-117.6250041,33.8832156],[-117.6249996,33.8832141],[-117.6249977,33.8832135],[-117.6249912,33.8832113],[-117.6249867,33.8832098],[-117.6249821,33.8832083],[-117.6249802,33.8832076],[-117.6249756,33.8832061],[-117.6249711,33.8832046],[-117.6249665,33.883203],[-117.6249646,33.8832024],[-117.6249536,33.8831987],[-117.6249491,33.8831972],[-117.6249381,33.8831935],[-117.6249316,33.8831913],[-117.6249271,33.8831898],[-117.624916,33.8831861],[-117.624905,33.8831824],[-117.624894,33.8831788],[-117.624883,33.8831751],[-117.6248766,33.8831729],[-117.6248739,33.883172],[-117.6248693,33.8831705],[-117.6248674,33.8831699],[-117.6248648,33.883169],[-117.6248629,33.8831683],[-117.6248583,33.8831668],[-117.6248492,33.8831638],[-117.6248447,33.8831622],[-117.6248401,33.8831607],[-117.6248356,33.8831592],[-117.6248337,33.8831585],[-117.6248291,33.883157],[-117.6248246,33.8831555],[-117.6248181,33.8831533],[-117.6248116,33.8831512],[-117.6248071,33.8831496],[-117.6248025,33.8831481],[-117.6248006,33.8831475],[-117.6247961,33.883146],[-117.6247915,33.8831444],[-117.6247851,33.8831423],[-117.6247805,33.8831407],[-117.624776,33.8831392],[-117.6247695,33.8831371],[-117.6247649,33.8831355],[-117.6247585,33.8831334],[-117.6247539,33.8831318],[-117.624752,33.8831312],[-117.6247475,33.8831297],[-117.6247456,33.883129],[-117.624741,33.8831275],[-117.6247365,33.883126],[-117.6247346,33.8831254],[-117.62473,33.8831238],[-117.6247236,33.8831217],[-117.624719,33.8831201],[-117.6247145,33.8831186],[-117.6247099,33.8831171],[-117.624708,33.8831165],[-117.6247034,33.8831149],[-117.6246989,33.8831134],[-117.6246905,33.8831106],[-117.624686,33.8831091],[-117.6246841,33.8831084],[-117.6246795,33.8831069],[-117.6246776,33.8831063],[-117.6246731,33.8831048],[-117.6246685,33.8831032],[-117.624664,33.8831017],[-117.624651,33.8830974],[-117.6246446,33.8830952],[-117.6246336,33.8830915],[-117.6246207,33.8830872],[-117.6246142,33.883085],[-117.6246097,33.8830835],[-117.6246078,33.8830829],[-117.6246032,33.8830814],[-117.6246013,33.8830807],[-117.6245968,33.8830792],[-117.6245903,33.883077],[-117.6245838,33.8830749],[-117.6245793,33.8830734],[-117.6245774,33.8830727],[-117.6245709,33.8830706],[-117.6245664,33.883069],[-117.6245599,33.8830669],[-117.624558,33.8830662],[-117.6245535,33.8830647],[-117.624547,33.8830625],[-117.6245406,33.8830604],[-117.624536,33.8830589],[-117.6245295,33.8830567],[-117.6245231,33.8830545],[-117.6245166,33.8830524],[-117.6245121,33.8830508],[-117.6245056,33.8830487],[-117.6245011,33.8830472],[-117.6244992,33.8830465],[-117.6244946,33.883045],[-117.6244901,33.8830435],[-117.6244855,33.8830419],[-117.6244829,33.8830411],[-117.624481,33.8830404],[-117.6244783,33.8830395],[-117.6244737,33.883038],[-117.6244692,33.8830365],[-117.6244646,33.883035],[-117.6244601,33.8830334],[-117.6243876,33.8830091],[-117.624312,33.8829838],[-117.6243075,33.8829823],[-117.624301,33.8829802],[-117.6242267,33.8829553],[-117.6242227,33.8829539],[-117.6242131,33.8829507],[-117.6242035,33.8829475],[-117.6241938,33.8829443],[-117.6241898,33.8829429],[-117.6241802,33.8829397],[-117.6241609,33.8829332],[-117.6241473,33.8829287],[-117.6241377,33.8829255],[-117.6241281,33.8829222],[-117.624124,33.8829209],[-117.6241144,33.8829177],[-117.6241008,33.8829131],[-117.6240912,33.8829099],[-117.6240815,33.8829066],[-117.6240775,33.8829053],[-117.6240679,33.8829021],[-117.6240583,33.8828989],[-117.6240487,33.8828956],[-117.624035,33.8828911],[-117.6240254,33.8828878],[-117.6240158,33.8828846],[-117.6240062,33.8828814],[-117.6240021,33.8828801],[-117.6239885,33.8828755],[-117.6239789,33.8828723],[-117.6239652,33.8828677],[-117.6239516,33.8828631],[-117.6239324,33.8828567],[-117.6239283,33.8828553],[-117.6239187,33.8828521],[-117.6239051,33.8828476],[-117.6238955,33.8828443],[-117.6238818,33.8828398],[-117.6238778,33.8828384],[-117.6238586,33.882832],[-117.6238546,33.8828306],[-117.6238449,33.8828274],[-117.6238353,33.8828242],[-117.6238313,33.8828228],[-117.6238177,33.8828183],[-117.623808,33.882815],[-117.623804,33.8828137],[-117.6237944,33.8828105],[-117.6237808,33.8828059],[-117.6237768,33.8828046],[-117.6237671,33.8828013],[-117.6237575,33.8827981],[-117.6237535,33.8827968],[-117.6237439,33.8827936],[-117.6237399,33.8827922],[-117.6236182,33.8827515],[-117.6236178,33.8827513],[-117.6236043,33.8827467],[-117.6235763,33.8827413],[-117.6235762,33.8827413],[-117.6235274,33.8827316],[-117.6235224,33.8827306],[-117.6234456,33.8827154],[-117.6234244,33.8827112],[-117.6234138,33.882709],[-117.6234032,33.8827069],[-117.6233926,33.8827048],[-117.623382,33.8827027],[-117.6233714,33.8827006],[-117.6233608,33.8826985],[-117.6233502,33.8826964],[-117.6233396,33.8826943],[-117.6233263,33.8826917],[-117.6233157,33.8826896],[-117.6233051,33.8826875],[-117.6232945,33.8826854],[-117.6232839,33.8826833],[-117.6232706,33.8826806],[-117.62326,33.8826785],[-117.6232494,33.8826764],[-117.6231435,33.8826554],[-117.6230842,33.8826436],[-117.6229238,33.8825804],[-117.6229147,33.8825768],[-117.6229102,33.882575],[-117.6229011,33.8825714],[-117.6228919,33.8825678],[-117.6228784,33.8825625],[-117.6228692,33.8825589],[-117.6228648,33.8825571],[-117.6228556,33.8825535],[-117.6228421,33.8825481],[-117.6228329,33.8825445],[-117.6228285,33.8825428],[-117.6228149,33.8825374],[-117.6228058,33.8825338],[-117.6228013,33.8825321],[-117.6227922,33.8825285],[-117.6227786,33.8825231],[-117.6227741,33.8825214],[-117.622765,33.8825178],[-117.6227605,33.882516],[-117.6227514,33.8825124],[-117.6227423,33.8825088],[-117.6227378,33.882507],[-117.6227196,33.8824998],[-117.6227151,33.8824981],[-117.622706,33.8824945],[-117.6226969,33.8824909],[-117.6226833,33.8824855],[-117.6226697,33.8824802],[-117.6226606,33.8824766],[-117.6226561,33.8824748],[-117.622647,33.8824712],[-117.6226378,33.8824676],[-117.6226334,33.8824659],[-117.6226243,33.8824623],[-117.6226151,33.8824587],[-117.6226107,33.8824569],[-117.6225611,33.8824374],[-117.6224708,33.8824018],[-117.6223979,33.8823582],[-117.6222948,33.8823238],[-117.6221911,33.882291],[-117.6220866,33.8822596],[-117.6219815,33.8822298],[-117.6218758,33.8822014],[-117.6217695,33.8821747],[-117.6216627,33.8821495],[-117.6215554,33.8821258],[-117.6214476,33.8821037],[-117.6213393,33.8820832],[-117.6212306,33.8820643],[-117.6211216,33.8820469],[-117.6210122,33.8820312],[-117.6209025,33.882017],[-117.6206969,33.8819949],[-117.6205358,33.881971],[-117.620512,33.8819674],[-117.6205011,33.8819658],[-117.6204881,33.8819639],[-117.6204773,33.8819623],[-117.6204664,33.8819607],[-117.6204556,33.8819591],[-117.6204426,33.8819571],[-117.6204209,33.8819539],[-117.62041,33.8819523],[-117.6203991,33.8819507],[-117.6203883,33.8819491],[-117.6203774,33.8819475],[-117.6203666,33.8819458],[-117.6203557,33.8819442],[-117.6203448,33.8819426],[-117.620334,33.881941],[-117.6203231,33.8819394],[-117.6203122,33.8819378],[-117.6202993,33.8819359],[-117.6202884,33.8819342],[-117.6202776,33.8819326],[-117.6202667,33.881931],[-117.6202558,33.8819294],[-117.620245,33.8819278],[-117.6202341,33.8819262],[-117.6202232,33.8819246],[-117.6202124,33.881923],[-117.6202015,33.8819213],[-117.6201906,33.8819197],[-117.6201798,33.8819181],[-117.6201689,33.8819165],[-117.620158,33.8819149],[-117.6201472,33.8819133],[-117.6201363,33.8819117],[-117.6201342,33.8819114],[-117.6201234,33.8819098],[-117.6201125,33.8819081],[-117.6201016,33.8819065],[-117.6200908,33.8819049],[-117.6200799,33.8819033],[-117.6200691,33.8819017],[-117.6200582,33.8819001],[-117.6200473,33.8818985],[-117.6200365,33.8818969],[-117.6200256,33.8818952],[-117.6200147,33.8818936],[-117.6200039,33.881892],[-117.619993,33.8818904],[-117.6199713,33.8818872],[-117.6199604,33.8818856],[-117.6199495,33.881884],[-117.6199366,33.881882],[-117.6199257,33.8818804],[-117.6199149,33.8818788],[-117.619904,33.8818772],[-117.6198931,33.8818756],[-117.6198823,33.881874],[-117.6198714,33.8818724],[-117.6198605,33.8818707],[-117.6198388,33.8818675],[-117.619828,33.8818659],[-117.6198171,33.8818643],[-117.6198062,33.8818627],[-117.6197954,33.8818611],[-117.6197824,33.8818592],[-117.6197715,33.8818575],[-117.6197607,33.8818559],[-117.6197498,33.8818543],[-117.6197281,33.8818511],[-117.6197172,33.8818495],[-117.6197064,33.8818479],[-117.6197043,33.8818476],[-117.6196934,33.8818459],[-117.6196826,33.8818443],[-117.6196717,33.8818427],[-117.6196608,33.8818411],[-117.61965,33.8818395],[-117.6196391,33.8818379],[-117.6196282,33.8818363],[-117.6196065,33.881833],[-117.6195956,33.8818314],[-117.6195848,33.8818298],[-117.6195739,33.8818282],[-117.619563,33.8818266],[-117.6195522,33.881825],[-117.6195413,33.8818234],[-117.6195304,33.8818218],[-117.6195196,33.8818201],[-117.6195087,33.8818185],[-117.6194979,33.8818169],[-117.6194849,33.881815],[-117.619474,33.8818134],[-117.6194632,33.8818118],[-117.6194523,33.8818102],[-117.6194415,33.8818085],[-117.6194306,33.8818069],[-117.6194197,33.8818053],[-117.6194089,33.8818037],[-117.619398,33.8818021],[-117.6193959,33.8818018],[-117.619385,33.8818002],[-117.6193742,33.8817986],[-117.6193633,33.881797],[-117.6193525,33.8817953],[-117.6193416,33.8817937],[-117.6193307,33.8817921],[-117.6193199,33.8817905],[-117.619309,33.8817889],[-117.6193069,33.8817886],[-117.6192961,33.881787],[-117.6192852,33.8817854],[-117.6192743,33.8817837],[-117.6192635,33.8817821],[-117.6192614,33.8817818],[-117.6192505,33.8817802],[-117.6192396,33.8817786],[-117.6192288,33.881777],[-117.6192179,33.8817754],[-117.6192071,33.8817738],[-117.6191962,33.8817722],[-117.6191853,33.8817705],[-117.6191832,33.8817702],[-117.6191724,33.8817686],[-117.6191703,33.8817683],[-117.6191594,33.8817667],[-117.6191486,33.8817651],[-117.6191377,33.8817635],[-117.6191268,33.8817619],[-117.6191139,33.8817599],[-117.619103,33.8817583],[-117.6190922,33.8817567],[-117.6190813,33.8817551],[-117.6190704,33.8817535],[-117.6190596,33.8817519],[-117.6190487,33.8817503],[-117.6190378,33.8817487],[-117.6190161,33.8817454],[-117.6190053,33.8817438],[-117.6189923,33.8817419],[-117.6189814,33.8817403],[-117.6189706,33.8817387],[-117.6189597,33.8817371],[-117.618938,33.8817338],[-117.6189271,33.8817322],[-117.6189054,33.881729],[-117.6188945,33.8817274],[-117.6188728,33.8817242],[-117.6188707,33.8817238],[-117.6188578,33.8817219],[-117.6188469,33.8817203],[-117.618836,33.8817187],[-117.6188252,33.8817171],[-117.6188143,33.8817155],[-117.6188034,33.8817139],[-117.6188014,33.8817136],[-117.6187905,33.8817119],[-117.6187796,33.8817103],[-117.6187709,33.881709],[-117.6187688,33.8817087],[-117.61876,33.8817074],[-117.6187491,33.8817058],[-117.6187383,33.8817042],[-117.6187274,33.8817026],[-117.6187165,33.881701],[-117.6187036,33.881699],[-117.6186927,33.8816974],[-117.6186819,33.8816958],[-117.6186601,33.8816926],[-117.618658,33.8816923],[-117.6186472,33.8816907],[-117.6186451,33.8816904],[-117.6186342,33.8816887],[-117.6186234,33.8816871],[-117.6186125,33.8816855],[-117.6186016,33.8816839],[-117.6185778,33.8816804],[-117.6185561,33.8816772],[-117.6185432,33.8816752],[-117.6185323,33.8816736],[-117.6185214,33.881672],[-117.6184717,33.8816646],[-117.6184609,33.881663],[-117.6184479,33.8816611],[-117.618435,33.8816592],[-117.6184132,33.881656],[-117.6184024,33.8816543],[-117.6183915,33.8816527],[-117.6183807,33.8816511],[-117.6183786,33.8816508],[-117.6183677,33.8816492],[-117.6183656,33.8816489],[-117.6183439,33.8816457],[-117.6183418,33.8816453],[-117.618331,33.8816437],[-117.6183201,33.8816421],[-117.618318,33.8816418],[-117.6183071,33.8816402],[-117.6182963,33.8816386],[-117.6182854,33.881637],[-117.6182746,33.8816354],[-117.6182637,33.8816338],[-117.6182528,33.8816321],[-117.618242,33.8816305],[-117.6182311,33.8816289],[-117.6182202,33.8816273],[-117.6182094,33.8816257],[-117.6182073,33.8816254],[-117.6181964,33.8816238],[-117.6181835,33.8816218],[-117.6181726,33.8816202],[-117.6181617,33.8816186],[-117.6181509,33.881617],[-117.6181488,33.8816167],[-117.6181379,33.8816151],[-117.6181271,33.8816135],[-117.6181162,33.8816119],[-117.6181053,33.8816103],[-117.6180945,33.8816086],[-117.6180836,33.881607],[-117.6178832,33.8815773],[-117.6178615,33.8815741],[-117.617818,33.8815676],[-117.6178071,33.881566],[-117.6177963,33.8815644],[-117.6177745,33.8815612],[-117.6177528,33.8815579],[-117.6177181,33.8815528],[-117.6177073,33.8815512],[-117.6176964,33.8815496],[-117.6176856,33.8815479],[-117.6176747,33.8815463],[-117.6176638,33.8815447],[-117.617653,33.8815431],[-117.6176312,33.8815399],[-117.6176204,33.8815383],[-117.6175769,33.8815318],[-117.6175552,33.8815286],[-117.6175334,33.8815254],[-117.6175226,33.8815238],[-117.6175009,33.8815205],[-117.6174662,33.8815154],[-117.6174553,33.8815138],[-117.6174336,33.8815105],[-117.6174206,33.8815086],[-117.6174098,33.881507],[-117.6173989,33.8815054],[-117.617386,33.8815035],[-117.6173751,33.8815019],[-117.6173642,33.8815003],[-117.6173425,33.881497],[-117.6173316,33.8814954],[-117.6173099,33.8814922],[-117.6172882,33.881489],[-117.6172665,33.8814857],[-117.6172556,33.8814841],[-117.6172339,33.8814809],[-117.6171992,33.8814758],[-117.6171775,33.8814725],[-117.6171666,33.8814709],[-117.6171557,33.8814693],[-117.6171449,33.8814677],[-117.6171231,33.8814645],[-117.6171102,33.8814625],[-117.6170993,33.8814609],[-117.6170776,33.8814577],[-117.6170559,33.8814545],[-117.617045,33.8814529],[-117.6170212,33.8814493],[-117.6169995,33.8814461],[-117.6169777,33.8814429],[-117.6169648,33.881441],[-117.6169322,33.8814361],[-117.6169213,33.8814345],[-117.6168887,33.8814297],[-117.616867,33.8814265],[-117.6168453,33.8814232],[-117.6168243,33.8814201],[-117.6168127,33.8814184],[-117.616778,33.8814132],[-117.6167454,33.8814084],[-117.6167108,33.8814033],[-117.616689,33.8814],[-117.6166782,33.8813984],[-117.6166673,33.8813968],[-117.6166564,33.8813952],[-117.6166326,33.8813917],[-117.6166218,33.88139],[-117.6166,33.8813868],[-117.6165892,33.8813852],[-117.6165674,33.881382],[-117.6165436,33.8813785],[-117.6165328,33.8813768],[-117.6165219,33.8813752],[-117.616509,33.8813733],[-117.6164981,33.8813717],[-117.6164872,33.8813701],[-117.6164764,33.8813685],[-117.6164634,33.8813665],[-117.6164526,33.8813649],[-117.6164308,33.8813617],[-117.61642,33.8813601],[-117.6163982,33.8813569],[-117.6163874,33.8813553],[-117.6163765,33.8813536],[-117.6163656,33.881352],[-117.6163527,33.8813501],[-117.6163418,33.8813485],[-117.6163201,33.8813453],[-117.6163092,33.8813437],[-117.6162875,33.8813404],[-117.6162746,33.8813385],[-117.6162637,33.8813369],[-117.616242,33.8813337],[-117.6162311,33.8813321],[-117.6162202,33.8813305],[-117.6162094,33.8813288],[-117.6161876,33.8813256],[-117.6161659,33.8813224],[-117.6161551,33.8813208],[-117.6161442,33.8813192],[-117.6161312,33.8813172],[-117.6161204,33.8813156],[-117.6161095,33.881314],[-117.6160986,33.8813124],[-117.6160878,33.8813108],[-117.6160661,33.8813076],[-117.6160531,33.8813056],[-117.6160422,33.881304],[-117.6160314,33.8813024],[-117.6160184,33.8813005],[-117.6160076,33.8812989],[-117.6160055,33.8812986],[-117.6159946,33.881297],[-117.6159838,33.8812953],[-117.6159729,33.8812937],[-117.61596,33.8812918],[-117.6159491,33.8812902],[-117.6159382,33.8812886],[-117.6159361,33.8812883],[-117.6159144,33.8812851],[-117.6159036,33.8812834],[-117.6158797,33.8812799],[-117.6158689,33.8812783],[-117.615858,33.8812767],[-117.6158471,33.8812751],[-117.6158254,33.8812718],[-117.6158037,33.8812686],[-117.6157928,33.881267],[-117.615769,33.8812635],[-117.6157582,33.8812619],[-117.6157364,33.8812586],[-117.6157147,33.8812554],[-117.6157018,33.8812535],[-117.61568,33.8812503],[-117.6156583,33.881247],[-117.6156474,33.8812454],[-117.6156257,33.8812422],[-117.6156128,33.8812403],[-117.6155802,33.8812354],[-117.6155672,33.8812335],[-117.6155564,33.8812319],[-117.6155346,33.8812287],[-117.6155129,33.8812255],[-117.6154803,33.8812206],[-117.6154694,33.881219],[-117.6154348,33.8812139],[-117.615413,33.8812106],[-117.6153913,33.8812074],[-117.6153804,33.8812058],[-117.6153478,33.881201],[-117.6153261,33.8811977],[-117.6153023,33.8811942],[-117.6152806,33.881191],[-117.6152697,33.8811894],[-117.615235,33.8811842],[-117.6152242,33.8811826],[-117.6152112,33.8811807],[-117.6152004,33.8811791],[-117.6151678,33.8811742],[-117.6151548,33.8811723],[-117.615144,33.8811707],[-117.6151202,33.8811672],[-117.6151072,33.8811652],[-117.6150964,33.8811636],[-117.6150746,33.8811604],[-117.6150508,33.8811569],[-117.615027,33.8811533],[-117.6150141,33.8811514],[-117.6149794,33.8811463],[-117.6149577,33.881143],[-117.6149447,33.8811411],[-117.6149338,33.8811395],[-117.614923,33.8811379],[-117.6149121,33.8811363],[-117.6149013,33.8811347],[-117.6148795,33.8811314],[-117.6148687,33.8811298],[-117.6148578,33.8811282],[-117.6148469,33.8811266],[-117.6148361,33.881125],[-117.6148143,33.8811218],[-117.6148014,33.8811198],[-117.6147688,33.881115],[-117.6147579,33.8811134],[-117.6147341,33.8811098],[-117.6147233,33.8811082],[-117.6146886,33.8811031],[-117.6146777,33.8811015],[-117.6146669,33.8810999],[-117.614656,33.8810982],[-117.6146431,33.8810963],[-117.6146213,33.8810931],[-117.6146105,33.8810915],[-117.6145996,33.8810899],[-117.6145887,33.8810883],[-117.6145758,33.8810863],[-117.6145649,33.8810847],[-117.6145541,33.8810831],[-117.6145432,33.8810815],[-117.6145302,33.8810796],[-117.6145194,33.881078],[-117.6145085,33.8810764],[-117.6144847,33.8810728],[-117.6144521,33.881068],[-117.6144412,33.8810664],[-117.6144304,33.8810648],[-117.6144195,33.8810631],[-117.6144087,33.8810615],[-117.6143978,33.8810599],[-117.6143957,33.8810596],[-117.6143848,33.881058],[-117.614374,33.8810564],[-117.614361,33.8810545],[-117.6143481,33.8810525],[-117.6143264,33.8810493],[-117.6143155,33.8810477],[-117.6143046,33.8810461],[-117.6142808,33.8810426],[-117.61427,33.8810409],[-117.6142482,33.8810377],[-117.6142374,33.8810361],[-117.6142156,33.8810329],[-117.6142027,33.881031],[-117.6141918,33.8810293],[-117.6141701,33.8810261],[-117.6141592,33.8810245],[-117.6141375,33.8810213],[-117.6141049,33.8810164],[-117.6140941,33.8810148],[-117.6140832,33.8810132],[-117.6140723,33.8810116],[-117.6140615,33.88101],[-117.6140506,33.8810084],[-117.6140289,33.8810052],[-117.614018,33.8810035],[-117.6139942,33.881],[-117.6139833,33.8809984],[-117.6139725,33.8809968],[-117.6139616,33.8809952],[-117.6139507,33.8809936],[-117.613929,33.8809903],[-117.6139181,33.8809887],[-117.6139073,33.8809871],[-117.6138835,33.8809836],[-117.6138617,33.8809803],[-117.6138379,33.8809768],[-117.6138271,33.8809752],[-117.6138033,33.8809717],[-117.6137924,33.88097],[-117.6137815,33.8809684],[-117.6137577,33.8809649],[-117.6137469,33.8809633],[-117.613736,33.8809617],[-117.6137251,33.8809601],[-117.613723,33.8809598],[-117.6137122,33.8809581],[-117.6137013,33.8809565],[-117.6136775,33.880953],[-117.6136754,33.8809527],[-117.6136646,33.8809511],[-117.6136537,33.8809495],[-117.6136428,33.8809478],[-117.613632,33.8809462],[-117.6136299,33.8809459],[-117.6136082,33.8809427],[-117.6135973,33.8809411],[-117.6135844,33.8809392],[-117.6135735,33.8809375],[-117.6135497,33.880934],[-117.6135367,33.8809321],[-117.6135259,33.8809305],[-117.6135021,33.8809269],[-117.6134912,33.8809253],[-117.6134891,33.880925],[-117.6134783,33.8809234],[-117.6134674,33.8809218],[-117.6134565,33.8809202],[-117.6134544,33.8809199],[-117.6134436,33.8809183],[-117.6134327,33.8809166],[-117.6134218,33.880915],[-117.613411,33.8809134],[-117.6134001,33.8809118],[-117.6133872,33.8809099],[-117.6133763,33.8809083],[-117.6133654,33.8809067],[-117.6133525,33.8809047],[-117.6133416,33.8809031],[-117.6133396,33.8809028],[-117.6133287,33.8809012],[-117.6133178,33.8808996],[-117.613307,33.880898],[-117.6132961,33.8808964],[-117.6132832,33.8808944],[-117.6132723,33.8808928],[-117.6132506,33.8808896],[-117.6132397,33.880888],[-117.6132288,33.8808864],[-117.6132268,33.8808861],[-117.613205,33.8808828],[-117.6131942,33.8808812],[-117.6131833,33.8808796],[-117.6131724,33.880878],[-117.6131616,33.8808764],[-117.6131398,33.8808732],[-117.613129,33.8808716],[-117.6131181,33.8808699],[-117.6130943,33.8808664],[-117.6130834,33.8808648],[-117.6130726,33.8808632],[-117.6130617,33.8808616],[-117.6130596,33.8808613],[-117.6130488,33.8808596],[-117.6130379,33.880858],[-117.613027,33.8808564],[-117.613025,33.8808561],[-117.6130141,33.8808545],[-117.6130032,33.8808529],[-117.6129924,33.8808513],[-117.6129815,33.8808497],[-117.6129706,33.880848],[-117.6129598,33.8808464],[-117.6129489,33.8808448],[-117.612938,33.8808432],[-117.6129163,33.88084],[-117.6129054,33.8808384],[-117.6128946,33.8808368],[-117.6128729,33.8808335],[-117.612862,33.8808319],[-117.6128511,33.8808303],[-117.6128403,33.8808287],[-117.6128294,33.8808271],[-117.6128077,33.8808239],[-117.6127968,33.8808222],[-117.6127859,33.8808206],[-117.6127751,33.880819],[-117.6127642,33.8808174],[-117.6127533,33.8808158],[-117.6127316,33.8808126],[-117.6127208,33.880811],[-117.6127099,33.8808093],[-117.612699,33.8808077],[-117.6126882,33.8808061],[-117.6126664,33.8808029],[-117.6126556,33.8808013],[-117.6126447,33.8807997],[-117.6126338,33.880798],[-117.612623,33.8807964],[-117.6126121,33.8807948],[-117.6126012,33.8807932],[-117.6125904,33.8807916],[-117.6125795,33.88079],[-117.6125687,33.8807884],[-117.6125578,33.8807868],[-117.6125469,33.8807851],[-117.6125361,33.8807835],[-117.6125252,33.8807819],[-117.6125143,33.8807803],[-117.6125035,33.8807787],[-117.6124926,33.8807771],[-117.6124797,33.8807752],[-117.6124688,33.8807735],[-117.6124579,33.8807719],[-117.6124471,33.8807703],[-117.6124362,33.8807687],[-117.6124253,33.8807671],[-117.6124145,33.8807655],[-117.6124036,33.8807639],[-117.6123927,33.8807623],[-117.6123819,33.8807606],[-117.612371,33.880759],[-117.6123602,33.8807574],[-117.6123493,33.8807558],[-117.6123384,33.8807542],[-117.6123276,33.8807526],[-117.6123167,33.880751],[-117.6123058,33.8807494],[-117.612295,33.8807477],[-117.6122841,33.8807461],[-117.6122732,33.8807445],[-117.6122624,33.8807429],[-117.6122515,33.8807413],[-117.6122406,33.8807397],[-117.6122298,33.8807381],[-117.6122189,33.8807364],[-117.6122081,33.8807348],[-117.6121972,33.8807332],[-117.6121863,33.8807316],[-117.6121755,33.88073],[-117.6121646,33.8807284],[-117.6120126,33.8807058],[-117.6120031,33.8807044],[-117.6119935,33.880703],[-117.611984,33.8807016],[-117.6119745,33.8807002],[-117.611965,33.8806987],[-117.6119554,33.8806973],[-117.6119459,33.8806959],[-117.6119441,33.8806956],[-117.6119346,33.8806942],[-117.611925,33.8806928],[-117.6119042,33.8806897],[-117.6118946,33.8806883],[-117.6118851,33.8806869],[-117.6118756,33.8806855],[-117.6118547,33.8806824],[-117.6118452,33.880681],[-117.6118261,33.8806781],[-117.6118148,33.8806764],[-117.6118052,33.880675],[-117.6117957,33.8806736],[-117.6117862,33.8806722],[-117.6117767,33.8806708],[-117.6117671,33.8806694],[-117.6117576,33.880668],[-117.6117481,33.8806665],[-117.6117463,33.8806663],[-117.6117367,33.8806649],[-117.6117272,33.8806634],[-117.6117177,33.880662],[-117.6117082,33.8806606],[-117.6117063,33.8806603],[-117.6116968,33.8806589],[-117.6116778,33.8806561],[-117.6116682,33.8806547],[-117.6116587,33.8806533],[-117.6116378,33.8806502],[-117.6116283,33.8806488],[-117.6116265,33.8806485],[-117.6116074,33.8806457],[-117.6115979,33.8806442],[-117.6115884,33.8806428],[-117.611577,33.8806411],[-117.6115675,33.8806397],[-117.611558,33.8806383],[-117.6115484,33.8806369],[-117.6115389,33.8806355],[-117.6115294,33.8806341],[-117.6115199,33.8806327],[-117.6115085,33.880631],[-117.611499,33.8806296],[-117.6114799,33.8806267],[-117.6114704,33.8806253],[-117.6114514,33.8806225],[-117.6114323,33.8806197],[-117.6114228,33.8806182],[-117.6114133,33.8806168],[-117.6114037,33.8806154],[-117.6113942,33.880614],[-117.6113751,33.8806112],[-117.6113638,33.8806095],[-117.6113543,33.8806081],[-117.6113352,33.8806052],[-117.6113257,33.8806038],[-117.6112971,33.8805996],[-117.6112858,33.8805979],[-117.6112762,33.8805965],[-117.6112458,33.880592],[-117.6112363,33.8805906],[-117.6112173,33.8805877],[-117.6112077,33.8805863],[-117.6111887,33.8805835],[-117.6111791,33.8805821],[-117.6111678,33.8805804],[-117.6111487,33.8805776],[-117.6111297,33.8805747],[-117.6111106,33.8805719],[-117.6110993,33.8805702],[-117.6110802,33.8805674],[-117.6110707,33.880566],[-117.6110403,33.8805615],[-117.6110308,33.88056],[-117.6110213,33.8805586],[-117.6110022,33.8805558],[-117.6109831,33.880553],[-117.6109641,33.8805501],[-117.6109432,33.880547],[-117.6109242,33.8805442],[-117.6109146,33.8805428],[-117.6108956,33.88054],[-117.610867,33.8805357],[-117.610848,33.8805329],[-117.6108384,33.8805315],[-117.6108194,33.8805286],[-117.6108175,33.8805284],[-117.6107776,33.8805225],[-117.6107681,33.880521],[-117.6107586,33.8805196],[-117.610749,33.8805182],[-117.6106919,33.8805097],[-117.6106728,33.8805069],[-117.6106538,33.8805041],[-117.6106138,33.8804981],[-117.6106043,33.8804967],[-117.6105853,33.8804939],[-117.6105549,33.8804894],[-117.610534,33.8804863],[-117.6105149,33.8804834],[-117.610475,33.8804775],[-117.6104655,33.8804761],[-117.6104369,33.8804719],[-117.610416,33.8804688],[-117.6103874,33.8804645],[-117.6103589,33.8804603],[-117.6103189,33.8804543],[-117.6102713,33.8804473],[-117.6102314,33.8804413],[-117.61022,33.8804397],[-117.6101706,33.8804323],[-117.6101306,33.8804264],[-117.6100907,33.8804205],[-117.6100698,33.8804174],[-117.6100317,33.8804117],[-117.6100222,33.8804103],[-117.6099841,33.8804046],[-117.609946,33.880399],[-117.6099269,33.8803961],[-117.6099156,33.8803945],[-117.6099061,33.880393],[-117.6098852,33.8803899],[-117.6098661,33.8803871],[-117.6098453,33.880384],[-117.6098149,33.8803795],[-117.6097844,33.880375],[-117.6097636,33.8803719],[-117.6097445,33.880369],[-117.6097159,33.8803648],[-117.609676,33.8803589],[-117.6096551,33.8803558],[-117.6096134,33.8803496],[-117.6095943,33.8803467],[-117.6095639,33.8803422],[-117.609543,33.8803391],[-117.6095335,33.8803377],[-117.6095049,33.8803335],[-117.6094841,33.8803304],[-117.6094537,33.8803259],[-117.6094423,33.8803242],[-117.6094214,33.8803211],[-117.6094006,33.880318],[-117.6093815,33.8803151],[-117.6093625,33.8803123],[-117.6093529,33.8803109],[-117.609332,33.8803078],[-117.6093225,33.8803064],[-117.609313,33.880305],[-117.6093035,33.8803036],[-117.6092844,33.8803007],[-117.6092749,33.8802993],[-117.609254,33.8802962],[-117.6092331,33.8802931],[-117.6092218,33.8802914],[-117.6091819,33.8802855],[-117.609161,33.8802824],[-117.6091592,33.8802821],[-117.6091383,33.880279],[-117.6091288,33.8802776],[-117.6091097,33.8802748],[-117.6091002,33.8802734],[-117.6090811,33.8802705],[-117.6090698,33.8802689],[-117.6090602,33.8802674],[-117.6090412,33.8802646],[-117.6090298,33.8802629],[-117.6090203,33.8802615],[-117.6090013,33.8802587],[-117.6089804,33.8802556],[-117.6089709,33.8802542],[-117.6089518,33.8802513],[-117.6089405,33.8802496],[-117.6089119,33.8802454],[-117.6088928,33.8802426],[-117.6088738,33.8802397],[-117.6088261,33.8802327],[-117.6088071,33.8802298],[-117.6087672,33.8802239],[-117.6087481,33.8802211],[-117.6087291,33.8802183],[-117.6087082,33.8802152],[-117.6086891,33.8802123],[-117.6086701,33.8802095],[-117.6086605,33.8802081],[-117.6086415,33.8802053],[-117.6086301,33.8802036],[-117.6086206,33.8802022],[-117.6086111,33.8802007],[-117.6086016,33.8801993],[-117.608592,33.8801979],[-117.6085825,33.8801965],[-117.6085635,33.8801937],[-117.6085444,33.8801908],[-117.6085331,33.8801892],[-117.608514,33.8801863],[-117.6085045,33.8801849],[-117.6084854,33.8801821],[-117.6084759,33.8801807],[-117.6084645,33.880179],[-117.608436,33.8801747],[-117.6084151,33.8801716],[-117.608396,33.8801688],[-117.6083847,33.8801671],[-117.6083656,33.8801643],[-117.6083371,33.88016],[-117.608299,33.8801544],[-117.6082976,33.8801542],[-117.6082851,33.8801523],[-117.6082799,33.8801516],[-117.608259,33.8801485],[-117.60824,33.8801456],[-117.6082191,33.8801425],[-117.6082,33.8801397],[-117.6081792,33.8801366],[-117.6081696,33.8801352],[-117.6081506,33.8801324],[-117.6081315,33.8801295],[-117.6081202,33.8801278],[-117.6081011,33.880125],[-117.6080821,33.8801222],[-117.6080612,33.8801191],[-117.6080517,33.8801177],[-117.6080421,33.8801163],[-117.6080326,33.8801148],[-117.6080136,33.880112],[-117.6080117,33.8801117],[-117.6080004,33.88011],[-117.6079813,33.8801072],[-117.6079718,33.8801058],[-117.6079528,33.880103],[-117.6079509,33.8801027],[-117.6079319,33.8800999],[-117.6079224,33.8800985],[-117.6079205,33.8800982],[-117.607911,33.8800968],[-117.6079015,33.8800954],[-117.607892,33.8800939],[-117.6078824,33.8800925],[-117.6078616,33.8800894],[-117.607852,33.880088],[-117.6078425,33.8800866],[-117.607833,33.8800852],[-117.6078235,33.8800838],[-117.6078026,33.8800807],[-117.607793,33.8800793],[-117.6077722,33.8800762],[-117.6077626,33.8800747],[-117.6077436,33.8800719],[-117.6077245,33.8800691],[-117.607715,33.8800677],[-117.6076864,33.8800634],[-117.6076769,33.880062],[-117.607656,33.8800589],[-117.6076465,33.8800575],[-117.6076275,33.8800547],[-117.6076179,33.8800532],[-117.6076084,33.8800518],[-117.6075989,33.8800504],[-117.6075798,33.8800476],[-117.6075703,33.8800462],[-117.6075608,33.8800448],[-117.6075417,33.8800419],[-117.6075227,33.8800391],[-117.6075131,33.8800377],[-117.6074941,33.8800349],[-117.6074732,33.8800318],[-117.6074637,33.8800303],[-117.607441,33.880027],[-117.6074201,33.8800239],[-117.6074106,33.8800225],[-117.6074011,33.880021],[-117.6073915,33.8800196],[-117.607382,33.8800182],[-117.6073725,33.8800168],[-117.6073611,33.8800151],[-117.6073516,33.8800137],[-117.6073421,33.8800123],[-117.607323,33.8800095],[-117.6073194,33.8800089],[-117.6073098,33.8800075],[-117.6073003,33.8800061],[-117.607289,33.8800044],[-117.6072794,33.880003],[-117.6072699,33.8800016],[-117.6072604,33.8800002],[-117.6072395,33.8799971],[-117.6072205,33.8799942],[-117.6072109,33.8799928],[-117.6071996,33.8799911],[-117.6071805,33.8799883],[-117.607171,33.8799869],[-117.6071615,33.8799855],[-117.607152,33.879984],[-117.6071424,33.8799826],[-117.6071329,33.8799812],[-117.6071234,33.8799798],[-117.6071043,33.879977],[-117.6070948,33.8799756],[-117.6070834,33.8799739],[-117.6070739,33.8799725],[-117.6070644,33.879971],[-117.6070549,33.8799696],[-117.6070358,33.8799668],[-117.6070263,33.8799654],[-117.6070168,33.879964],[-117.6070072,33.8799626],[-117.6069977,33.8799611],[-117.6069882,33.8799597],[-117.6069406,33.8799527],[-117.6069215,33.8799498],[-117.6068834,33.8799442],[-117.6068739,33.8799427],[-117.6068643,33.8799413],[-117.6068548,33.8799399],[-117.6068453,33.8799385],[-117.6068358,33.8799371],[-117.6068262,33.8799357],[-117.6068167,33.8799343],[-117.6068072,33.8799328],[-117.6067977,33.8799314],[-117.6067881,33.87993],[-117.6067768,33.8799283],[-117.6067673,33.8799269],[-117.6067577,33.8799255],[-117.6067482,33.8799241],[-117.6067292,33.8799213],[-117.6067273,33.879921],[-117.6067178,33.8799196],[-117.6067064,33.8799179],[-117.6066969,33.8799165],[-117.6066779,33.8799136],[-117.606676,33.8799134],[-117.606657,33.8799105],[-117.6066475,33.8799091],[-117.6066361,33.8799074],[-117.6066152,33.8799043],[-117.6065925,33.879901],[-117.606583,33.8798996],[-117.6065621,33.8798965],[-117.6065431,33.8798936],[-117.6065336,33.8798922],[-117.6065032,33.8798877],[-117.6064936,33.8798863],[-117.6064632,33.8798818],[-117.6064519,33.8798801],[-117.6064423,33.8798787],[-117.6064328,33.8798772],[-117.6064233,33.8798758],[-117.6064138,33.8798744],[-117.6064042,33.879873],[-117.6063947,33.8798716],[-117.6063834,33.8798699],[-117.606372,33.8798682],[-117.606353,33.8798654],[-117.6063511,33.8798651],[-117.6063416,33.8798637],[-117.6063321,33.8798623],[-117.606313,33.8798595],[-117.6062922,33.8798564],[-117.6062826,33.8798549],[-117.6062808,33.8798547],[-117.6062713,33.8798533],[-117.6062522,33.8798504],[-117.6062427,33.879849],[-117.6062314,33.8798473],[-117.6062218,33.8798459],[-117.6062123,33.8798445],[-117.6062028,33.8798431],[-117.6061896,33.8798411],[-117.6061705,33.8798383],[-117.6061515,33.8798355],[-117.6061401,33.8798338],[-117.6061306,33.8798324],[-117.6061193,33.8798307],[-117.6061097,33.8798293],[-117.6061002,33.8798278],[-117.6060907,33.8798264],[-117.6060698,33.8798233],[-117.6060603,33.8798219],[-117.6060412,33.8798191],[-117.6060299,33.8798174],[-117.6060204,33.879816],[-117.6060108,33.8798146],[-117.6060013,33.8798132],[-117.6059918,33.8798117],[-117.6059804,33.8798101],[-117.6059709,33.8798086],[-117.6059614,33.8798072],[-117.6059518,33.8798058],[-117.6059423,33.8798044],[-117.6059328,33.879803],[-117.6059137,33.8798002],[-117.6058947,33.8797973],[-117.6058852,33.8797959],[-117.6058756,33.8797945],[-117.6058661,33.8797931],[-117.6058566,33.8797917],[-117.6058471,33.8797902],[-117.6058375,33.8797888],[-117.605828,33.8797874],[-117.6058185,33.879786],[-117.605809,33.8797846],[-117.6057994,33.8797832],[-117.6057899,33.8797818],[-117.6057804,33.8797803],[-117.6057786,33.8797801],[-117.605769,33.8797787],[-117.60575,33.8797758],[-117.6057482,33.8797756],[-117.6057386,33.8797741],[-117.6057273,33.8797725],[-117.6057177,33.879771],[-117.6057082,33.8797696],[-117.6056987,33.8797682],[-117.6056701,33.879764],[-117.6056588,33.8797623],[-117.6056492,33.8797609],[-117.6056302,33.879758],[-117.6056207,33.8797566],[-117.6056111,33.8797552],[-117.6056016,33.8797538],[-117.6055921,33.8797524],[-117.6055807,33.8797507],[-117.6055599,33.8797476],[-117.6055485,33.8797459],[-117.605539,33.8797445],[-117.6055295,33.8797431],[-117.6055104,33.8797402],[-117.6055009,33.8797388],[-117.6054895,33.8797371],[-117.6054686,33.879734],[-117.6054591,33.8797326],[-117.6054401,33.8797298],[-117.6054305,33.8797284],[-117.605421,33.879727],[-117.6054192,33.8797267],[-117.6054097,33.8797253],[-117.6054001,33.8797239],[-117.6053906,33.8797225],[-117.6053811,33.879721],[-117.6053716,33.8797196],[-117.605362,33.8797182],[-117.6053566,33.8797174],[-117.6052161,33.8796965],[-117.6053131,33.8796074],[-117.6053225,33.8795988],[-117.6053273,33.8795943],[-117.6053318,33.8795902],[-117.6053367,33.8795857],[-117.6053412,33.8795816],[-117.605346,33.8795771],[-117.6053509,33.8795727],[-117.6053554,33.8795685],[-117.6053603,33.8795641],[-117.6053648,33.8795599],[-117.6053696,33.8795555],[-117.6053771,33.8795486],[-117.605379,33.8795469],[-117.6053883,33.8795383],[-117.6053932,33.8795338],[-117.6053977,33.8795297],[-117.6054074,33.8795208],[-117.6054122,33.8795163],[-117.6054167,33.8795122],[-117.6054261,33.8795036],[-117.6054309,33.8794991],[-117.6054355,33.879495],[-117.6054403,33.8794905],[-117.6054448,33.8794864],[-117.6054497,33.8794819],[-117.605459,33.8794733],[-117.6054639,33.8794689],[-117.6054684,33.8794647],[-117.6054732,33.8794603],[-117.6054777,33.8794561],[-117.6054822,33.879452],[-117.6054871,33.8794475],[-117.6054916,33.8794434],[-117.6054965,33.8794389],[-117.605498,33.8794375],[-117.605501,33.8794348],[-117.6055058,33.8794303],[-117.6055103,33.8794262],[-117.6055148,33.879422],[-117.6055242,33.8794134],[-117.6055287,33.8794093],[-117.6055336,33.8794048],[-117.6055381,33.8794007],[-117.6055474,33.8793921],[-117.6055521,33.8793878],[-117.6055523,33.8793876],[-117.6055571,33.8793832],[-117.6055616,33.879379],[-117.605571,33.8793704],[-117.6055755,33.8793663],[-117.6055849,33.8793577],[-117.6055897,33.8793532],[-117.6055942,33.8793491],[-117.6055991,33.8793446],[-117.6056084,33.879336],[-117.6056129,33.8793319],[-117.6056178,33.8793274],[-117.6056223,33.8793233],[-117.6056317,33.8793147],[-117.6056365,33.8793102],[-117.605641,33.8793061],[-117.6056455,33.879302],[-117.6056549,33.8792934],[-117.6056643,33.8792848],[-117.6056691,33.8792803],[-117.6056736,33.8792762],[-117.6056785,33.8792717],[-117.6056878,33.8792631],[-117.6056927,33.8792587],[-117.6056972,33.8792545],[-117.6057017,33.8792504],[-117.6057111,33.8792418],[-117.6057159,33.8792373],[-117.6057207,33.8792329],[-117.6057253,33.8792287],[-117.6057301,33.8792243],[-117.6057346,33.8792201],[-117.6057395,33.8792157],[-117.6057443,33.8792112],[-117.6057488,33.8792071],[-117.6057537,33.8792026],[-117.6057582,33.8791985],[-117.605763,33.879194],[-117.6057634,33.8791936],[-117.6057675,33.8791899],[-117.6057724,33.8791854],[-117.6057769,33.8791813],[-117.6057814,33.8791771],[-117.6057859,33.879173],[-117.6057908,33.8791685],[-117.6058001,33.8791599],[-117.6058046,33.8791558],[-117.6058095,33.8791513],[-117.605814,33.8791472],[-117.6058188,33.8791427],[-117.6059104,33.8790586],[-117.6059292,33.8790413],[-117.6058797,33.8790053],[-117.6058765,33.8790028],[-117.6058758,33.8790035],[-117.6057484,33.8789077],[-117.6057144,33.8788821],[-117.6055531,33.8787608],[-117.6053918,33.8786394],[-117.6052305,33.8785181],[-117.6050691,33.8783967],[-117.6050508,33.8783829],[-117.6050477,33.8783825],[-117.6049722,33.878373],[-117.6047755,33.8783483],[-117.60458,33.8783237],[-117.6043846,33.8782991],[-117.6041891,33.8782745],[-117.6039936,33.8782499],[-117.6037982,33.8782253],[-117.6036027,33.8782007],[-117.6034072,33.8781761],[-117.6032118,33.8781516],[-117.6030163,33.878127],[-117.6028209,33.8781024],[-117.6026254,33.8780778],[-117.6024137,33.8780511],[-117.6022182,33.8780265],[-117.6022014,33.8780208],[-117.60219,33.8780169],[-117.6021796,33.8780728],[-117.6021671,33.8781416],[-117.6021565,33.8781999],[-117.6021346,33.87832],[-117.6021096,33.8784572],[-117.602109,33.8784601],[-117.6021063,33.8784748],[-117.6021052,33.8784747],[-117.6021032,33.8784745],[-117.601943,33.878457],[-117.6016349,33.8784234],[-117.6014961,33.8784078],[-117.6015031,33.8783782],[-117.6015327,33.8782533],[-117.6015345,33.8782454],[-117.6015364,33.8782375],[-117.6015387,33.878228],[-117.6015405,33.8782201],[-117.6015424,33.8782122],[-117.6015443,33.8782043],[-117.6015461,33.8781964],[-117.601548,33.8781885],[-117.6015499,33.8781807],[-117.6015517,33.8781728],[-117.6015536,33.8781649],[-117.6015559,33.8781553],[-117.6015577,33.8781474],[-117.6015596,33.8781396],[-117.6015615,33.8781317],[-117.6015633,33.8781238],[-117.6015652,33.8781159],[-117.6015656,33.8781142],[-117.6015675,33.8781063],[-117.6015693,33.8780984],[-117.6015712,33.8780906],[-117.6015749,33.8780748],[-117.6015753,33.8780731],[-117.6015772,33.8780652],[-117.6015791,33.8780573],[-117.6015809,33.8780495],[-117.6015828,33.8780416],[-117.6015832,33.8780399],[-117.6015851,33.878032],[-117.6015869,33.8780241],[-117.6015888,33.8780162],[-117.6015903,33.87801],[-117.6015907,33.8780084],[-117.6015921,33.8780021],[-117.601594,33.8779942],[-117.6015959,33.8779864],[-117.6015973,33.8779801],[-117.6015977,33.8779785],[-117.6015992,33.8779722],[-117.6016007,33.877966],[-117.6016011,33.8779644],[-117.6016026,33.8779581],[-117.6016307,33.8778393],[-117.601634,33.8778294],[-117.6014924,33.8777842],[-117.60148,33.8777802],[-117.601242,33.8777042],[-117.6010421,33.8776403],[-117.6008421,33.8775764],[-117.6006064,33.877501],[-117.6004496,33.8774509],[-117.6003375,33.8774151],[-117.6002004,33.8773713],[-117.6000906,33.8772887],[-117.5998727,33.8771248],[-117.5997901,33.877063],[-117.5997969,33.877057],[-117.5997996,33.8770546],[-117.5998045,33.87705],[-117.5999719,33.8768953],[-117.5999798,33.876888],[-117.5999877,33.8768807],[-117.600003,33.8768665],[-117.6000109,33.8768592],[-117.6000188,33.8768519],[-117.6001928,33.8766911],[-117.6000791,33.8766056],[-117.5998488,33.8764324],[-117.5998487,33.8764323],[-117.5998152,33.8764071],[-117.5998056,33.8763999],[-117.5998036,33.8763984],[-117.5998699,33.8763373],[-117.5998809,33.8763271],[-117.5998873,33.8763211],[-117.5999732,33.8762418],[-117.6000247,33.8761943],[-117.6000328,33.8761868],[-117.6000867,33.876137],[-117.6000902,33.8761337],[-117.6001593,33.8760699],[-117.6001631,33.8760664],[-117.6002359,33.8759991],[-117.600294,33.8759455],[-117.6003662,33.8758788],[-117.6004286,33.8758211],[-117.600439,33.8758115],[-117.6004987,33.8757564],[-117.6005561,33.8757034],[-117.6005632,33.8756968],[-117.6006377,33.8756279],[-117.6006978,33.8755724],[-117.6008325,33.875448],[-117.6009693,33.8753216],[-117.6011039,33.8751972],[-117.6012386,33.8750728],[-117.601294,33.8750216],[-117.6013551,33.8749652],[-117.6013732,33.8749485],[-117.6015078,33.8748241],[-117.6016424,33.8746997],[-117.6017771,33.8745753],[-117.6019117,33.874451],[-117.6020463,33.8743266],[-117.6021809,33.8742022],[-117.6023156,33.8740778],[-117.6024502,33.8739534],[-117.6025848,33.8738291],[-117.6027194,33.8737047],[-117.6028541,33.8735803],[-117.6029887,33.8734559],[-117.6031233,33.8733316],[-117.6033092,33.8731598],[-117.6033117,33.8731575],[-117.6033437,33.8731279],[-117.6034114,33.8730653],[-117.6034726,33.8730087],[-117.6034804,33.8730015],[-117.603481,33.8730009],[-117.6035044,33.8729793],[-117.6035641,33.8729241],[-117.6036933,33.8728046],[-117.6038083,33.8726982],[-117.6038451,33.8726642],[-117.6038592,33.8726512],[-117.6040059,33.8725155],[-117.6041526,33.8723798],[-117.6042994,33.8722441],[-117.6044516,33.8721033],[-117.6045983,33.8719676],[-117.6047451,33.8718319],[-117.6048918,33.8716962],[-117.6050385,33.8715605],[-117.6051852,33.8714249],[-117.605332,33.8712892],[-117.6054787,33.8711535],[-117.6056254,33.8710178],[-117.6057721,33.8708821],[-117.6059189,33.8707464],[-117.6060656,33.8706107],[-117.6061141,33.8705658],[-117.6061948,33.8704912],[-117.6062123,33.870475],[-117.6063888,33.8703117],[-117.6065653,33.8701485],[-117.6067418,33.8699852],[-117.6067948,33.8699363],[-117.6069713,33.869773],[-117.6069981,33.8697483],[-117.6071456,33.8696118],[-117.6073101,33.8694597],[-117.6073221,33.8694486],[-117.6074523,33.8693282],[-117.6074986,33.8692853],[-117.6076751,33.8691221],[-117.607713,33.869087],[-117.6078516,33.8689588],[-117.6079469,33.8688707],[-117.6080281,33.8687956],[-117.6081807,33.8686544],[-117.6082046,33.8686323],[-117.6083811,33.8684691],[-117.6084014,33.8684503],[-117.6085576,33.8683058],[-117.608715,33.8681603],[-117.6087341,33.8681426],[-117.6088959,33.867993],[-117.6089106,33.8679794],[-117.6090368,33.8678627],[-117.6090965,33.8678074],[-117.6090946,33.867806],[-117.6090989,33.8678019],[-117.6091761,33.8677298],[-117.6092489,33.8676617],[-117.6092489,33.8676617],[-117.6092693,33.8676425],[-117.6092693,33.8676425],[-117.6092724,33.8676447],[-117.6093232,33.8675978],[-117.6093647,33.8676511],[-117.6095542,33.867895],[-117.6097873,33.8681947],[-117.6102265,33.8687595],[-117.6102325,33.8687682],[-117.6102405,33.8687795],[-117.6100438,33.8689735],[-117.6100408,33.8689765],[-117.6100399,33.8689773],[-117.6100397,33.8689775],[-117.6100327,33.868984],[-117.6100978,33.869052],[-117.6100989,33.869053],[-117.6100957,33.869056],[-117.6100321,33.8691147],[-117.6096568,33.8694614],[-117.6081803,33.8708259],[-117.6078887,33.8710954],[-117.6076567,33.8713098],[-117.6076268,33.8713374],[-117.607553,33.8714057],[-117.6075435,33.8714144],[-117.6075352,33.8714221],[-117.6076186,33.8714891],[-117.607831,33.8716619],[-117.6080199,33.8718155],[-117.6082109,33.8719709],[-117.6083975,33.8721227],[-117.6085863,33.8722763],[-117.6087751,33.8724299],[-117.608964,33.8725835],[-117.6091528,33.8727371],[-117.6093416,33.8728907],[-117.6095305,33.8730443],[-117.6097194,33.873198],[-117.6097722,33.8732409],[-117.609931,33.8733289],[-117.6101638,33.8734579],[-117.6103965,33.8735869],[-117.6106293,33.8737159],[-117.6108621,33.873845],[-117.6110949,33.873974],[-117.6114002,33.8741432],[-117.611452,33.8740953],[-117.6114532,33.8740943],[-117.6125762,33.8730564],[-117.61289,33.8727664],[-117.6129956,33.8726687],[-117.613025,33.8726416],[-117.6132488,33.8724347],[-117.6132826,33.8724035],[-117.6135682,33.8721395],[-117.6138278,33.8718997],[-117.6136452,33.8715458],[-117.613604,33.8714659],[-117.6135509,33.871363],[-117.6134857,33.8713026],[-117.6133674,33.8711929],[-117.613275,33.8711073],[-117.6131098,33.8709543],[-117.6130947,33.8709402],[-117.6130671,33.8709276],[-117.612664,33.8707435],[-117.6125746,33.8707026],[-117.6123766,33.8705437],[-117.6121213,33.8703387],[-117.6118459,33.8701175],[-117.6117866,33.8700699],[-117.6116428,33.8697646],[-117.611466,33.8693896],[-117.6112898,33.8690157],[-117.6111337,33.8686844],[-117.6109906,33.8683807],[-117.6109865,33.8683721],[-117.6109426,33.8682735],[-117.6109464,33.8682699],[-117.6109664,33.8682515],[-117.6109673,33.8682507],[-117.6109681,33.8682499],[-117.610969,33.8682491],[-117.6109707,33.8682475],[-117.6109716,33.8682467],[-117.6109725,33.8682459],[-117.6109733,33.8682451],[-117.6109742,33.8682443],[-117.6109751,33.8682435],[-117.6109768,33.8682419],[-117.6109777,33.8682411],[-117.6109786,33.8682403],[-117.6109813,33.8682378],[-117.6109822,33.8682369],[-117.610984,33.8682353],[-117.6109857,33.8682337],[-117.6109866,33.8682328],[-117.6109893,33.8682303],[-117.6109902,33.8682295],[-117.6109929,33.868227],[-117.6109947,33.8682254],[-117.6109956,33.8682246],[-117.6109974,33.8682229],[-117.6109982,33.8682221],[-117.6109991,33.8682213],[-117.611,33.8682205],[-117.6110009,33.8682196],[-117.6110036,33.8682172],[-117.6110045,33.8682164],[-117.6110054,33.8682155],[-117.6110072,33.8682139],[-117.6110089,33.8682122],[-117.6110116,33.8682098],[-117.6110125,33.8682089],[-117.6110134,33.8682081],[-117.6110152,33.8682065],[-117.6110161,33.8682056],[-117.6110188,33.8682032],[-117.6110196,33.8682024],[-117.6110206,33.8682015],[-117.6110233,33.868199],[-117.6110421,33.8681817],[-117.6110615,33.8681636],[-117.6110632,33.868162],[-117.611065,33.8681603],[-117.6110677,33.8681578],[-117.6110685,33.868157],[-117.6110695,33.8681562],[-117.6110703,33.8681554],[-117.6110712,33.8681545],[-117.611073,33.8681529],[-117.6110738,33.8681521],[-117.6110748,33.8681513],[-117.6110756,33.8681505],[-117.6110764,33.8681497],[-117.6110774,33.8681488],[-117.6110791,33.8681472],[-117.6110809,33.8681455],[-117.6110818,33.8681447],[-117.6110827,33.8681439],[-117.6110844,33.8681423],[-117.6110854,33.8681414],[-117.6110871,33.8681398],[-117.611088,33.8681389],[-117.6110889,33.8681381],[-117.6110898,33.8681373],[-117.6110906,33.8681365],[-117.6110924,33.8681348],[-117.6110933,33.868134],[-117.6110943,33.8681331],[-117.611096,33.8681315],[-117.6110969,33.8681306],[-117.6110979,33.8681298],[-117.6110988,33.8681289],[-117.6110996,33.8681281],[-117.6114965,33.8677589],[-117.611497,33.8677585],[-117.6115035,33.8677524],[-117.6115036,33.8677524],[-117.6114374,33.8677013],[-117.6114321,33.8676973],[-117.6110183,33.8673881],[-117.6102113,33.8667851],[-117.610206,33.8667811],[-117.6104101,33.8665924],[-117.6106086,33.8664087],[-117.6108072,33.866225],[-117.6108283,33.8662055],[-117.6108747,33.8661626],[-117.6110953,33.8659585],[-117.6112695,33.8657973],[-117.6113247,33.8657463],[-117.6113783,33.8656967],[-117.611677,33.8654204],[-117.6119119,33.8652031],[-117.6121634,33.8649704],[-117.612319,33.8648265],[-117.6123905,33.8647604],[-117.6123967,33.8647546],[-117.6126045,33.8650274],[-117.6126,33.8650472],[-117.6124707,33.8656171],[-117.6124463,33.8657036],[-117.612416,33.8657888],[-117.6123799,33.8658725],[-117.6123383,33.8659543],[-117.6122911,33.8660341],[-117.6122385,33.8661114],[-117.6120858,33.8663222],[-117.6120831,33.8663259],[-117.6120455,33.8663845],[-117.6120191,33.8664377],[-117.6119986,33.8664927],[-117.6119841,33.8665491],[-117.6119759,33.8666063],[-117.6119739,33.8666638],[-117.6119783,33.8667213],[-117.6119911,33.8668195],[-117.6119959,33.8668768],[-117.6119954,33.8669342],[-117.6119897,33.8669891],[-117.6119895,33.8669914],[-117.6119874,33.8670032],[-117.6120279,33.8670098],[-117.6120704,33.8670167],[-117.6122514,33.8670461],[-117.6125128,33.8670834],[-117.6128945,33.8680479],[-117.6130378,33.8685855],[-117.6130453,33.8686137],[-117.6131481,33.8687574],[-117.6131562,33.8687687],[-117.6133018,33.8689722],[-117.6133185,33.8690092],[-117.6133706,33.8691241],[-117.6134899,33.8692875],[-117.6137046,33.8695819],[-117.6138703,33.869809],[-117.6138844,33.8698283],[-117.613925,33.8698689],[-117.6139427,33.8698866],[-117.6141682,33.8701119],[-117.6143235,33.8702671],[-117.6143937,33.8703296],[-117.6144237,33.8703562],[-117.614503,33.8704268],[-117.614667,33.8705727],[-117.6149591,33.8708325],[-117.614968,33.8708404],[-117.6149697,33.8708419],[-117.615008,33.8708064],[-117.6150127,33.870802],[-117.6150132,33.8708016],[-117.6150637,33.8708656],[-117.6153011,33.8711664],[-117.6153758,33.87124],[-117.615569,33.8714305],[-117.6157984,33.8717157],[-117.6160568,33.8719056],[-117.6161178,33.8719504],[-117.6162586,33.8720691],[-117.6164144,33.8722004],[-117.6164195,33.8722087],[-117.6165999,33.8725099],[-117.6167254,33.8726898],[-117.6168073,33.8728072],[-117.6169212,33.873156],[-117.6171149,33.8734609],[-117.6173962,33.8738169],[-117.6174105,33.8738349],[-117.6174757,33.8739122],[-117.6174794,33.8739164],[-117.6174648,33.8739267],[-117.6174596,33.8739304],[-117.6174156,33.8739615],[-117.6172911,33.874052],[-117.616678,33.8744981],[-117.6165974,33.8745609],[-117.6165202,33.8746295],[-117.6164486,33.8747023],[-117.6163831,33.8747789],[-117.6163249,33.8748575],[-117.6163148,33.8748724],[-117.6162981,33.874898],[-117.6162887,33.874913],[-117.6162645,33.8749552],[-117.6162444,33.8749902],[-117.6162052,33.875071],[-117.616205,33.8750717],[-117.6161729,33.8751518],[-117.6161538,33.8752047],[-117.6161192,33.8752989],[-117.616066,33.8754434],[-117.6160745,33.8754533],[-117.6161732,33.8755675],[-117.6161795,33.8755748],[-117.6162523,33.8756592],[-117.6164869,33.8759221],[-117.6167212,33.8761846],[-117.6169189,33.8764062],[-117.6169244,33.8764123],[-117.6171076,33.8766176],[-117.6172788,33.8768094],[-117.6173735,33.8769155],[-117.6174441,33.8769946],[-117.6175747,33.8771409],[-117.6176105,33.8771811],[-117.6177025,33.8772842],[-117.6178324,33.8774297],[-117.6179614,33.8775743],[-117.6180861,33.8777141],[-117.6182078,33.8778505],[-117.618214,33.8778573],[-117.6182143,33.8778577],[-117.6183456,33.8780016],[-117.618477,33.8781395],[-117.6184864,33.8781489],[-117.6185609,33.8782239],[-117.6186119,33.8782751],[-117.6186698,33.8783309],[-117.6187438,33.8784022],[-117.6187946,33.8784431],[-117.6188577,33.8784987],[-117.6188901,33.8785275],[-117.6189214,33.8785557],[-117.6189857,33.8786122],[-117.6190345,33.8786552],[-117.6190499,33.8786688],[-117.6191151,33.8787246],[-117.6191727,33.8787736],[-117.6191805,33.8787802],[-117.6192466,33.8788354],[-117.619313,33.87889],[-117.6193254,33.8789001],[-117.6193781,33.8789423],[-117.6194414,33.8789923],[-117.6194797,33.8790219],[-117.6195053,33.8790417],[-117.6195748,33.879094],[-117.6196309,33.8791356],[-117.61964,33.8791423],[-117.6197109,33.8791937],[-117.6197824,33.8792442],[-117.6197961,33.8792537],[-117.6198492,33.8792905],[-117.6199126,33.8793338],[-117.6199539,33.8793616],[-117.6199748,33.8793758],[-117.6200373,33.8794174],[-117.6201055,33.879462],[-117.6201154,33.8794684],[-117.6201739,33.8795063],[-117.6202376,33.8795468],[-117.6202825,33.879575],[-117.6203068,33.8795902],[-117.6203715,33.8796303],[-117.6204359,33.8796689],[-117.6204514,33.8796781],[-117.6204959,33.8797044],[-117.6205563,33.8797397],[-117.6205777,33.8797521],[-117.6206226,33.8797781],[-117.6206348,33.8797851],[-117.6206901,33.8798171],[-117.6207528,33.8798529],[-117.6207591,33.8798564],[-117.620904,33.8799337],[-117.6209092,33.8799365],[-117.6209144,33.8799393],[-117.6209275,33.8799462],[-117.6209355,33.8799505],[-117.6209407,33.8799532],[-117.6210834,33.8800294],[-117.6210864,33.8800308],[-117.621191,33.8800832],[-117.6212885,33.8801326],[-117.6211145,33.880377],[-117.6211138,33.8803779],[-117.6210693,33.8804424],[-117.6209889,33.8805519],[-117.6208629,33.8807235],[-117.6207288,33.8809063],[-117.6206248,33.8810479],[-117.6206279,33.8810522],[-117.6206308,33.8810564],[-117.6208243,33.8813326],[-117.6211243,33.8813749],[-117.6214231,33.8814232],[-117.6216405,33.881463],[-117.6217203,33.8814776],[-117.6219858,33.8815319],[-117.6220159,33.8815381],[-117.6220169,33.8815383],[-117.6220717,33.8815502],[-117.6223327,33.88161],[-117.6225921,33.8816745],[-117.6227014,33.8817032],[-117.6227144,33.8817067],[-117.6227233,33.881709],[-117.6227551,33.8817176],[-117.6227579,33.8817184],[-117.622767,33.8817209],[-117.6227929,33.8817282],[-117.6228172,33.8817351],[-117.6230604,33.881804],[-117.6233512,33.8818932],[-117.6236392,33.8819884],[-117.6248693,33.8824063],[-117.6250615,33.8824716],[-117.6258936,33.8827543],[-117.6268395,33.8830757],[-117.6272994,33.8832319],[-117.6273358,33.8832443],[-117.6275033,33.8832286],[-117.6278391,33.8832009],[-117.6281159,33.8831817],[-117.6283929,33.8831659],[-117.6286789,33.8831531],[-117.6288355,33.8831471],[-117.6303628,33.8837915],[-117.6344606,33.8837018],[-117.6352267,33.883659],[-117.6354668,33.8836397],[-117.6357063,33.8836168],[-117.6359454,33.8835902],[-117.6362754,33.8835471],[-117.636604,33.8834971],[-117.6369309,33.88344],[-117.637256,33.8833759],[-117.6375789,33.8833049],[-117.6378996,33.8832269],[-117.6382178,33.8831421],[-117.6384554,33.8830739],[-117.6385857,33.8830334],[-117.6391676,33.8828527],[-117.6391806,33.8828487],[-117.6391817,33.8828485],[-117.6393395,33.882827],[-117.6393759,33.8828208],[-117.6394972,33.8828002],[-117.6396535,33.8827683],[-117.6398082,33.8827312],[-117.639961,33.8826892],[-117.6399976,33.8826777],[-117.6400255,33.882669],[-117.6401117,33.8826421],[-117.6401116,33.8826437],[-117.6401111,33.8826487],[-117.6400833,33.8829509],[-117.6401112,33.8829448],[-117.6401241,33.8829415],[-117.645095,33.8816771],[-117.6456666,33.8812193],[-117.6459763,33.8811454],[-117.64708,33.880882],[-117.6497826,33.8804991],[-117.651232,33.8801606],[-117.6513558,33.8801317],[-117.6518216,33.8800316],[-117.6527714,33.8798274],[-117.6554226,33.879862],[-117.6554276,33.8798621],[-117.6554325,33.8798622],[-117.6554374,33.8798623],[-117.6554424,33.8798624],[-117.6554473,33.8798626],[-117.6554522,33.8798627],[-117.6554572,33.8798629],[-117.6554621,33.8798631],[-117.6554671,33.8798633],[-117.655472,33.8798635],[-117.6554769,33.8798638],[-117.6554819,33.879864],[-117.6554868,33.8798643],[-117.6554917,33.8798646],[-117.6554967,33.8798649],[-117.6555016,33.8798652],[-117.6555065,33.8798656],[-117.6555114,33.8798659],[-117.6555163,33.8798663],[-117.6555213,33.8798667],[-117.6555262,33.8798671],[-117.6555311,33.8798675],[-117.655536,33.8798679],[-117.6555409,33.8798684],[-117.6555458,33.8798689],[-117.6555507,33.8798694],[-117.6555556,33.8798699],[-117.6555606,33.8798704],[-117.6555655,33.8798709],[-117.6555703,33.8798715],[-117.6555752,33.8798721],[-117.6555801,33.8798726],[-117.655585,33.8798733],[-117.6555899,33.8798739],[-117.6555948,33.8798745],[-117.6555997,33.8798752],[-117.6556045,33.8798758],[-117.6556094,33.8798765],[-117.6556143,33.8798772],[-117.6556192,33.879878],[-117.6556271,33.8798792],[-117.65593,33.8799256],[-117.6559072,33.880011],[-117.6558601,33.8801872],[-117.6551953,33.8805459],[-117.6551882,33.8805498],[-117.6551827,33.8805528],[-117.6551772,33.8805558],[-117.6551717,33.8805588],[-117.6551662,33.8805618],[-117.6551606,33.8805648],[-117.6551551,33.8805678],[-117.6551495,33.8805707],[-117.655144,33.8805737],[-117.6551384,33.8805767],[-117.6551329,33.8805796],[-117.6551273,33.8805826],[-117.6551218,33.8805855],[-117.6551162,33.8805884],[-117.6551106,33.8805914],[-117.655105,33.8805943],[-117.6550994,33.8805972],[-117.6550938,33.8806001],[-117.6550882,33.880603],[-117.6550826,33.8806059],[-117.655077,33.8806088],[-117.6550714,33.8806117],[-117.6550658,33.8806146],[-117.6550602,33.8806174],[-117.6550546,33.8806203],[-117.6550489,33.8806231],[-117.6550433,33.880626],[-117.6550377,33.8806288],[-117.655032,33.8806317],[-117.6550264,33.8806345],[-117.6550207,33.8806373],[-117.6550151,33.8806401],[-117.6550094,33.880643],[-117.6550037,33.8806458],[-117.6549981,33.8806486],[-117.6549924,33.8806514],[-117.6549867,33.8806541],[-117.654981,33.8806569],[-117.6549753,33.8806597],[-117.6549696,33.8806625],[-117.6549639,33.8806652],[-117.6549582,33.880668],[-117.6549525,33.8806707],[-117.6549468,33.8806735],[-117.6549411,33.8806762],[-117.6549354,33.8806789],[-117.6549297,33.8806816],[-117.6549239,33.8806843],[-117.6549182,33.8806871],[-117.6549125,33.8806898],[-117.6549067,33.8806924],[-117.654901,33.8806951],[-117.6548952,33.8806978],[-117.6548895,33.8807005],[-117.6548837,33.8807032],[-117.6548779,33.8807058],[-117.6548722,33.8807085],[-117.6548664,33.8807111],[-117.6548606,33.8807138],[-117.6548548,33.8807164],[-117.654849,33.880719],[-117.6548432,33.8807216],[-117.6548375,33.8807243],[-117.6548317,33.8807269],[-117.6548258,33.8807295],[-117.65482,33.8807321],[-117.6548142,33.8807347],[-117.6548084,33.8807372],[-117.6548026,33.8807398],[-117.6547968,33.8807424],[-117.6547909,33.8807449],[-117.6547851,33.8807475],[-117.6547793,33.88075],[-117.6547734,33.8807526],[-117.6547676,33.8807551],[-117.6547617,33.8807577],[-117.6547559,33.8807602],[-117.65475,33.8807627],[-117.6547441,33.8807652],[-117.6547383,33.8807677],[-117.6547324,33.8807702],[-117.6547265,33.8807727],[-117.6547207,33.8807752],[-117.6547148,33.8807776],[-117.6547089,33.8807801],[-117.654703,33.8807826],[-117.6546971,33.880785],[-117.6546912,33.8807875],[-117.6546853,33.8807899],[-117.6546794,33.8807923],[-117.6546735,33.8807948],[-117.6546676,33.8807972],[-117.6546616,33.8807996],[-117.6546557,33.880802],[-117.6546498,33.8808044],[-117.6546439,33.8808068],[-117.6546379,33.8808092],[-117.654632,33.8808116],[-117.654626,33.8808139],[-117.6546201,33.8808163],[-117.6546141,33.8808187],[-117.6546082,33.880821],[-117.6546022,33.8808234],[-117.6545963,33.8808257],[-117.6545903,33.880828],[-117.6545843,33.8808304],[-117.6545783,33.8808327],[-117.6545724,33.880835],[-117.6545664,33.8808373],[-117.6545604,33.8808396],[-117.6545544,33.8808419],[-117.6545484,33.8808442],[-117.6545424,33.8808465],[-117.6545364,33.8808487],[-117.6545304,33.880851],[-117.6545244,33.8808532],[-117.6545184,33.8808555],[-117.6545124,33.8808577],[-117.6545064,33.88086],[-117.6545003,33.8808622],[-117.6544943,33.8808644],[-117.6544883,33.8808666],[-117.6544822,33.8808689],[-117.6544762,33.8808711],[-117.6544702,33.8808732],[-117.6544641,33.8808754],[-117.6544581,33.8808776],[-117.654452,33.8808798],[-117.654446,33.880882],[-117.6544399,33.8808841],[-117.6544338,33.8808863],[-117.6544278,33.8808884],[-117.6544217,33.8808906],[-117.6544156,33.8808927],[-117.6544096,33.8808948],[-117.6544035,33.8808969],[-117.6543974,33.880899],[-117.6543913,33.8809011],[-117.6543852,33.8809032],[-117.6543791,33.8809053],[-117.654373,33.8809074],[-117.6543669,33.8809095],[-117.6543608,33.8809116],[-117.6543547,33.8809136],[-117.6543486,33.8809157],[-117.6543425,33.8809177],[-117.6543364,33.8809198],[-117.6543303,33.8809218],[-117.6543241,33.8809238],[-117.654318,33.8809259],[-117.6543119,33.8809279],[-117.6543057,33.8809299],[-117.6542996,33.8809319],[-117.6542935,33.8809339],[-117.6542873,33.8809359],[-117.6542812,33.8809378],[-117.654275,33.8809398],[-117.6542689,33.8809418],[-117.6542627,33.8809437],[-117.6542565,33.8809457],[-117.6542504,33.8809476],[-117.6542442,33.8809496],[-117.654238,33.8809515],[-117.6542319,33.8809534],[-117.6542257,33.8809553],[-117.6542195,33.8809572],[-117.6542133,33.8809591],[-117.6542072,33.880961],[-117.654201,33.8809629],[-117.6541948,33.8809648],[-117.6541886,33.8809667],[-117.6541824,33.8809685],[-117.6541762,33.8809704],[-117.65417,33.8809723],[-117.6541638,33.8809741],[-117.6541576,33.8809759],[-117.6541513,33.8809778],[-117.6541451,33.8809796],[-117.6541389,33.8809814],[-117.6541327,33.8809832],[-117.6541265,33.880985],[-117.6541202,33.8809868],[-117.654114,33.8809886],[-117.6541078,33.8809904],[-117.6541015,33.8809922],[-117.6540953,33.8809939],[-117.654089,33.8809957],[-117.6540828,33.8809974],[-117.6540766,33.8809992],[-117.6540703,33.8810009],[-117.654064,33.8810026],[-117.6540578,33.8810044],[-117.6540515,33.8810061],[-117.6540453,33.8810078],[-117.654039,33.8810095],[-117.6540327,33.8810112],[-117.6540265,33.8810129],[-117.6540202,33.8810146],[-117.6540139,33.8810162],[-117.6540076,33.8810179],[-117.6540014,33.8810196],[-117.6539951,33.8810212],[-117.6539888,33.8810229],[-117.6539825,33.8810245],[-117.6539762,33.8810261],[-117.6539699,33.8810277],[-117.6539636,33.8810294],[-117.6539573,33.881031],[-117.653951,33.8810326],[-117.6539447,33.8810342],[-117.6539384,33.8810358],[-117.6539321,33.8810373],[-117.6539258,33.8810389],[-117.6539194,33.8810405],[-117.6539131,33.881042],[-117.6539068,33.8810436],[-117.6539005,33.8810451],[-117.6538942,33.8810467],[-117.6538878,33.8810482],[-117.6538815,33.8810497],[-117.6538752,33.8810512],[-117.6538688,33.8810527],[-117.6538625,33.8810542],[-117.6538561,33.8810557],[-117.6538498,33.8810572],[-117.6538434,33.8810587],[-117.6538371,33.8810602],[-117.6538307,33.8810616],[-117.6538244,33.8810631],[-117.653818,33.8810645],[-117.6538117,33.881066],[-117.6538053,33.8810674],[-117.653799,33.8810688],[-117.6537926,33.8810703],[-117.6537862,33.8810717],[-117.6537799,33.8810731],[-117.6537735,33.8810745],[-117.6537671,33.8810759],[-117.6537607,33.8810772],[-117.6537543,33.8810786],[-117.653748,33.88108],[-117.6537416,33.8810814],[-117.6537352,33.8810827],[-117.6537288,33.8810841],[-117.6537224,33.8810854],[-117.653716,33.8810867],[-117.6537096,33.8810881],[-117.6537032,33.8810894],[-117.6536968,33.8810907],[-117.6536904,33.881092],[-117.653684,33.8810933],[-117.6533279,33.8811701],[-117.6534058,33.8812201],[-117.6534142,33.8812254],[-117.6541614,33.8817048],[-117.6542759,33.8817783],[-117.6545486,33.8819532],[-117.6545573,33.8819587],[-117.6545627,33.8819619],[-117.6545681,33.8819651],[-117.6545735,33.8819682],[-117.6545789,33.8819713],[-117.6545844,33.8819744],[-117.6545899,33.8819774],[-117.6545954,33.8819804],[-117.6546009,33.8819834],[-117.6546065,33.8819863],[-117.6546121,33.8819892],[-117.6546178,33.881992],[-117.6546235,33.8819948],[-117.6546292,33.8819976],[-117.6546349,33.8820003],[-117.6546406,33.882003],[-117.6546464,33.8820056],[-117.6546522,33.8820082],[-117.6546581,33.8820107],[-117.6546639,33.8820133],[-117.6546698,33.8820157],[-117.6546757,33.8820182],[-117.6546817,33.8820205],[-117.6546876,33.8820229],[-117.6546936,33.8820252],[-117.6546996,33.8820275],[-117.6547056,33.8820297],[-117.6547117,33.8820318],[-117.6547178,33.882034],[-117.6547239,33.8820361],[-117.65473,33.8820381],[-117.6547361,33.8820401],[-117.6547423,33.8820421],[-117.6547484,33.882044],[-117.6547546,33.8820459],[-117.6547608,33.8820477],[-117.6547671,33.8820495],[-117.6547733,33.8820512],[-117.6547796,33.8820529],[-117.6547859,33.8820546],[-117.6547922,33.8820562],[-117.6547985,33.8820578],[-117.6548048,33.8820593],[-117.6548112,33.8820608],[-117.6548175,33.8820622],[-117.6548239,33.8820636],[-117.6548303,33.8820649],[-117.6548367,33.8820662],[-117.6548431,33.8820675],[-117.6548495,33.8820687],[-117.654856,33.8820699],[-117.6548624,33.882071],[-117.6548689,33.8820721],[-117.6548754,33.8820731],[-117.6548819,33.8820741],[-117.6548883,33.882075],[-117.6548948,33.8820759],[-117.6549014,33.8820767],[-117.6549079,33.8820775],[-117.6549144,33.8820783],[-117.6549209,33.882079],[-117.6549275,33.8820796],[-117.654934,33.8820803],[-117.6549406,33.8820808],[-117.6549471,33.8820813],[-117.6549537,33.8820818],[-117.6549603,33.8820823],[-117.6549669,33.8820826],[-117.6549734,33.882083],[-117.65498,33.8820833],[-117.6549866,33.8820835],[-117.6549932,33.8820837],[-117.6549998,33.8820839],[-117.6550064,33.882084],[-117.6550129,33.882084],[-117.6550195,33.882084],[-117.6550261,33.882084],[-117.6550327,33.8820839],[-117.6550393,33.8820838],[-117.6550459,33.8820836],[-117.6550525,33.8820834],[-117.655059,33.8820831],[-117.6550656,33.8820828],[-117.6550722,33.8820825],[-117.6550788,33.8820821],[-117.6550853,33.8820816],[-117.6550919,33.8820811],[-117.6550985,33.8820806],[-117.655105,33.88208],[-117.6551116,33.8820794],[-117.6551181,33.8820787],[-117.6551246,33.882078],[-117.6551312,33.8820772],[-117.6551377,33.8820764],[-117.6551442,33.8820755],[-117.6551507,33.8820746],[-117.6551572,33.8820736],[-117.6551636,33.8820726],[-117.6551701,33.8820716],[-117.6551766,33.8820705],[-117.655183,33.8820694],[-117.6551895,33.8820682],[-117.6551959,33.8820669],[-117.6552023,33.8820657],[-117.6552087,33.8820644],[-117.6552151,33.882063],[-117.6552214,33.8820616],[-117.6552278,33.8820601],[-117.6552341,33.8820586],[-117.6552405,33.8820571],[-117.6552468,33.8820555],[-117.6552531,33.8820539],[-117.6552593,33.8820522],[-117.6552656,33.8820505],[-117.6552718,33.8820487],[-117.6552781,33.8820469],[-117.6552843,33.8820451],[-117.6552904,33.8820432],[-117.6552966,33.8820412],[-117.6553028,33.8820392],[-117.6553089,33.8820372],[-117.655315,33.8820352],[-117.6553211,33.882033],[-117.6553271,33.8820309],[-117.6553332,33.8820287],[-117.6553392,33.8820265],[-117.6553452,33.8820242],[-117.6553512,33.8820219],[-117.6553571,33.8820195],[-117.655363,33.8820171],[-117.6553689,33.8820146],[-117.6553748,33.8820121],[-117.6553807,33.8820096],[-117.6553865,33.882007],[-117.6553923,33.8820044],[-117.6553981,33.8820018],[-117.6554038,33.8819991],[-117.6554095,33.8819964],[-117.6554152,33.8819936],[-117.6554209,33.8819908],[-117.6554265,33.8819879],[-117.6554321,33.881985],[-117.6554377,33.8819821],[-117.6554432,33.8819791],[-117.6554487,33.8819761],[-117.6554542,33.8819731],[-117.6554597,33.88197],[-117.6554651,33.8819668],[-117.6554705,33.8819637],[-117.6554758,33.8819605],[-117.6554812,33.8819572],[-117.6554864,33.881954],[-117.6554917,33.8819507],[-117.6554969,33.8819473],[-117.6555063,33.8819432],[-117.6555121,33.8819407],[-117.655518,33.8819383],[-117.655524,33.8819358],[-117.6555299,33.8819335],[-117.6555359,33.8819311],[-117.6555419,33.8819289],[-117.6555479,33.8819266],[-117.6555539,33.8819244],[-117.65556,33.8819223],[-117.6555661,33.8819202],[-117.6555722,33.8819181],[-117.6555783,33.8819161],[-117.6555845,33.8819141],[-117.6555906,33.8819122],[-117.6555968,33.8819103],[-117.655603,33.8819084],[-117.6556093,33.8819066],[-117.6556155,33.8819049],[-117.6556218,33.8819032],[-117.655628,33.8819015],[-117.6556343,33.8818999],[-117.6556406,33.8818983],[-117.655647,33.8818968],[-117.6556533,33.8818953],[-117.6556597,33.8818939],[-117.6556661,33.8818925],[-117.6556725,33.8818912],[-117.6556789,33.8818899],[-117.6556853,33.8818886],[-117.6556917,33.8818874],[-117.6556981,33.8818863],[-117.6557046,33.8818851],[-117.6557111,33.8818841],[-117.6557175,33.8818831],[-117.655724,33.8818821],[-117.6557305,33.8818812],[-117.655737,33.8818803],[-117.6557435,33.8818795],[-117.6557501,33.8818787],[-117.6557566,33.881878],[-117.6557631,33.8818773],[-117.6557697,33.8818766],[-117.6557762,33.881876],[-117.6557828,33.8818755],[-117.6557894,33.881875],[-117.6557959,33.8818746],[-117.6558025,33.8818742],[-117.6558091,33.8818738],[-117.6558156,33.8818735],[-117.6558222,33.8818732],[-117.6558288,33.881873],[-117.6558354,33.8818729],[-117.655842,33.8818728],[-117.6558486,33.8818727],[-117.6558552,33.8818727],[-117.6558618,33.8818727],[-117.6558683,33.8818728],[-117.6558749,33.8818729],[-117.6558815,33.8818731],[-117.6558881,33.8818733],[-117.6567592,33.8819068],[-117.6573366,33.8821383],[-117.6574432,33.882219],[-117.6586054,33.8830977],[-117.6587146,33.8831802],[-117.6591918,33.883541],[-117.6602373,33.883953],[-117.660296,33.8839762],[-117.6603999,33.8840653],[-117.6607049,33.8843269],[-117.660713,33.8843342],[-117.6607175,33.8843383],[-117.6607221,33.8843422],[-117.6607266,33.8843462],[-117.6607312,33.8843502],[-117.6607358,33.8843541],[-117.6607404,33.8843581],[-117.660745,33.884362],[-117.6607497,33.8843659],[-117.6607543,33.8843698],[-117.660759,33.8843736],[-117.6607637,33.8843775],[-117.6607684,33.8843813],[-117.6607731,33.8843851],[-117.6607779,33.8843889],[-117.6607827,33.8843927],[-117.6607875,33.8843965],[-117.6607923,33.8844003],[-117.6607971,33.884404],[-117.6608019,33.8844078],[-117.6608068,33.8844115],[-117.6608117,33.8844152],[-117.6608165,33.8844188],[-117.6608215,33.8844225],[-117.6608243,33.8844246],[-117.6608264,33.8844262],[-117.6608313,33.8844298],[-117.6608363,33.8844334],[-117.6608413,33.884437],[-117.6608463,33.8844406],[-117.6608513,33.8844442],[-117.6608563,33.8844477],[-117.6608613,33.8844513],[-117.6608664,33.8844548],[-117.6608715,33.8844583],[-117.6608766,33.8844618],[-117.6608817,33.8844652],[-117.6608868,33.8844687],[-117.660892,33.8844721],[-117.6608971,33.8844755],[-117.6609023,33.8844789],[-117.6609075,33.8844823],[-117.6609127,33.8844857],[-117.6609179,33.884489],[-117.6609232,33.8844924],[-117.6609284,33.8844957],[-117.6609337,33.884499],[-117.660939,33.8845023],[-117.6609443,33.8845055],[-117.6609496,33.8845088],[-117.6609549,33.884512],[-117.6609603,33.8845152],[-117.6609656,33.8845184],[-117.660971,33.8845216],[-117.6609764,33.8845248],[-117.6609818,33.8845279],[-117.6609872,33.884531],[-117.6609927,33.8845341],[-117.6609981,33.8845372],[-117.6610036,33.8845403],[-117.6610091,33.8845433],[-117.6610146,33.8845464],[-117.6610201,33.8845494],[-117.6610256,33.8845524],[-117.6610311,33.8845554],[-117.6610367,33.8845583],[-117.6610422,33.8845613],[-117.6610478,33.8845642],[-117.6610534,33.8845671],[-117.661059,33.88457],[-117.6610646,33.8845729],[-117.6610703,33.8845757],[-117.6610759,33.8845786],[-117.6610816,33.8845814],[-117.6610872,33.8845842],[-117.6610929,33.8845869],[-117.6610986,33.8845897],[-117.6611043,33.8845924],[-117.6611101,33.8845952],[-117.6611158,33.8845979],[-117.6611216,33.8846006],[-117.6611273,33.8846032],[-117.6611331,33.8846059],[-117.6611389,33.8846085],[-117.6611447,33.8846111],[-117.6611505,33.8846137],[-117.6611563,33.8846163],[-117.6611621,33.8846188],[-117.661168,33.8846214],[-117.6611739,33.8846239],[-117.6611797,33.8846264],[-117.6611856,33.8846288],[-117.6611915,33.8846313],[-117.6611974,33.8846337],[-117.6612033,33.8846362],[-117.6612093,33.8846386],[-117.6612152,33.8846409],[-117.6612211,33.8846433],[-117.6612271,33.8846456],[-117.6612331,33.884648],[-117.6612391,33.8846503],[-117.6612451,33.8846525],[-117.6612511,33.8846548],[-117.6612571,33.884657],[-117.6612631,33.8846593],[-117.6612691,33.8846615],[-117.6612752,33.8846636],[-117.6612813,33.8846658],[-117.6612873,33.884668],[-117.6612934,33.8846701],[-117.6612995,33.8846722],[-117.6613056,33.8846743],[-117.6613117,33.8846763],[-117.6613178,33.8846784],[-117.6613239,33.8846804],[-117.6613301,33.8846824],[-117.6613362,33.8846844],[-117.6613431,33.8846865],[-117.6613493,33.8846883],[-117.6613556,33.8846901],[-117.6613618,33.8846919],[-117.661368,33.8846937],[-117.6613743,33.8846954],[-117.6613806,33.8846971],[-117.6613869,33.8846987],[-117.6613932,33.8847003],[-117.6613995,33.8847019],[-117.6614058,33.8847034],[-117.6614121,33.8847049],[-117.6614185,33.8847064],[-117.6614249,33.8847079],[-117.6614312,33.8847093],[-117.6614376,33.8847106],[-117.661444,33.884712],[-117.6614504,33.8847133],[-117.6614568,33.8847145],[-117.6614632,33.8847158],[-117.6614697,33.884717],[-117.6614761,33.8847181],[-117.6614826,33.8847192],[-117.661489,33.8847203],[-117.6614955,33.8847214],[-117.661502,33.8847224],[-117.6615084,33.8847234],[-117.6615149,33.8847243],[-117.6615214,33.8847253],[-117.6615279,33.8847261],[-117.6615345,33.884727],[-117.661541,33.8847278],[-117.6615475,33.8847286],[-117.661554,33.8847293],[-117.6615606,33.88473],[-117.6615671,33.8847307],[-117.6615736,33.8847313],[-117.6615802,33.8847319],[-117.6615868,33.8847324],[-117.6615933,33.884733],[-117.6615999,33.8847335],[-117.6616064,33.8847339],[-117.661613,33.8847343],[-117.6616196,33.8847347],[-117.6616262,33.884735],[-117.6616327,33.8847354],[-117.6616393,33.8847356],[-117.6616459,33.8847359],[-117.6616525,33.8847361],[-117.6616591,33.8847362],[-117.6616657,33.8847364],[-117.6616723,33.8847365],[-117.6616788,33.8847365],[-117.6616854,33.8847365],[-117.661692,33.8847365],[-117.6616986,33.8847365],[-117.6617052,33.8847364],[-117.6617118,33.8847363],[-117.6617184,33.8847361],[-117.661725,33.8847359],[-117.6617315,33.8847357],[-117.6617381,33.8847354],[-117.6617447,33.8847351],[-117.6617513,33.8847348],[-117.6617579,33.8847344],[-117.6617644,33.884734],[-117.661771,33.8847336],[-117.6617776,33.8847331],[-117.6617841,33.8847326],[-117.6617907,33.884732],[-117.6617972,33.8847315],[-117.6618038,33.8847308],[-117.6618103,33.8847302],[-117.6618169,33.8847295],[-117.6618234,33.8847288],[-117.6618299,33.884728],[-117.6618364,33.8847272],[-117.661843,33.8847264],[-117.6618495,33.8847255],[-117.661856,33.8847246],[-117.6618625,33.8847236],[-117.6618689,33.8847227],[-117.6618754,33.8847217],[-117.6618819,33.8847206],[-117.6618883,33.8847195],[-117.6618948,33.8847184],[-117.6619012,33.8847173],[-117.6619077,33.8847161],[-117.6619141,33.8847149],[-117.6619205,33.8847136],[-117.6619269,33.8847123],[-117.6619333,33.884711],[-117.6619397,33.8847096],[-117.6619461,33.8847082],[-117.6619524,33.8847068],[-117.6619588,33.8847053],[-117.6619651,33.8847039],[-117.6619715,33.8847023],[-117.6619778,33.8847008],[-117.6619841,33.8846992],[-117.6619904,33.8846975],[-117.6619966,33.8846958],[-117.6620029,33.8846941],[-117.6620092,33.8846924],[-117.6620154,33.8846906],[-117.6620216,33.8846888],[-117.6620278,33.884687],[-117.662034,33.8846851],[-117.6620375,33.8846841],[-117.6620438,33.8846825],[-117.6620501,33.8846809],[-117.6620564,33.8846792],[-117.662056,33.8846782],[-117.6620587,33.8846773],[-117.6620648,33.8846753],[-117.6620709,33.8846732],[-117.662077,33.8846711],[-117.662083,33.8846689],[-117.6620891,33.8846668],[-117.6620951,33.8846646],[-117.6621011,33.8846623],[-117.6621072,33.88466],[-117.6621131,33.8846577],[-117.6621191,33.8846554],[-117.662125,33.884653],[-117.662131,33.8846506],[-117.6621369,33.8846482],[-117.6621428,33.8846457],[-117.6621486,33.8846432],[-117.6621545,33.8846407],[-117.6621603,33.8846382],[-117.6621661,33.8846356],[-117.6621719,33.8846329],[-117.6621777,33.8846303],[-117.6622211,33.8846094],[-117.662283,33.8845796],[-117.6622887,33.8845883],[-117.6623132,33.8846257],[-117.6623516,33.8846841],[-117.6623569,33.8846922],[-117.66285,33.8854435],[-117.6647613,33.8879449],[-117.6647695,33.8879443],[-117.6648608,33.8879378],[-117.6649601,33.8879291],[-117.6650593,33.887919],[-117.6651582,33.8879075],[-117.6652568,33.8878946],[-117.6653552,33.8878802],[-117.6654532,33.8878643],[-117.6655509,33.8878471],[-117.6656482,33.8878284],[-117.6657451,33.8878083],[-117.6658416,33.8877869],[-117.6659376,33.887764],[-117.6660332,33.8877397],[-117.6661282,33.887714],[-117.6662226,33.8876869],[-117.6663165,33.8876585],[-117.6664097,33.8876287],[-117.6665023,33.8875976],[-117.6665943,33.8875651],[-117.6666856,33.8875313],[-117.6667761,33.8874962],[-117.6668659,33.8874597],[-117.6669549,33.8874219],[-117.6670431,33.8873829],[-117.6671305,33.8873426],[-117.667217,33.887301],[-117.6673026,33.8872581],[-117.6673873,33.887214],[-117.6674711,33.8871687],[-117.6675539,33.8871222],[-117.6676358,33.8870745],[-117.6677166,33.8870256],[-117.6677964,33.8869755],[-117.6678751,33.8869243],[-117.6679528,33.8868719],[-117.6680293,33.8868184],[-117.6681047,33.8867638],[-117.668179,33.8867081],[-117.668226,33.8866716],[-117.668252,33.8866513],[-117.6683239,33.8865935],[-117.6683946,33.8865347],[-117.668464,33.8864748],[-117.6685321,33.8864139],[-117.668599,33.886352],[-117.6686645,33.8862892],[-117.6687288,33.8862254],[-117.6687917,33.8861608],[-117.6688532,33.8860952],[-117.6689133,33.8860287],[-117.668972,33.8859613],[-117.6690294,33.8858931],[-117.6690852,33.8858241],[-117.6691397,33.8857543],[-117.6691926,33.8856837],[-117.6692441,33.8856123],[-117.6692941,33.8855402],[-117.6693425,33.8854674],[-117.6693894,33.8853938],[-117.6694348,33.8853197],[-117.6694786,33.8852448],[-117.6695209,33.8851693],[-117.6695577,33.8851004],[-117.6695615,33.8850933],[-117.6696006,33.8850166],[-117.669638,33.8849394],[-117.6696743,33.8848606],[-117.6703395,33.8833781],[-117.6703065,33.8833447],[-117.6700307,33.8830663],[-117.6688926,33.8809219],[-117.6689181,33.8808938],[-117.6689611,33.8808463],[-117.6690102,33.880792],[-117.6690446,33.880754],[-117.6717035,33.8778175],[-117.6717955,33.8777159],[-117.6724926,33.876946],[-117.6725306,33.8768665],[-117.6726244,33.8766699],[-117.6726692,33.8765763],[-117.6727168,33.8764766],[-117.6730504,33.875778],[-117.673055,33.8757683],[-117.6732077,33.8754485],[-117.6732078,33.8754483],[-117.6732079,33.8754481],[-117.673215,33.8754332],[-117.6731417,33.8753982],[-117.6707818,33.8742708],[-117.672324,33.8712057],[-117.6724745,33.8711782],[-117.6730595,33.8710714],[-117.673184,33.8710487],[-117.6731473,33.8710095],[-117.6731461,33.8710099],[-117.6730087,33.8708616],[-117.6729191,33.8707649],[-117.6726571,33.8704839],[-117.6725801,33.8704019],[-117.6724511,33.8702629],[-117.6722621,33.8700599],[-117.6722401,33.8700369],[-117.6721981,33.8699919],[-117.6720991,33.8698849],[-117.6719971,33.8697759],[-117.6719401,33.8697149],[-117.6719051,33.8696779],[-117.6718591,33.8696279],[-117.6717294,33.8694896],[-117.6716232,33.8693762],[-117.6716235,33.8693761],[-117.6716202,33.8693726],[-117.6708084,33.869647],[-117.6706115,33.8696655],[-117.6705534,33.8696709],[-117.6704052,33.869782],[-117.670355,33.8698196],[-117.6703273,33.8698237],[-117.6693943,33.8701901],[-117.6683966,33.8705273],[-117.6683761,33.8704994],[-117.6682926,33.870542],[-117.6681737,33.8706027],[-117.6680571,33.8706421],[-117.6676717,33.8707723],[-117.6675135,33.8708271],[-117.6675071,33.8708293],[-117.6673438,33.8708887],[-117.6673201,33.8708978],[-117.6671817,33.8709505],[-117.667021,33.8710146],[-117.6668616,33.8710811],[-117.6667036,33.8711498],[-117.6665471,33.8712209],[-117.6663036,33.8713374],[-117.6662994,33.8713395],[-117.6662951,33.8713415],[-117.6662907,33.8713435],[-117.6662864,33.8713454],[-117.666282,33.8713473],[-117.6662775,33.8713491],[-117.6662731,33.8713509],[-117.6662686,33.8713526],[-117.6662641,33.8713543],[-117.6662595,33.8713559],[-117.666255,33.8713575],[-117.6662504,33.871359],[-117.6662458,33.8713605],[-117.6662411,33.8713619],[-117.6662365,33.8713633],[-117.6662318,33.8713646],[-117.6662271,33.8713659],[-117.6662223,33.8713671],[-117.6662176,33.8713682],[-117.6662128,33.8713693],[-117.6662081,33.8713703],[-117.6662033,33.8713713],[-117.6661984,33.8713723],[-117.6661936,33.8713731],[-117.6661888,33.871374],[-117.6661855,33.8713745],[-117.6661823,33.871375],[-117.666179,33.8713754],[-117.6661758,33.8713759],[-117.6661725,33.8713763],[-117.6661693,33.8713767],[-117.666166,33.8713771],[-117.6661627,33.8713774],[-117.6661595,33.8713777],[-117.6661562,33.871378],[-117.6661529,33.8713783],[-117.6661496,33.8713785],[-117.6661464,33.8713787],[-117.6661431,33.8713789],[-117.6661398,33.8713791],[-117.6661365,33.8713793],[-117.6661332,33.8713794],[-117.6661299,33.8713795],[-117.6661266,33.8713795],[-117.6661233,33.8713796],[-117.66612,33.8713796],[-117.6661167,33.8713796],[-117.6661134,33.8713796],[-117.6661101,33.8713795],[-117.6661069,33.8713794],[-117.6661036,33.8713793],[-117.6661003,33.8713792],[-117.666097,33.8713791],[-117.6660937,33.8713789],[-117.6660904,33.8713787],[-117.6660871,33.8713784],[-117.6660838,33.8713782],[-117.6660806,33.8713779],[-117.6660773,33.8713776],[-117.666074,33.8713773],[-117.6660708,33.8713769],[-117.6660675,33.8713765],[-117.6660642,33.8713761],[-117.666061,33.8713757],[-117.6660577,33.8713753],[-117.6660545,33.8713748],[-117.6660512,33.8713743],[-117.666048,33.8713738],[-117.6660448,33.8713732],[-117.6660416,33.8713726],[-117.6660384,33.871372],[-117.6660351,33.8713714],[-117.6660319,33.8713708],[-117.6660287,33.8713701],[-117.6660256,33.8713694],[-117.6660224,33.8713687],[-117.6660192,33.8713679],[-117.666014,33.8713668],[-117.6659989,33.8713634],[-117.6659746,33.8713575],[-117.6659447,33.8713502],[-117.6659029,33.8713399],[-117.6658063,33.8713914],[-117.6657382,33.8714413],[-117.6655488,33.8715802],[-117.6653113,33.8717544],[-117.6652249,33.8718178],[-117.6650105,33.8719573],[-117.6649993,33.8719646],[-117.6647787,33.8721167],[-117.6647711,33.8721222],[-117.6645824,33.8722599],[-117.6645633,33.8722738],[-117.6643532,33.8724358],[-117.6642014,33.8725585],[-117.6639801,33.8727178],[-117.6637771,33.8728695],[-117.6637771,33.8728695],[-117.6635661,33.8730272],[-117.6626819,33.873688],[-117.6617854,33.8743581],[-117.6617854,33.8743581],[-117.6605493,33.8753762],[-117.6595035,33.8762375],[-117.6595011,33.8762395],[-117.6588264,33.8762308],[-117.6588131,33.8762306],[-117.6589083,33.8758653],[-117.6589089,33.8758628],[-117.6586874,33.8758213],[-117.6586754,33.875819],[-117.6586118,33.871319],[-117.6586118,33.8713165],[-117.6554269,33.8706954],[-117.6549522,33.8706029],[-117.6540357,33.8704241],[-117.6505427,33.8697428],[-117.6504456,33.8697239],[-117.6495323,33.8695457],[-117.6457733,33.8688124],[-117.645677,33.8687936],[-117.6455808,33.8687749],[-117.6450902,33.8686792],[-117.6450365,33.8686687],[-117.6450288,33.8686672],[-117.6450054,33.8686626],[-117.6449933,33.8686602],[-117.6449927,33.8685749],[-117.6449839,33.8673397],[-117.6449812,33.8669623],[-117.6449799,33.8667812],[-117.6449776,33.8664563],[-117.6449763,33.8663962],[-117.6449708,33.866135],[-117.6449549,33.8653922],[-117.6449142,33.8634785],[-117.6448293,33.8594864],[-117.6448276,33.8594078],[-117.6448275,33.8594035],[-117.6406699,33.8593592],[-117.6403246,33.8593555],[-117.6364185,33.8593667],[-117.6363324,33.8593669],[-117.6363191,33.8593669],[-117.6320369,33.859379],[-117.6320248,33.859379],[-117.6320248,33.8593785],[-117.6320327,33.8571507],[-117.6320327,33.8571499],[-117.6320291,33.8567318],[-117.632029,33.8567269],[-117.6312437,33.8567252],[-117.6312344,33.8567252],[-117.623344,33.8567079],[-117.623344,33.8567084],[-117.6233424,33.8572017],[-117.6233416,33.8574137],[-117.6233362,33.8590379],[-117.623335,33.8594026],[-117.6233289,33.8594026],[-117.6232301,33.8594022],[-117.6216685,33.8593951],[-117.6215697,33.8593947],[-117.6214709,33.8593943],[-117.6192958,33.8593845],[-117.6191534,33.8593841],[-117.6189803,33.8593837],[-117.6171759,33.8593847],[-117.6171022,33.8593847],[-117.617027,33.8593845],[-117.6157237,33.8593811],[-117.6152809,33.85938],[-117.6152809,33.85938],[-117.614928,33.859379],[-117.6148937,33.859379],[-117.6134409,33.8593752],[-117.6134282,33.8593751],[-117.6134289,33.8593709],[-117.6134786,33.8590716],[-117.6137362,33.8575229],[-117.6137956,33.8571659],[-117.6138956,33.8565649],[-117.6139854,33.8560249],[-117.6140848,33.8554273],[-117.6140861,33.8554194],[-117.6141547,33.8550073],[-117.6141894,33.8547986],[-117.6142215,33.8546057],[-117.6142214,33.8546057],[-117.6142215,33.8546052],[-117.6147417,33.8546259],[-117.614747,33.853267],[-117.6147483,33.8532659],[-117.6147564,33.8513355],[-117.6147564,33.8513301],[-117.6147676,33.848615],[-117.6158299,33.848608],[-117.6158335,33.8477075],[-117.6158335,33.8477026],[-117.6158335,33.8477005],[-117.6147865,33.847708],[-117.6147745,33.8477081],[-117.6147714,33.8477082],[-117.6147743,33.8470018],[-117.614779,33.8458901],[-117.614779,33.8458878],[-117.6190271,33.8458577],[-117.6190329,33.84405],[-117.6147865,33.8440809],[-117.6147865,33.8440749],[-117.6147939,33.8422961],[-117.614794,33.8422672],[-117.6129292,33.8422869],[-117.6125532,33.8422908],[-117.6104965,33.8423124],[-117.6105116,33.8387178],[-117.6105116,33.8387131],[-117.6105117,33.8386851],[-117.6063368,33.8386713],[-117.6063308,33.8386712],[-117.6063687,33.8370222],[-117.6063687,33.8370222],[-117.6063714,33.8369026],[-117.6063715,33.8369021],[-117.6063962,33.8359697],[-117.6063963,33.8359653],[-117.6054917,33.8359701],[-117.6052732,33.8359712],[-117.6052732,33.8359707],[-117.6052983,33.8350665],[-117.6052984,33.8350629],[-117.6049391,33.8350607],[-117.604535,33.8350582],[-117.599929,33.8350296],[-117.5997012,33.8350282],[-117.5996807,33.8350281],[-117.5996808,33.8350276],[-117.5997809,33.8332307],[-117.5997812,33.8332264],[-117.5997811,33.8332264],[-117.5964524,33.833211],[-117.5953634,33.8332059],[-117.5952598,33.8358852],[-117.5952598,33.8358857],[-117.595272,33.8358858],[-117.5952896,33.8358859],[-117.5955158,33.8358871],[-117.5973307,33.8358972],[-117.5973306,33.8359015],[-117.5973101,33.836787],[-117.5973093,33.8368214],[-117.597308,33.8368786],[-117.5972428,33.8397015],[-117.5972299,33.8402603],[-117.5972031,33.8414197],[-117.597203,33.8414256],[-117.597203,33.8414261],[-117.5957538,33.840115],[-117.5957431,33.840105],[-117.5957199,33.8400835],[-117.5956176,33.8399887],[-117.5951765,33.8395799],[-117.5951536,33.8395586],[-117.5941581,33.8386359],[-117.5940419,33.8385282],[-117.5936797,33.8381924],[-117.5934728,33.8380007],[-117.5923093,33.8369272],[-117.5921953,33.836822],[-117.5921896,33.8368167],[-117.590356,33.835125],[-117.5898886,33.8346926],[-117.5894902,33.8343241],[-117.5891211,33.833982],[-117.589093,33.8339559],[-117.5891006,33.8331914],[-117.5891358,33.8296701],[-117.5891298,33.8296701],[-117.585877,33.8296811],[-117.5844406,33.829686],[-117.58444,33.829686],[-117.5822633,33.8276865],[-117.5822275,33.8276536],[-117.5818478,33.8273047],[-117.5817505,33.8272154],[-117.5804755,33.8260441],[-117.5778787,33.8236585],[-117.5778728,33.823653],[-117.5775291,33.8234778],[-117.5757658,33.822579],[-117.5718494,33.8205849],[-117.5697013,33.8194889],[-117.5694715,33.8193717],[-117.5689319,33.8190963],[-117.5682616,33.8187543],[-117.5675338,33.818383],[-117.5673006,33.8182639],[-117.5665639,33.817888],[-117.5658535,33.8175255],[-117.5656938,33.817444],[-117.5656938,33.8174435],[-117.5656911,33.8173873],[-117.5656118,33.817347],[-117.5653593,33.8172184],[-117.5641093,33.8165819],[-117.5640973,33.8165759],[-117.5640947,33.8166335],[-117.5640946,33.8166352],[-117.5640946,33.8166352],[-117.5638019,33.8164855],[-117.5637091,33.8164382],[-117.5633939,33.8162775],[-117.5631986,33.8161779],[-117.563104,33.8161297],[-117.5626935,33.8159204],[-117.5614747,33.8152991],[-117.5614602,33.8152917],[-117.5612413,33.8151801],[-117.5606776,33.8148927],[-117.5602024,33.8146504],[-117.5598524,33.814472],[-117.5596055,33.814346],[-117.5595989,33.8143427],[-117.5595966,33.8143416],[-117.5593465,33.814214],[-117.5593088,33.8141948],[-117.5591419,33.81411],[-117.5590347,33.8140555],[-117.5590347,33.814055],[-117.5590353,33.8139853],[-117.5587044,33.8138199],[-117.5579596,33.8134475],[-117.5579297,33.8134326],[-117.5571262,33.8130308],[-117.556652,33.8127937],[-117.5564847,33.8127101],[-117.5563425,33.812639],[-117.5559164,33.8124259],[-117.5558643,33.8123999],[-117.5552832,33.8121093],[-117.5547021,33.8118188],[-117.5540469,33.8114911],[-117.5540469,33.8114906],[-117.5540475,33.8112367],[-117.5540475,33.8112362],[-117.5540481,33.8109972],[-117.5540481,33.8109967],[-117.5540486,33.8107956],[-117.5540486,33.8107951],[-117.554052,33.8093957],[-117.5540526,33.8093084],[-117.5540612,33.8080534],[-117.5540503,33.8074149],[-117.5540497,33.8073829],[-117.5540513,33.807168],[-117.5540992,33.8007897],[-117.5540981,33.8000905],[-117.5540981,33.8000861],[-117.5504491,33.8001056],[-117.5499482,33.8001079],[-117.5499289,33.800108],[-117.5460848,33.8001281],[-117.5434184,33.800142],[-117.5434182,33.800142],[-117.542387,33.8001473],[-117.5417593,33.8001506],[-117.5415897,33.8001515],[-117.5374202,33.8001742],[-117.5374144,33.8001742],[-117.5356993,33.8001959],[-117.5330826,33.8002289],[-117.5330067,33.8002298],[-117.532622,33.8002347],[-117.5310348,33.8002554],[-117.5286774,33.8002862],[-117.5274027,33.8003028],[-117.5271914,33.8003055],[-117.5269807,33.8003083],[-117.526773,33.800311],[-117.526569,33.8003137],[-117.5263583,33.8003164],[-117.5261543,33.8003191],[-117.5259305,33.800322],[-117.5256292,33.8003259],[-117.5254317,33.8003285],[-117.5251938,33.8003316],[-117.5249798,33.8003343],[-117.5247625,33.8003372],[-117.5245322,33.8003402],[-117.524431,33.8003415],[-117.5244189,33.8003416],[-117.5243401,33.8003427],[-117.5243388,33.8021565],[-117.5243375,33.8039198],[-117.5243367,33.805019],[-117.5243355,33.8065113],[-117.524335,33.8072659],[-117.5243348,33.807493],[-117.5243348,33.8074945],[-117.5254472,33.8074872],[-117.5280972,33.8074696],[-117.5267632,33.8082956],[-117.5260538,33.8086736],[-117.525958,33.8090718],[-117.5252463,33.8094908],[-117.524625,33.810118],[-117.524371,33.8102986],[-117.5243812,33.8110942],[-117.5243172,33.8110943],[-117.5243051,33.8110943],[-117.5234602,33.811096],[-117.5234598,33.811096],[-117.522148,33.8110986],[-117.5213932,33.8111001],[-117.520272,33.8111024],[-117.5199815,33.811103],[-117.5199753,33.811103],[-117.5199684,33.8128716],[-117.5199613,33.8146842],[-117.5199613,33.814685],[-117.5177788,33.8147709],[-117.5177739,33.8147711],[-117.5167278,33.8148123],[-117.5156097,33.8148563],[-117.5143416,33.8149062],[-117.5136229,33.8149344],[-117.5126402,33.8149731],[-117.5123848,33.8149831],[-117.5123815,33.814979],[-117.5123812,33.8149785],[-117.512379,33.8149772],[-117.512373,33.8149734],[-117.5123074,33.8149324],[-117.5121033,33.8148048],[-117.5119409,33.8145723],[-117.5117833,33.8143376],[-117.5116303,33.8141008],[-117.5114821,33.8138618],[-117.5114806,33.8138565],[-117.5114301,33.813686],[-117.5113129,33.8132896],[-117.5112876,33.8128013],[-117.5112338,33.8119039],[-117.5111298,33.8115972],[-117.5108363,33.8113671],[-117.5098994,33.8106325],[-117.5098949,33.8106215],[-117.5098924,33.8106153],[-117.5095405,33.8097521],[-117.5092012,33.8089196],[-117.5086246,33.8075051],[-117.5085484,33.8075044],[-117.5083365,33.8069551],[-117.5082449,33.8068936],[-117.5081405,33.8068236],[-117.5080694,33.8068408],[-117.5075969,33.8069655],[-117.5072492,33.8070572],[-117.5070601,33.8071078],[-117.5069134,33.8071471],[-117.5062598,33.807322],[-117.5061187,33.8073597],[-117.5060224,33.8073861],[-117.5059273,33.8074121],[-117.5056989,33.8074747],[-117.5047612,33.8077359],[-117.5046431,33.8077657],[-117.5046408,33.8077663],[-117.5046306,33.8077689],[-117.5046351,33.8073464],[-117.5046343,33.8073129],[-117.5046342,33.8072793],[-117.5046348,33.8072458],[-117.504636,33.8072123],[-117.504638,33.8071788],[-117.5046407,33.8071454],[-117.5046441,33.807112],[-117.5046481,33.8070786],[-117.5046529,33.8070453],[-117.5046584,33.8070121],[-117.504659,33.8070086],[-117.5045963,33.8069973],[-117.504538,33.8069869],[-117.5031324,33.8067357],[-117.5030459,33.8073653],[-117.5030347,33.8074472],[-117.5029359,33.8074463],[-117.501773,33.8074355],[-117.5016742,33.8074346],[-117.501665,33.8074346],[-117.5015756,33.807435],[-117.5001271,33.8074421],[-117.5000586,33.8074425],[-117.4999592,33.807443],[-117.4997913,33.8074438],[-117.4996235,33.8074446],[-117.4994556,33.8074454],[-117.4976743,33.8074542],[-117.4976619,33.8074542],[-117.4978583,33.8048629],[-117.4978691,33.8047212],[-117.4971204,33.8041398],[-117.4967735,33.8038704],[-117.4967232,33.8038313],[-117.4967169,33.8038265],[-117.4967162,33.8038265],[-117.4965758,33.8038255],[-117.4965142,33.8038251],[-117.4937429,33.8038063],[-117.4937428,33.8038063],[-117.4937427,33.8038089],[-117.4936496,33.8074737],[-117.4935482,33.8146249],[-117.4935484,33.8146249],[-117.4935603,33.8146262],[-117.4935917,33.8146296],[-117.4954775,33.8148324],[-117.4955428,33.8148394],[-117.4973727,33.8150362],[-117.4975033,33.8150503],[-117.4983473,33.815141],[-117.4983588,33.8151423],[-117.4985299,33.8151607],[-117.4986887,33.8151778],[-117.49869,33.8151779],[-117.4986881,33.8151813],[-117.4986673,33.8152187],[-117.4986664,33.8152203],[-117.4986664,33.8152204],[-117.4986258,33.8152964],[-117.4986208,33.815306],[-117.4986207,33.815306],[-117.4985576,33.8154253],[-117.4983707,33.8157781],[-117.4983069,33.8159097],[-117.4982432,33.8160587],[-117.4982064,33.816158],[-117.4981734,33.8162598],[-117.4981314,33.8164157],[-117.4981091,33.8165196],[-117.4980915,33.8166225],[-117.4980726,33.8167815],[-117.4980657,33.8168853],[-117.4980631,33.8169908],[-117.498065,33.8170963],[-117.4980712,33.8172016],[-117.498089,33.8173607],[-117.4981063,33.8174652],[-117.4981276,33.8175676],[-117.4981536,33.8176709],[-117.4981838,33.8177733],[-117.4982377,33.8179267],[-117.4982785,33.8180265],[-117.4983229,33.8181236],[-117.4983719,33.8182209],[-117.498425,33.8183166],[-117.498483,33.8184121],[-117.498575,33.8185487],[-117.4986427,33.8186396],[-117.4987486,33.818769],[-117.4988256,33.8188546],[-117.4989446,33.8189758],[-117.4990302,33.8190555],[-117.4991613,33.8191674],[-117.4993124,33.8192849],[-117.4993526,33.8193131],[-117.5015998,33.8208886],[-117.5016983,33.8209635],[-117.501719,33.8209792],[-117.5017502,33.8210039],[-117.5017908,33.8210361],[-117.5018286,33.821066],[-117.5018367,33.8210724],[-117.5018578,33.8210891],[-117.5018949,33.8211216],[-117.5019153,33.8211395],[-117.5020345,33.8212439],[-117.5020871,33.8212932],[-117.5021095,33.8213149],[-117.502112,33.8213172],[-117.5021747,33.8213781],[-117.5022019,33.8214044],[-117.5023745,33.8215921],[-117.502491,33.8217301],[-117.5025995,33.8218654],[-117.5026549,33.8219345],[-117.5027093,33.8220025],[-117.5040247,33.8236431],[-117.5041312,33.8237634],[-117.5042105,33.8238472],[-117.504292,33.8239274],[-117.5044007,33.8240254],[-117.5044195,33.8240417],[-117.5044698,33.8240832],[-117.5044699,33.8240833],[-117.5045313,33.8241331],[-117.5045478,33.8241465],[-117.504556,33.8241531],[-117.5045826,33.8241729],[-117.504602,33.8241873],[-117.5046219,33.8242021],[-117.504646,33.82422],[-117.5046501,33.8242231],[-117.5046701,33.8242369],[-117.5046701,33.824237],[-117.5047334,33.8242808],[-117.5047457,33.8242893],[-117.5048024,33.8243253],[-117.5070695,33.8243241],[-117.5070891,33.8242827],[-117.5070909,33.8242788],[-117.5082625,33.8242831],[-117.5082691,33.824283],[-117.5082757,33.8242829],[-117.5082823,33.8242828],[-117.5082889,33.8242826],[-117.5082954,33.8242825],[-117.508302,33.8242823],[-117.5083086,33.8242822],[-117.5083152,33.824282],[-117.5083218,33.8242818],[-117.5083283,33.8242816],[-117.5083349,33.8242814],[-117.5083415,33.8242812],[-117.5083481,33.8242809],[-117.5083547,33.8242807],[-117.5083612,33.8242804],[-117.5083678,33.8242802],[-117.5083744,33.8242799],[-117.508381,33.8242796],[-117.5083876,33.8242793],[-117.5083941,33.824279],[-117.5084007,33.8242787],[-117.5084073,33.8242784],[-117.5084138,33.8242781],[-117.5084204,33.8242777],[-117.508427,33.8242774],[-117.5084336,33.824277],[-117.5084401,33.8242766],[-117.5084467,33.8242763],[-117.5084533,33.8242759],[-117.5084598,33.8242755],[-117.5084664,33.824275],[-117.508473,33.8242746],[-117.5084795,33.8242742],[-117.5084861,33.8242737],[-117.5084927,33.8242733],[-117.5084992,33.8242728],[-117.5085058,33.8242723],[-117.5085123,33.8242718],[-117.5085189,33.8242713],[-117.5085255,33.8242708],[-117.508532,33.8242703],[-117.5085386,33.8242698],[-117.5085451,33.8242692],[-117.5085517,33.8242687],[-117.5085582,33.8242681],[-117.5085648,33.8242675],[-117.5085713,33.824267],[-117.5085779,33.8242664],[-117.5085844,33.8242658],[-117.5085909,33.8242652],[-117.5085975,33.8242645],[-117.508604,33.8242639],[-117.5086106,33.8242632],[-117.5086171,33.8242626],[-117.5086236,33.8242619],[-117.5086302,33.8242613],[-117.5086367,33.8242606],[-117.5086432,33.8242599],[-117.5086498,33.8242592],[-117.5086563,33.8242584],[-117.5086628,33.8242577],[-117.5086694,33.824257],[-117.5086759,33.8242562],[-117.5086824,33.8242555],[-117.5086889,33.8242547],[-117.5086954,33.8242539],[-117.508702,33.8242531],[-117.5087085,33.8242523],[-117.508715,33.8242515],[-117.5087215,33.8242507],[-117.508728,33.8242499],[-117.5087345,33.824249],[-117.508741,33.8242482],[-117.5087475,33.8242473],[-117.508754,33.8242465],[-117.5087605,33.8242456],[-117.508767,33.8242447],[-117.5087735,33.8242438],[-117.50878,33.8242429],[-117.5087865,33.824242],[-117.508793,33.824241],[-117.5087995,33.8242401],[-117.508806,33.8242391],[-117.5088125,33.8242382],[-117.5088189,33.8242372],[-117.5088254,33.8242362],[-117.5088319,33.8242352],[-117.5088384,33.8242342],[-117.5088448,33.8242332],[-117.5088513,33.8242322],[-117.5088578,33.8242311],[-117.5088642,33.8242301],[-117.5088707,33.824229],[-117.5088772,33.824228],[-117.5088836,33.8242269],[-117.5088901,33.8242258],[-117.5088965,33.8242247],[-117.508903,33.8242236],[-117.5089094,33.8242225],[-117.5089159,33.8242213],[-117.5089223,33.8242202],[-117.5089287,33.8242191],[-117.5089352,33.8242179],[-117.5089416,33.8242167],[-117.5089481,33.8242155],[-117.5089545,33.8242144],[-117.5089609,33.8242132],[-117.5089673,33.824212],[-117.5089738,33.8242107],[-117.5089802,33.8242095],[-117.5089866,33.8242083],[-117.508993,33.824207],[-117.5089994,33.8242058],[-117.5090058,33.8242045],[-117.5090122,33.8242032],[-117.5090186,33.8242019],[-117.509025,33.8242006],[-117.5090314,33.8241993],[-117.5090378,33.824198],[-117.5090442,33.8241967],[-117.5090506,33.8241953],[-117.509057,33.824194],[-117.5090633,33.8241926],[-117.5090697,33.8241912],[-117.5090761,33.8241899],[-117.5090825,33.8241885],[-117.5090888,33.8241871],[-117.5090952,33.8241856],[-117.5091016,33.8241842],[-117.5091079,33.8241828],[-117.5091143,33.8241814],[-117.5091206,33.8241799],[-117.509127,33.8241784],[-117.5091333,33.824177],[-117.5091397,33.8241755],[-117.509146,33.824174],[-117.5091523,33.8241725],[-117.5091587,33.824171],[-117.509165,33.8241695],[-117.5091713,33.8241679],[-117.5091776,33.8241664],[-117.5091839,33.8241648],[-117.5091903,33.8241633],[-117.5091966,33.8241617],[-117.5092029,33.8241601],[-117.5092092,33.8241585],[-117.5092155,33.8241569],[-117.5092218,33.8241553],[-117.5092281,33.8241537],[-117.5092344,33.8241521],[-117.5092406,33.8241504],[-117.5092469,33.8241488],[-117.5092532,33.8241471],[-117.5092595,33.8241454],[-117.5092657,33.8241438],[-117.509272,33.8241421],[-117.5092783,33.8241404],[-117.5092845,33.8241386],[-117.5092908,33.8241369],[-117.509297,33.8241352],[-117.5093033,33.8241335],[-117.5093095,33.8241317],[-117.5093158,33.8241299],[-117.509322,33.8241282],[-117.5093282,33.8241264],[-117.5093344,33.8241246],[-117.5093407,33.8241228],[-117.5093469,33.824121],[-117.5093531,33.8241192],[-117.5093593,33.8241173],[-117.5093655,33.8241155],[-117.5093717,33.8241137],[-117.5093779,33.8241118],[-117.5093841,33.8241099],[-117.5093903,33.8241081],[-117.5093965,33.8241062],[-117.5094027,33.8241043],[-117.5094088,33.8241024],[-117.509415,33.8241004],[-117.5094212,33.8240985],[-117.5094273,33.8240966],[-117.5094335,33.8240946],[-117.5094396,33.8240927],[-117.5094458,33.8240907],[-117.5094519,33.8240887],[-117.5094581,33.8240867],[-117.5094642,33.8240847],[-117.5094703,33.8240827],[-117.5094765,33.8240807],[-117.5094826,33.8240787],[-117.5094887,33.8240767],[-117.5094948,33.8240746],[-117.5095009,33.8240726],[-117.509507,33.8240705],[-117.5095131,33.8240684],[-117.5095192,33.8240664],[-117.5095253,33.8240643],[-117.5095314,33.8240622],[-117.5095375,33.82406],[-117.5095436,33.8240579],[-117.5095496,33.8240558],[-117.5095557,33.8240537],[-117.5095618,33.8240515],[-117.5095678,33.8240493],[-117.5095739,33.8240472],[-117.5095799,33.824045],[-117.5095859,33.8240428],[-117.509592,33.8240406],[-117.509598,33.8240384],[-117.509604,33.8240362],[-117.5096101,33.824034],[-117.5096161,33.8240317],[-117.5096239,33.8240288],[-117.510152,33.823828],[-117.5102719,33.8237823],[-117.5102779,33.8237922],[-117.5102825,33.8237998],[-117.5103088,33.8238433],[-117.5116479,33.8260609],[-117.5116525,33.8260685],[-117.5116554,33.8260734],[-117.5116584,33.8260783],[-117.5116613,33.8260832],[-117.5116643,33.8260881],[-117.5116673,33.8260931],[-117.5116702,33.826098],[-117.5116732,33.8261029],[-117.5116762,33.8261078],[-117.5116792,33.8261127],[-117.5116822,33.8261176],[-117.5116852,33.8261224],[-117.5116882,33.8261273],[-117.5116912,33.8261322],[-117.5116942,33.8261371],[-117.5116973,33.826142],[-117.5117003,33.8261469],[-117.5117033,33.8261517],[-117.5117064,33.8261566],[-117.5117094,33.8261615],[-117.5117125,33.8261663],[-117.5117156,33.8261712],[-117.5117186,33.8261761],[-117.5117217,33.8261809],[-117.5117248,33.8261858],[-117.5117279,33.8261906],[-117.511731,33.8261955],[-117.5117341,33.8262003],[-117.5117372,33.8262052],[-117.5117403,33.82621],[-117.5117434,33.8262149],[-117.5117465,33.8262197],[-117.5117496,33.8262246],[-117.5117528,33.8262294],[-117.5117559,33.8262342],[-117.5117591,33.826239],[-117.5117622,33.8262439],[-117.5117654,33.8262487],[-117.5117686,33.8262535],[-117.5117717,33.8262583],[-117.5117749,33.8262631],[-117.5117781,33.8262679],[-117.5117813,33.8262728],[-117.5117845,33.8262776],[-117.5117877,33.8262824],[-117.5117909,33.8262872],[-117.5117941,33.826292],[-117.5117973,33.8262968],[-117.5118005,33.8263015],[-117.5118038,33.8263063],[-117.511807,33.8263111],[-117.5118103,33.8263159],[-117.5118135,33.8263207],[-117.5118168,33.8263255],[-117.51182,33.8263302],[-117.5118233,33.826335],[-117.5118266,33.8263398],[-117.5118298,33.8263445],[-117.5118331,33.8263493],[-117.5118364,33.8263541],[-117.5118397,33.8263588],[-117.511843,33.8263636],[-117.5118463,33.8263683],[-117.5118496,33.8263731],[-117.511853,33.8263778],[-117.5118563,33.8263826],[-117.5118596,33.8263873],[-117.511863,33.826392],[-117.5118663,33.8263968],[-117.5118697,33.8264015],[-117.511873,33.8264062],[-117.5118764,33.826411],[-117.5118797,33.8264157],[-117.5118831,33.8264204],[-117.5118865,33.8264251],[-117.5118899,33.8264298],[-117.5118933,33.8264346],[-117.5118967,33.8264393],[-117.5119001,33.826444],[-117.5119035,33.8264487],[-117.5119069,33.8264534],[-117.5119103,33.8264581],[-117.5119137,33.8264628],[-117.5119172,33.8264675],[-117.5119206,33.8264721],[-117.5119241,33.8264768],[-117.5119275,33.8264815],[-117.511931,33.8264862],[-117.5119344,33.8264909],[-117.5119379,33.8264955],[-117.5119414,33.8265002],[-117.5119448,33.8265049],[-117.5119483,33.8265095],[-117.5119518,33.8265142],[-117.5119553,33.8265188],[-117.5119588,33.8265235],[-117.5119623,33.8265282],[-117.5119658,33.8265328],[-117.5119694,33.8265374],[-117.5119729,33.8265421],[-117.5119764,33.8265467],[-117.5119799,33.8265514],[-117.5119835,33.826556],[-117.511987,33.8265606],[-117.5119906,33.8265653],[-117.5119942,33.8265699],[-117.5119977,33.8265745],[-117.5120013,33.8265791],[-117.5120049,33.8265837],[-117.5120084,33.8265883],[-117.512012,33.826593],[-117.5120156,33.8265976],[-117.5120192,33.8266022],[-117.5120228,33.8266068],[-117.5120264,33.8266114],[-117.5120301,33.8266159],[-117.5120337,33.8266205],[-117.5120373,33.8266251],[-117.512041,33.8266297],[-117.5120446,33.8266343],[-117.5120482,33.8266389],[-117.5120519,33.8266434],[-117.5120555,33.826648],[-117.5120592,33.8266526],[-117.5120629,33.8266571],[-117.5120665,33.8266617],[-117.5120702,33.8266663],[-117.5120739,33.8266708],[-117.5120776,33.8266754],[-117.5120813,33.8266799],[-117.512085,33.8266845],[-117.5120887,33.826689],[-117.5120924,33.8266935],[-117.5120961,33.8266981],[-117.5120999,33.8267026],[-117.5121036,33.8267071],[-117.5121073,33.8267117],[-117.5121111,33.8267162],[-117.5121148,33.8267207],[-117.5121186,33.8267252],[-117.5121223,33.8267297],[-117.5121261,33.8267342],[-117.5121299,33.8267388],[-117.5121336,33.8267433],[-117.5121374,33.8267478],[-117.5121412,33.8267523],[-117.512145,33.8267567],[-117.5121488,33.8267612],[-117.5121526,33.8267657],[-117.5121564,33.8267702],[-117.5121602,33.8267747],[-117.5121641,33.8267792],[-117.5121679,33.8267836],[-117.5121717,33.8267881],[-117.5121755,33.8267926],[-117.5121794,33.826797],[-117.5121832,33.8268015],[-117.5121871,33.826806],[-117.5121909,33.8268104],[-117.5121948,33.8268149],[-117.5121987,33.8268193],[-117.5122026,33.8268237],[-117.5122064,33.8268282],[-117.5122103,33.8268326],[-117.5122142,33.8268371],[-117.5122181,33.8268415],[-117.512222,33.8268459],[-117.5122259,33.8268503],[-117.5122298,33.8268548],[-117.5122338,33.8268592],[-117.5122377,33.8268636],[-117.5122416,33.826868],[-117.5122456,33.8268724],[-117.5122495,33.8268768],[-117.5122534,33.8268812],[-117.5122574,33.8268856],[-117.5122614,33.82689],[-117.5122653,33.8268944],[-117.5122693,33.8268988],[-117.5122733,33.8269031],[-117.5122772,33.8269075],[-117.5122812,33.8269119],[-117.5122852,33.8269163],[-117.5122892,33.8269206],[-117.5122932,33.826925],[-117.5122972,33.8269294],[-117.5123012,33.8269337],[-117.5123052,33.8269381],[-117.5123093,33.8269424],[-117.5123133,33.8269468],[-117.5123173,33.8269511],[-117.5123214,33.8269555],[-117.5123254,33.8269598],[-117.5123295,33.8269641],[-117.5123335,33.8269685],[-117.5123376,33.8269728],[-117.5123417,33.8269771],[-117.5123457,33.8269814],[-117.5123498,33.8269857],[-117.5123539,33.8269901],[-117.512358,33.8269944],[-117.5123621,33.8269987],[-117.5123662,33.827003],[-117.5123703,33.8270073],[-117.5123744,33.8270116],[-117.5123785,33.8270159],[-117.5123826,33.8270201],[-117.5123867,33.8270244],[-117.5123909,33.8270287],[-117.512395,33.827033],[-117.5123992,33.8270373],[-117.5124033,33.8270415],[-117.5124074,33.8270458],[-117.5124116,33.8270501],[-117.5124158,33.8270543],[-117.5124199,33.8270586],[-117.5124241,33.8270628],[-117.5124283,33.8270671],[-117.5124325,33.8270713],[-117.5124367,33.8270756],[-117.5124409,33.8270798],[-117.5124451,33.827084],[-117.5124493,33.8270883],[-117.5124535,33.8270925],[-117.5124577,33.8270967],[-117.5124619,33.8271009],[-117.5124661,33.8271051],[-117.5124704,33.8271094],[-117.5124746,33.8271136],[-117.5124788,33.8271178],[-117.5124831,33.827122],[-117.5124873,33.8271262],[-117.5124916,33.8271304],[-117.5124959,33.8271345],[-117.5125001,33.8271387],[-117.5125044,33.8271429],[-117.5125087,33.8271471],[-117.512513,33.8271513],[-117.5125172,33.8271554],[-117.5125215,33.8271596],[-117.5125258,33.8271638],[-117.5125301,33.8271679],[-117.5125345,33.8271721],[-117.5125388,33.8271762],[-117.5125431,33.8271804],[-117.5125474,33.8271845],[-117.5125517,33.8271887],[-117.5125561,33.8271928],[-117.5125604,33.8271969],[-117.5125648,33.8272011],[-117.5125691,33.8272052],[-117.5125735,33.8272093],[-117.5125778,33.8272134],[-117.5125822,33.8272176],[-117.5125866,33.8272217],[-117.5125909,33.8272258],[-117.5125953,33.8272299],[-117.5125997,33.827234],[-117.5126041,33.8272381],[-117.5126085,33.8272422],[-117.5126129,33.8272462],[-117.5126173,33.8272503],[-117.5126217,33.8272544],[-117.5126261,33.8272585],[-117.5126306,33.8272626],[-117.512635,33.8272666],[-117.5126394,33.8272707],[-117.5126439,33.8272748],[-117.5126483,33.8272788],[-117.5126527,33.8272829],[-117.5126572,33.8272869],[-117.5126616,33.827291],[-117.5126661,33.827295],[-117.5126706,33.827299],[-117.5126751,33.8273031],[-117.5126795,33.8273071],[-117.512684,33.8273111],[-117.5126885,33.8273152],[-117.512693,33.8273192],[-117.5126975,33.8273232],[-117.512702,33.8273272],[-117.5127065,33.8273312],[-117.512711,33.8273352],[-117.5127155,33.8273392],[-117.51272,33.8273432],[-117.5127246,33.8273472],[-117.5127291,33.8273512],[-117.5127336,33.8273552],[-117.5127382,33.8273591],[-117.5127427,33.8273631],[-117.5127473,33.8273671],[-117.5127518,33.8273711],[-117.5127564,33.827375],[-117.512761,33.827379],[-117.5127655,33.8273829],[-117.5127701,33.8273869],[-117.5127747,33.8273908],[-117.5127793,33.8273948],[-117.5127839,33.8273987],[-117.5127885,33.8274027],[-117.5127931,33.8274066],[-117.5127977,33.8274105],[-117.5128023,33.8274144],[-117.5128069,33.8274184],[-117.5128115,33.8274223],[-117.5128162,33.8274262],[-117.5128208,33.8274301],[-117.5128254,33.827434],[-117.5128301,33.8274379],[-117.5128347,33.8274418],[-117.5128394,33.8274457],[-117.512844,33.8274496],[-117.5128487,33.8274535],[-117.5128533,33.8274573],[-117.512858,33.8274612],[-117.5128627,33.8274651],[-117.5128674,33.827469],[-117.512872,33.8274728],[-117.5128767,33.8274767],[-117.5128814,33.8274805],[-117.5128861,33.8274844],[-117.5128908,33.8274882],[-117.5128955,33.8274921],[-117.5129002,33.8274959],[-117.512905,33.8274998],[-117.5129097,33.8275036],[-117.5129144,33.8275074],[-117.5129191,33.8275112],[-117.5129239,33.8275151],[-117.5129286,33.8275189],[-117.5129334,33.8275227],[-117.5129381,33.8275265],[-117.5129429,33.8275303],[-117.5129476,33.8275341],[-117.5129524,33.8275379],[-117.5129572,33.8275417],[-117.5129619,33.8275455],[-117.5129667,33.8275492],[-117.5129715,33.827553],[-117.5129763,33.8275568],[-117.5129811,33.8275606],[-117.5129859,33.8275643],[-117.5129907,33.8275681],[-117.5129955,33.8275718],[-117.5130003,33.8275756],[-117.5130051,33.8275793],[-117.5130099,33.8275831],[-117.5130148,33.8275868],[-117.5130196,33.8275906],[-117.5130244,33.8275943],[-117.5130293,33.827598],[-117.5130341,33.8276017],[-117.513039,33.8276055],[-117.5130438,33.8276092],[-117.5130487,33.8276129],[-117.5130535,33.8276166],[-117.5130584,33.8276203],[-117.5130633,33.827624],[-117.5130681,33.8276277],[-117.513073,33.8276314],[-117.5130779,33.8276351],[-117.5130828,33.8276387],[-117.5130877,33.8276424],[-117.5130926,33.8276461],[-117.5130975,33.8276498],[-117.5131024,33.8276534],[-117.5131073,33.8276571],[-117.5131122,33.8276607],[-117.5131172,33.8276644],[-117.5131221,33.827668],[-117.513127,33.8276717],[-117.5131319,33.8276753],[-117.5131369,33.827679],[-117.5131418,33.8276826],[-117.5131468,33.8276862],[-117.5131517,33.8276898],[-117.5131567,33.8276935],[-117.5131617,33.8276971],[-117.5131666,33.8277007],[-117.5133031,33.8278097],[-117.5145204,33.8287814],[-117.5152526,33.8293659],[-117.5154479,33.8293695],[-117.5154507,33.8293691],[-117.5154512,33.8293695],[-117.5155511,33.8293713],[-117.5155713,33.8293717],[-117.5155938,33.8293721],[-117.5165744,33.8293897],[-117.5168453,33.8293946],[-117.5190345,33.8294339],[-117.519134,33.8294356],[-117.519138,33.8293673],[-117.5229413,33.8292878],[-117.5240065,33.8292655],[-117.5244707,33.8292548],[-117.5244708,33.8292524],[-117.5246365,33.8292495],[-117.525549,33.8292335],[-117.5257106,33.8292292],[-117.5266364,33.8292145],[-117.5268046,33.8292092],[-117.5272638,33.8291989],[-117.5273995,33.8291958],[-117.5278868,33.8291848],[-117.5283765,33.8291738],[-117.5278953,33.8286841],[-117.5277912,33.8285781],[-117.5267102,33.8275243],[-117.5262233,33.8271269],[-117.5256777,33.8266815],[-117.5245431,33.8257422],[-117.5244636,33.8256883],[-117.5244179,33.8256504],[-117.5242872,33.8255418],[-117.5242075,33.8254531],[-117.5241239,33.82538],[-117.5240397,33.8252932],[-117.5240956,33.8252712],[-117.5240958,33.8252711],[-117.524266,33.825204],[-117.5242629,33.8251992],[-117.5242599,33.8251943],[-117.5242569,33.8251894],[-117.5242539,33.8251845],[-117.5242509,33.8251796],[-117.524248,33.8251747],[-117.5242451,33.8251697],[-117.5242422,33.8251648],[-117.5242393,33.8251599],[-117.5242365,33.8251549],[-117.5242337,33.8251499],[-117.5242309,33.825145],[-117.5242281,33.82514],[-117.5242254,33.825135],[-117.5242227,33.82513],[-117.52422,33.8251249],[-117.5242173,33.8251199],[-117.5242147,33.8251149],[-117.5242121,33.8251098],[-117.5242095,33.8251048],[-117.5242069,33.8250997],[-117.5242044,33.8250946],[-117.5242019,33.8250896],[-117.5241994,33.8250845],[-117.5241969,33.8250794],[-117.5241945,33.8250743],[-117.5241921,33.8250691],[-117.5241897,33.825064],[-117.5241874,33.8250589],[-117.524185,33.8250537],[-117.5241827,33.8250486],[-117.5241805,33.8250434],[-117.5241782,33.8250383],[-117.524176,33.8250331],[-117.5241738,33.8250279],[-117.5241716,33.8250227],[-117.5241695,33.8250175],[-117.5241674,33.8250123],[-117.5241653,33.8250071],[-117.5241632,33.8250019],[-117.5241612,33.8249967],[-117.5241592,33.8249914],[-117.5241572,33.8249862],[-117.5241552,33.824981],[-117.5241533,33.8249757],[-117.5241514,33.8249704],[-117.5241495,33.8249652],[-117.5241476,33.8249599],[-117.5241458,33.8249546],[-117.524144,33.8249493],[-117.5241423,33.824944],[-117.5241405,33.8249387],[-117.5241388,33.8249334],[-117.5241371,33.8249281],[-117.5241354,33.8249228],[-117.5241338,33.8249175],[-117.5241322,33.8249121],[-117.5241306,33.8249068],[-117.524129,33.8249015],[-117.5241275,33.8248961],[-117.524126,33.8248908],[-117.5241245,33.8248854],[-117.5241231,33.8248801],[-117.5241217,33.8248747],[-117.5241203,33.8248693],[-117.5241189,33.8248639],[-117.5241176,33.8248586],[-117.5241163,33.8248532],[-117.524115,33.8248478],[-117.5241137,33.8248424],[-117.5241125,33.824837],[-117.5241113,33.8248316],[-117.5241101,33.8248262],[-117.524109,33.8248208],[-117.5241079,33.8248154],[-117.5241068,33.8248099],[-117.5241057,33.8248045],[-117.5241047,33.8247991],[-117.5241036,33.8247936],[-117.5241027,33.8247882],[-117.5241017,33.8247828],[-117.5241008,33.8247773],[-117.5240999,33.8247719],[-117.524099,33.8247664],[-117.5240982,33.824761],[-117.5240974,33.8247555],[-117.5240966,33.8247501],[-117.5240958,33.8247446],[-117.5240951,33.8247392],[-117.5240944,33.8247337],[-117.5240937,33.8247282],[-117.524093,33.8247228],[-117.5240924,33.8247173],[-117.5240918,33.8247118],[-117.5240912,33.8247063],[-117.5240907,33.8247009],[-117.5240902,33.8246954],[-117.5240897,33.8246899],[-117.5240893,33.8246844],[-117.5240888,33.8246789],[-117.5240884,33.8246734],[-117.5240881,33.824668],[-117.5240877,33.8246625],[-117.5240874,33.824657],[-117.5240871,33.8246515],[-117.5240868,33.824646],[-117.5240866,33.8246405],[-117.5240864,33.824635],[-117.5240862,33.8246295],[-117.5240861,33.824624],[-117.5240859,33.8246185],[-117.5240859,33.824613],[-117.5240858,33.8246075],[-117.5240858,33.824602],[-117.5240857,33.8245965],[-117.5240858,33.8245911],[-117.5240858,33.8245856],[-117.5240859,33.8245801],[-117.524086,33.8245746],[-117.5240861,33.8245691],[-117.5240863,33.8245636],[-117.5240864,33.8245581],[-117.5240867,33.8245526],[-117.5240869,33.8245471],[-117.5240872,33.8245416],[-117.5240875,33.8245361],[-117.5240878,33.8245306],[-117.5240881,33.8245251],[-117.5240885,33.8245197],[-117.5240889,33.8245142],[-117.5240893,33.8245087],[-117.5240898,33.8245032],[-117.5240903,33.8244977],[-117.5240908,33.8244922],[-117.5240914,33.8244868],[-117.5240919,33.8244813],[-117.5240925,33.8244758],[-117.5240932,33.8244703],[-117.5240938,33.8244649],[-117.5240945,33.8244594],[-117.5240952,33.8244539],[-117.524096,33.8244485],[-117.5240967,33.824443],[-117.5240975,33.8244376],[-117.5240983,33.8244321],[-117.5240991,33.8244272],[-117.5240996,33.8244243],[-117.5240539,33.8244171],[-117.5240413,33.8244151],[-117.5240421,33.8244096],[-117.524043,33.8244042],[-117.5240439,33.8243988],[-117.5240448,33.8243933],[-117.5240458,33.8243879],[-117.5240468,33.8243824],[-117.5240478,33.824377],[-117.5240489,33.8243716],[-117.5240499,33.8243662],[-117.524051,33.8243607],[-117.5240522,33.8243553],[-117.5240534,33.8243499],[-117.5240546,33.8243445],[-117.5240558,33.8243391],[-117.524057,33.8243337],[-117.5240583,33.8243283],[-117.5240597,33.824323],[-117.524061,33.8243176],[-117.5240624,33.8243122],[-117.5240638,33.8243068],[-117.5240652,33.8243015],[-117.5240667,33.8242961],[-117.5240682,33.8242908],[-117.5240697,33.8242854],[-117.5240712,33.8242801],[-117.5240728,33.8242747],[-117.5240744,33.8242694],[-117.5240761,33.8242641],[-117.5240777,33.8242588],[-117.5240794,33.8242534],[-117.5240812,33.8242481],[-117.5240829,33.8242428],[-117.5240847,33.8242376],[-117.5240865,33.8242323],[-117.5240883,33.824227],[-117.5240902,33.8242217],[-117.5240921,33.8242165],[-117.524094,33.8242112],[-117.524096,33.824206],[-117.524098,33.8242007],[-117.5241,33.8241955],[-117.524102,33.8241903],[-117.5241041,33.824185],[-117.5241062,33.8241798],[-117.5241083,33.8241746],[-117.5241105,33.8241694],[-117.5241127,33.8241643],[-117.5241149,33.8241591],[-117.5241171,33.8241539],[-117.5241194,33.8241487],[-117.5241217,33.8241436],[-117.524124,33.8241385],[-117.5241264,33.8241333],[-117.5241287,33.8241282],[-117.5241311,33.8241231],[-117.5241336,33.824118],[-117.524136,33.8241129],[-117.5241385,33.8241078],[-117.524141,33.8241027],[-117.5241436,33.8240976],[-117.5241462,33.8240926],[-117.5241488,33.8240875],[-117.5241514,33.8240825],[-117.524154,33.8240775],[-117.5241567,33.8240724],[-117.5241594,33.8240674],[-117.5241622,33.8240624],[-117.5241649,33.8240575],[-117.5241677,33.8240525],[-117.5241706,33.8240475],[-117.5241734,33.8240426],[-117.5241763,33.8240376],[-117.5241792,33.8240327],[-117.5243005,33.8238157],[-117.5243155,33.8238152],[-117.5243327,33.8238146],[-117.5244771,33.8238109],[-117.5244952,33.8238104],[-117.5247795,33.8238031],[-117.5249921,33.8237976],[-117.525287,33.823791],[-117.5264027,33.823766],[-117.5264162,33.8237657],[-117.5266143,33.8237613],[-117.5269816,33.823753],[-117.5270416,33.8237517],[-117.5275287,33.8237407],[-117.5277551,33.8237356],[-117.527878,33.8237343],[-117.5280324,33.8237326],[-117.5281315,33.8237316],[-117.5282139,33.8237307],[-117.5284006,33.8237287],[-117.5286267,33.8237262],[-117.5286756,33.8237257],[-117.52879,33.8237245],[-117.5291264,33.8237208],[-117.5291372,33.8237207],[-117.5293021,33.8237189],[-117.5293306,33.8237186],[-117.5296497,33.823715],[-117.5302254,33.8237084],[-117.530282,33.8237077],[-117.5303078,33.8237074],[-117.5303478,33.823707],[-117.53044,33.8237059],[-117.5308994,33.8237006],[-117.5312385,33.8236968],[-117.5315349,33.8236934],[-117.5318314,33.82369],[-117.5321278,33.8236866],[-117.5323721,33.8236838],[-117.5324162,33.8236833],[-117.5324242,33.8236832],[-117.5324531,33.8236829],[-117.5324627,33.8236828],[-117.5327203,33.8236806],[-117.5330163,33.8236781],[-117.5332688,33.8236759],[-117.5333123,33.8236755],[-117.5336084,33.823673],[-117.5339044,33.8236705],[-117.5341942,33.823668],[-117.5342005,33.8236679],[-117.5345553,33.8236649],[-117.5349581,33.8236614],[-117.5354002,33.8236576],[-117.5361415,33.8236512],[-117.5364387,33.8236486],[-117.536697,33.8236464],[-117.5367794,33.8236457],[-117.536771,33.8237998],[-117.5366817,33.825447],[-117.5366809,33.8254604],[-117.5366805,33.8254679],[-117.5366791,33.8254909],[-117.5366773,33.8255239],[-117.536675,33.8255624],[-117.5366719,33.825617],[-117.5366641,33.8257534],[-117.5366551,33.8259098],[-117.536637,33.8262247],[-117.5366259,33.8264183],[-117.5366161,33.8265898],[-117.5366029,33.8268205],[-117.536598,33.8269057],[-117.5365793,33.8272315],[-117.5365713,33.8273697],[-117.5365685,33.827419],[-117.5365425,33.8278707],[-117.5365347,33.8280064],[-117.5365102,33.8284322],[-117.5365047,33.8285279],[-117.5364932,33.828727],[-117.5364763,33.8290218],[-117.5364744,33.8290535],[-117.5364743,33.8290564],[-117.5364741,33.8290624],[-117.536473,33.8291385],[-117.5364677,33.8295205],[-117.5364662,33.8296269],[-117.5364654,33.8296896],[-117.536465,33.8297153],[-117.536464,33.8297883],[-117.5364629,33.8298721],[-117.536462,33.8299352],[-117.5364616,33.8299653],[-117.5364607,33.8300324],[-117.5364605,33.8300465],[-117.5364582,33.8302163],[-117.5364579,33.8302382],[-117.5364575,33.8302651],[-117.5364573,33.8302806],[-117.5364564,33.8303439],[-117.5364555,33.8304048],[-117.5364553,33.8304189],[-117.5364418,33.8304142],[-117.5363851,33.8303947],[-117.5362691,33.8303154],[-117.5358433,33.8300244],[-117.5357786,33.8299841],[-117.5357097,33.8299489],[-117.5356373,33.829919],[-117.535562,33.8298947],[-117.5354865,33.8298767],[-117.5354095,33.8298644],[-117.5353315,33.8298577],[-117.5352531,33.8298568],[-117.5351748,33.8298617],[-117.5350974,33.8298723],[-117.5350214,33.8298885],[-117.5349475,33.8299103],[-117.5347749,33.8299684],[-117.5339442,33.830248],[-117.5338503,33.8302812],[-117.5337577,33.8303168],[-117.5335948,33.8303824],[-117.5334774,33.8304226],[-117.5331896,33.8305258],[-117.5321169,33.8309105],[-117.5321124,33.8309122],[-117.5318535,33.831005],[-117.5316437,33.8310828],[-117.5314361,33.8311645],[-117.5312307,33.83125],[-117.5310276,33.8313393],[-117.5308531,33.83142],[-117.5306932,33.8314973],[-117.5307183,33.8315328],[-117.5307278,33.8315461],[-117.5307479,33.8315745],[-117.530799,33.8316468],[-117.5308325,33.8316941],[-117.5308287,33.8316974],[-117.5307286,33.8317824],[-117.5305739,33.831914],[-117.5305709,33.8319166],[-117.5306371,33.8320642],[-117.5308929,33.832635],[-117.5309079,33.8326684],[-117.5309201,33.8326956],[-117.5309293,33.8327142],[-117.5310006,33.8328586],[-117.5318122,33.8346433],[-117.5320025,33.8350618],[-117.5320088,33.8350757],[-117.5320194,33.8350991],[-117.5320226,33.835106],[-117.5320258,33.835113],[-117.5320321,33.8351269],[-117.5320384,33.8351408],[-117.5320467,33.8351591],[-117.5320594,33.8351869],[-117.5320657,33.8352008],[-117.5320689,33.8352077],[-117.532072,33.8352147],[-117.5320783,33.8352286],[-117.5320847,33.8352425],[-117.5320944,33.835264],[-117.5321191,33.8353182],[-117.5321825,33.8354041],[-117.5321826,33.8353975],[-117.5321826,33.8353971],[-117.5321826,33.8353967],[-117.5321826,33.8353962],[-117.5321826,33.8353958],[-117.5321826,33.8353954],[-117.5321826,33.835395],[-117.5321826,33.8353946],[-117.5321826,33.8353941],[-117.5321826,33.8353937],[-117.5321826,33.8353933],[-117.5321827,33.8353929],[-117.5321827,33.8353925],[-117.5321827,33.8353922],[-117.5321827,33.8353921],[-117.5321827,33.8353916],[-117.5321827,33.8353912],[-117.5321827,33.8353908],[-117.5321827,33.8353904],[-117.5321827,33.83539],[-117.5321827,33.8353895],[-117.5321827,33.8353891],[-117.5321827,33.8353887],[-117.5321827,33.8353883],[-117.5321827,33.8353879],[-117.5321827,33.8353875],[-117.5321827,33.835387],[-117.5321827,33.8353866],[-117.5321827,33.8353862],[-117.5321827,33.8353858],[-117.5321827,33.835385],[-117.5321827,33.8353845],[-117.5321827,33.8353841],[-117.5321827,33.8353837],[-117.5321827,33.8353833],[-117.5321828,33.8353829],[-117.5321828,33.8353824],[-117.5321828,33.835382],[-117.5321828,33.8353816],[-117.5321828,33.8353812],[-117.5321828,33.8353808],[-117.5321828,33.8353804],[-117.5321828,33.8353799],[-117.5321828,33.8353795],[-117.5321828,33.8353791],[-117.5321828,33.8353787],[-117.5321828,33.8353783],[-117.5321828,33.8353778],[-117.5321828,33.8353774],[-117.5321828,33.835377],[-117.5321828,33.8353766],[-117.5321828,33.8353762],[-117.5321828,33.8353758],[-117.5321828,33.8353753],[-117.5321828,33.8353749],[-117.5321828,33.8353745],[-117.5321828,33.8353741],[-117.5321828,33.8353737],[-117.5321828,33.8353732],[-117.5321829,33.8353724],[-117.5321829,33.835372],[-117.5321829,33.8353716],[-117.5321829,33.8353712],[-117.5321829,33.8353707],[-117.5321829,33.8353703],[-117.5321829,33.8353699],[-117.5321829,33.8353695],[-117.5321829,33.8353691],[-117.5321829,33.8353686],[-117.5321829,33.8353682],[-117.5321829,33.8353678],[-117.5321829,33.8353674],[-117.5321829,33.835367],[-117.5321829,33.8353661],[-117.5321829,33.8353657],[-117.5321829,33.8353653],[-117.5321829,33.8353649],[-117.5321829,33.835364],[-117.5321829,33.8353632],[-117.532183,33.8353624],[-117.532183,33.835362],[-117.532183,33.8353611],[-117.532183,33.8353607],[-117.532183,33.8353603],[-117.532183,33.8353599],[-117.532183,33.8353594],[-117.532183,33.835359],[-117.532183,33.8353586],[-117.532183,33.8353582],[-117.532183,33.8353578],[-117.532183,33.8353573],[-117.532183,33.8353569],[-117.532183,33.8353565],[-117.532183,33.8353561],[-117.532183,33.8353557],[-117.532183,33.8353553],[-117.532183,33.8353548],[-117.532183,33.8353544],[-117.532183,33.835354],[-117.532183,33.8353536],[-117.532183,33.8353532],[-117.532183,33.8353527],[-117.532183,33.8353523],[-117.532183,33.8353519],[-117.5321831,33.8353515],[-117.5321831,33.8353506],[-117.5321831,33.8353502],[-117.5321831,33.8353498],[-117.5321831,33.8353494],[-117.5321831,33.8353486],[-117.5321831,33.8353481],[-117.5321831,33.8353477],[-117.5321831,33.8353469],[-117.5321831,33.8353465],[-117.5321831,33.835346],[-117.5321831,33.8353456],[-117.5321831,33.8353452],[-117.5321831,33.8353448],[-117.5321831,33.8353444],[-117.5321831,33.835344],[-117.5321831,33.8353435],[-117.5321831,33.8353431],[-117.5321831,33.8353427],[-117.5321831,33.8353423],[-117.5321831,33.8353419],[-117.5321831,33.8353414],[-117.5321831,33.835341],[-117.5321832,33.8353406],[-117.5321832,33.8353402],[-117.5321832,33.8353398],[-117.5321832,33.8353393],[-117.5321832,33.8353392],[-117.5321832,33.8353389],[-117.5321832,33.8353385],[-117.5321832,33.8353381],[-117.5321832,33.8353377],[-117.5321832,33.8353372],[-117.5321832,33.8353368],[-117.5321832,33.8353364],[-117.5321832,33.835336],[-117.5321832,33.8353356],[-117.5321832,33.8353351],[-117.5321832,33.8353347],[-117.5321832,33.8353343],[-117.5321832,33.8353339],[-117.5321832,33.8353335],[-117.5321832,33.835333],[-117.5321832,33.8353326],[-117.5321832,33.8353322],[-117.5321832,33.8353318],[-117.5321832,33.8353314],[-117.5321832,33.835331],[-117.5321832,33.8353305],[-117.5321832,33.8353301],[-117.5321833,33.8353297],[-117.5321833,33.8353293],[-117.5321833,33.8353289],[-117.5321833,33.8353284],[-117.5321833,33.835328],[-117.5321833,33.8353276],[-117.5321833,33.8353272],[-117.5321833,33.8353268],[-117.5321833,33.8353264],[-117.5321833,33.8353259],[-117.5321833,33.8353255],[-117.5321833,33.8353251],[-117.5321833,33.8353247],[-117.5321833,33.8353243],[-117.5321833,33.8353238],[-117.5321833,33.8353234],[-117.5321833,33.835323],[-117.5321833,33.8353222],[-117.5321833,33.8353217],[-117.5321833,33.8353213],[-117.5321833,33.8353209],[-117.5321833,33.8353205],[-117.5321833,33.8353201],[-117.5321834,33.8353197],[-117.5321834,33.8353192],[-117.5321834,33.8353188],[-117.5321834,33.8353184],[-117.5321834,33.835318],[-117.5321834,33.8353176],[-117.5321834,33.8353171],[-117.5321834,33.8353167],[-117.5321834,33.8353163],[-117.5321834,33.8353159],[-117.5321834,33.8353155],[-117.5321834,33.8353151],[-117.5321834,33.8353138],[-117.5321834,33.8353134],[-117.5321834,33.835313],[-117.5321834,33.8353121],[-117.5321834,33.8353117],[-117.5321834,33.8353113],[-117.5321834,33.8353109],[-117.5321834,33.8353105],[-117.5321834,33.83531],[-117.5321835,33.8353096],[-117.5321835,33.8353092],[-117.5321835,33.8353088],[-117.5321835,33.8353084],[-117.5321835,33.8353079],[-117.5321835,33.8353075],[-117.5321835,33.8353071],[-117.5321835,33.8353067],[-117.5321835,33.8353063],[-117.5321835,33.8353059],[-117.5321835,33.8353054],[-117.5321835,33.835305],[-117.5321835,33.8353046],[-117.5321835,33.8353042],[-117.5321835,33.8353038],[-117.5321835,33.8353033],[-117.5321835,33.8353029],[-117.5321835,33.8353025],[-117.5321835,33.8353021],[-117.5321835,33.8353017],[-117.5321835,33.8353013],[-117.5321835,33.8353008],[-117.5321835,33.8353004],[-117.5321835,33.8353],[-117.5321835,33.8352996],[-117.5321836,33.8352992],[-117.5321836,33.8352988],[-117.5321836,33.8352983],[-117.5321836,33.8352979],[-117.5321836,33.8352975],[-117.5321836,33.8352971],[-117.5321836,33.8352967],[-117.5321836,33.8352962],[-117.5321836,33.8352958],[-117.5321836,33.8352954],[-117.5321836,33.835295],[-117.5321836,33.8352946],[-117.5321836,33.8352942],[-117.5321836,33.8352937],[-117.5321836,33.8352933],[-117.5321836,33.8352929],[-117.5321836,33.8352925],[-117.5321836,33.8352921],[-117.5321836,33.8352916],[-117.5321836,33.8352912],[-117.5321836,33.8352908],[-117.5321836,33.8352904],[-117.5321836,33.83529],[-117.5321836,33.8352896],[-117.5321836,33.8352891],[-117.5321836,33.8352887],[-117.5321836,33.8352883],[-117.5321837,33.8352879],[-117.5321837,33.8352875],[-117.5321837,33.8352871],[-117.5321837,33.8352866],[-117.5321837,33.8352862],[-117.5321837,33.8352858],[-117.5321837,33.8352854],[-117.5321837,33.835285],[-117.5321837,33.8352845],[-117.5321837,33.8352841],[-117.5321837,33.8352837],[-117.5321837,33.8352835],[-117.5321837,33.8352787],[-117.5321838,33.8352738],[-117.5321838,33.8352689],[-117.5321839,33.8352641],[-117.5321839,33.8352592],[-117.532184,33.8352543],[-117.532184,33.8352495],[-117.5321841,33.8352446],[-117.5321841,33.8352397],[-117.5321841,33.8352349],[-117.5321842,33.83523],[-117.5321842,33.8352252],[-117.5321843,33.8352203],[-117.5321843,33.8352154],[-117.5321851,33.8351387],[-117.5321858,33.8350647],[-117.5321858,33.8350598],[-117.5321859,33.8350549],[-117.5321859,33.8350501],[-117.5321859,33.8350452],[-117.532186,33.8350403],[-117.532186,33.8350355],[-117.5321861,33.8350306],[-117.5321861,33.8350258],[-117.5321862,33.8350209],[-117.5321862,33.835016],[-117.5321863,33.8350063],[-117.5321864,33.8350014],[-117.5321864,33.8349966],[-117.5321865,33.8349917],[-117.5321865,33.8349868],[-117.5321865,33.834982],[-117.5321866,33.8349771],[-117.5321866,33.8349723],[-117.5321867,33.8349674],[-117.5321867,33.8349625],[-117.5321868,33.8349577],[-117.5321868,33.8349528],[-117.5321869,33.8349479],[-117.5321869,33.8349431],[-117.532187,33.8349382],[-117.532187,33.8349333],[-117.5321871,33.8349285],[-117.5321871,33.8349236],[-117.5321871,33.8349188],[-117.5321872,33.8349139],[-117.5321872,33.834909],[-117.5321879,33.8348355],[-117.5321887,33.8347583],[-117.5321887,33.8347533],[-117.5321888,33.8347484],[-117.5321888,33.8347436],[-117.5321889,33.8347387],[-117.5321889,33.8347338],[-117.5321889,33.834729],[-117.532189,33.8347241],[-117.532189,33.8347192],[-117.5321891,33.8347144],[-117.5321891,33.8347095],[-117.5321892,33.8347047],[-117.5321892,33.8346998],[-117.5321893,33.8346949],[-117.5321893,33.8346901],[-117.5321894,33.8346852],[-117.5321894,33.8346803],[-117.5321895,33.8346755],[-117.5321895,33.8346706],[-117.5321895,33.8346657],[-117.5321896,33.8346609],[-117.5321896,33.834656],[-117.5321897,33.8346512],[-117.5321897,33.8346463],[-117.5321898,33.8346414],[-117.5321905,33.8345665],[-117.5321912,33.8344905],[-117.5321913,33.8344856],[-117.5321913,33.8344807],[-117.5321913,33.8344759],[-117.5321913,33.8344758],[-117.5321914,33.8344709],[-117.5321914,33.834466],[-117.5321915,33.8344612],[-117.5321915,33.8344563],[-117.5321916,33.8344515],[-117.5321916,33.8344466],[-117.5321917,33.8344417],[-117.5321917,33.8344369],[-117.5321918,33.834432],[-117.5321918,33.8344271],[-117.5321919,33.8344223],[-117.5321919,33.8344174],[-117.5321919,33.8344125],[-117.532192,33.8344077],[-117.532192,33.8344028],[-117.5321921,33.834398],[-117.5321921,33.8343931],[-117.5321922,33.8343882],[-117.5321922,33.8343834],[-117.5321923,33.8343785],[-117.5321923,33.8343736],[-117.5321924,33.8343688],[-117.5321928,33.8343253],[-117.5321931,33.8342956],[-117.5321933,33.8342649],[-117.5321941,33.834189],[-117.5321941,33.8341842],[-117.5321942,33.8341793],[-117.5321942,33.8341744],[-117.5321943,33.8341696],[-117.5321943,33.8341647],[-117.5321943,33.8341598],[-117.5321944,33.834155],[-117.5321944,33.8341549],[-117.5321944,33.83415],[-117.5321945,33.8341452],[-117.5321945,33.8341451],[-117.5321945,33.8341402],[-117.5321946,33.8341353],[-117.5321946,33.8341305],[-117.5321947,33.8341256],[-117.5321947,33.8341207],[-117.5321948,33.8341111],[-117.5321948,33.834111],[-117.5321949,33.8341062],[-117.5321949,33.8341014],[-117.5321949,33.8340965],[-117.532195,33.8340917],[-117.5321957,33.8340187],[-117.5321964,33.8339386],[-117.5321972,33.8338632],[-117.5321972,33.8338583],[-117.5321973,33.8338534],[-117.5321973,33.8338486],[-117.5321973,33.8338437],[-117.5321973,33.8338436],[-117.5321974,33.8338387],[-117.5321974,33.8338339],[-117.5321975,33.833829],[-117.5321982,33.8337514],[-117.5321989,33.8336824],[-117.5321989,33.8336776],[-117.532199,33.8336727],[-117.532199,33.8336678],[-117.5321991,33.833663],[-117.5321991,33.8336581],[-117.5321991,33.8336532],[-117.5321992,33.8336484],[-117.5321992,33.8336435],[-117.5321993,33.8336387],[-117.5321993,33.8336338],[-117.5321994,33.8336289],[-117.5321994,33.8336241],[-117.5321995,33.8336192],[-117.5321996,33.8336095],[-117.5321996,33.8336046],[-117.5321997,33.8335997],[-117.5321997,33.8335949],[-117.5321998,33.8335852],[-117.5321998,33.8335803],[-117.5321999,33.8335754],[-117.5321999,33.8335706],[-117.5322,33.8335657],[-117.5322,33.8335608],[-117.5322001,33.833556],[-117.5322001,33.8335511],[-117.5322008,33.833481],[-117.5322015,33.8334054],[-117.5322015,33.8334005],[-117.5322016,33.8333908],[-117.5322017,33.8333859],[-117.5322018,33.8333762],[-117.5322018,33.8333714],[-117.5322019,33.8333665],[-117.5322019,33.8333616],[-117.532202,33.8333568],[-117.532202,33.8333519],[-117.5322021,33.833347],[-117.5322021,33.8333422],[-117.5322021,33.8333373],[-117.5322022,33.8333324],[-117.5322022,33.8333276],[-117.5322023,33.8333227],[-117.5322023,33.8333179],[-117.5322024,33.833313],[-117.5322025,33.8333033],[-117.5322025,33.8332984],[-117.5322026,33.8332935],[-117.5322026,33.8332887],[-117.5322027,33.8332838],[-117.5322034,33.8332081],[-117.5322041,33.8331331],[-117.5322041,33.8331283],[-117.5322042,33.8331234],[-117.5322042,33.8331185],[-117.5322043,33.8331137],[-117.5322043,33.8331088],[-117.5322044,33.833104],[-117.5322044,33.8330991],[-117.5322045,33.8330942],[-117.5322045,33.8330894],[-117.5322045,33.8330845],[-117.5322046,33.8330796],[-117.5322046,33.8330748],[-117.5322047,33.8330699],[-117.5322047,33.833065],[-117.5322048,33.8330602],[-117.5322048,33.8330553],[-117.5322049,33.8330505],[-117.5322049,33.8330456],[-117.532205,33.8330407],[-117.532205,33.8330359],[-117.5322051,33.833031],[-117.5322051,33.8330261],[-117.5322051,33.8330213],[-117.5322052,33.8330164],[-117.5322052,33.8330115],[-117.5322053,33.8330067],[-117.5322053,33.8330018],[-117.5322054,33.832997],[-117.5322054,33.8329921],[-117.5322055,33.8329872],[-117.5322055,33.8329824],[-117.5322056,33.8329775],[-117.5322056,33.8329726],[-117.5322057,33.8329678],[-117.5322057,33.8329629],[-117.5322057,33.832958],[-117.5322058,33.8329532],[-117.5322058,33.8329483],[-117.5322066,33.8328706],[-117.5322068,33.8328464],[-117.5322074,33.8327842],[-117.5322075,33.8327724],[-117.5322203,33.8327724],[-117.5322953,33.8327722],[-117.5323012,33.8327722],[-117.532307,33.8327722],[-117.5323128,33.8327722],[-117.5323245,33.8327721],[-117.5323303,33.8327721],[-117.5323361,33.8327721],[-117.532342,33.8327721],[-117.5323478,33.8327721],[-117.5323536,33.8327721],[-117.5323595,33.8327721],[-117.5323653,33.8327721],[-117.5323711,33.832772],[-117.5323769,33.832772],[-117.5323828,33.832772],[-117.5323886,33.832772],[-117.5323944,33.832772],[-117.5324003,33.832772],[-117.5324061,33.832772],[-117.5324119,33.832772],[-117.5324177,33.8327719],[-117.5324236,33.8327719],[-117.5324294,33.8327719],[-117.5324352,33.8327719],[-117.5324411,33.8327719],[-117.5324469,33.8327719],[-117.5324527,33.8327719],[-117.5324586,33.8327719],[-117.5324644,33.8327719],[-117.5324702,33.8327718],[-117.532476,33.8327718],[-117.5324819,33.8327718],[-117.5324877,33.8327718],[-117.5324935,33.8327718],[-117.5324994,33.8327718],[-117.5325052,33.8327718],[-117.532511,33.8327718],[-117.5325168,33.8327717],[-117.5325227,33.8327717],[-117.5325284,33.8327717],[-117.5325285,33.8327717],[-117.5325343,33.8327717],[-117.5325402,33.8327717],[-117.532546,33.8327717],[-117.5325518,33.8327717],[-117.5325576,33.8327717],[-117.5325635,33.8327716],[-117.5325693,33.8327716],[-117.5325751,33.8327716],[-117.532581,33.8327716],[-117.5325868,33.8327716],[-117.5325926,33.8327716],[-117.5325984,33.8327716],[-117.5326043,33.8327716],[-117.5326101,33.8327715],[-117.5326159,33.8327715],[-117.5326218,33.8327715],[-117.5326275,33.8327715],[-117.5326334,33.8327715],[-117.5326392,33.8327715],[-117.532645,33.8327715],[-117.5326508,33.8327715],[-117.5326567,33.8327714],[-117.5326625,33.8327714],[-117.5326683,33.8327714],[-117.53268,33.8327714],[-117.5326858,33.8327714],[-117.5326975,33.8327714],[-117.5327033,33.8327713],[-117.5327091,33.8327713],[-117.532715,33.8327713],[-117.5327208,33.8327713],[-117.5327266,33.8327713],[-117.5327325,33.8327713],[-117.5327383,33.8327713],[-117.5327441,33.8327713],[-117.5327499,33.8327712],[-117.5327558,33.8327712],[-117.5327616,33.8327712],[-117.5327674,33.8327712],[-117.5327733,33.8327712],[-117.5327791,33.8327712],[-117.5327849,33.8327712],[-117.5327907,33.8327712],[-117.5327966,33.8327711],[-117.5328024,33.8327711],[-117.5328082,33.8327711],[-117.5328141,33.8327711],[-117.5328199,33.8327711],[-117.5328257,33.8327711],[-117.5328315,33.8327711],[-117.5328374,33.8327711],[-117.5329236,33.8327709],[-117.5330123,33.8327707],[-117.5330181,33.8327707],[-117.533024,33.8327707],[-117.5330298,33.8327706],[-117.5330357,33.8327706],[-117.5330415,33.8327706],[-117.5330473,33.8327706],[-117.5330532,33.8327706],[-117.533059,33.8327706],[-117.5330707,33.8327706],[-117.5330765,33.8327705],[-117.5330823,33.8327705],[-117.5330881,33.8327705],[-117.533094,33.8327705],[-117.5330998,33.8327705],[-117.5331056,33.8327705],[-117.5331115,33.8327705],[-117.5331173,33.8327705],[-117.5331231,33.8327705],[-117.5331289,33.8327704],[-117.5331348,33.8327704],[-117.5331406,33.8327704],[-117.5331523,33.8327704],[-117.5331581,33.8327704],[-117.5331639,33.8327704],[-117.5331697,33.8327704],[-117.5331756,33.8327703],[-117.5331814,33.8327703],[-117.5331872,33.8327703],[-117.5331931,33.8327703],[-117.5332047,33.8327703],[-117.5332105,33.8327703],[-117.5332164,33.8327703],[-117.5332222,33.8327702],[-117.533228,33.8327702],[-117.5332339,33.8327702],[-117.5332397,33.8327702],[-117.5332455,33.8327702],[-117.5332455,33.8327702],[-117.5332513,33.8327702],[-117.5332571,33.8327702],[-117.533263,33.8327702],[-117.5332688,33.8327701],[-117.5332746,33.8327701],[-117.5332804,33.8327701],[-117.5332863,33.8327701],[-117.5332921,33.8327701],[-117.5332979,33.8327701],[-117.5333038,33.8327701],[-117.5333096,33.8327701],[-117.5333154,33.83277],[-117.5333212,33.83277],[-117.5333271,33.83277],[-117.5333329,33.83277],[-117.5333387,33.83277],[-117.5333446,33.83277],[-117.5333504,33.83277],[-117.5333562,33.83277],[-117.533362,33.8327699],[-117.5333679,33.8327699],[-117.5333737,33.8327699],[-117.5333795,33.8327699],[-117.5333854,33.8327699],[-117.533397,33.8327699],[-117.5334028,33.8327699],[-117.5334087,33.8327698],[-117.5334145,33.8327698],[-117.5335253,33.8327696],[-117.5335311,33.8327696],[-117.5335369,33.8327696],[-117.5335427,33.8327696],[-117.5335486,33.8327695],[-117.5335544,33.8327695],[-117.5335602,33.8327695],[-117.5335661,33.8327695],[-117.5335719,33.8327695],[-117.5335777,33.8327695],[-117.5335835,33.8327695],[-117.5335894,33.8327695],[-117.5335952,33.8327694],[-117.533601,33.8327694],[-117.5336069,33.8327694],[-117.5336127,33.8327694],[-117.5336185,33.8327694],[-117.5336243,33.8327694],[-117.5336302,33.8327694],[-117.533636,33.8327694],[-117.5336418,33.8327693],[-117.5337301,33.8327692],[-117.5338167,33.832769],[-117.5338225,33.832769],[-117.5338342,33.8327689],[-117.53384,33.8327689],[-117.5338459,33.8327689],[-117.5338517,33.8327689],[-117.5338575,33.8327689],[-117.5338633,33.8327689],[-117.5338691,33.8327689],[-117.5338749,33.8327689],[-117.5338808,33.8327688],[-117.5338866,33.8327688],[-117.5338924,33.8327688],[-117.5338983,33.8327688],[-117.5339041,33.8327688],[-117.5339099,33.8327688],[-117.5339157,33.8327688],[-117.5339216,33.8327688],[-117.5339274,33.8327687],[-117.5339332,33.8327687],[-117.5339391,33.8327687],[-117.5339449,33.8327687],[-117.5339507,33.8327687],[-117.5339565,33.8327687],[-117.5339624,33.8327687],[-117.5339682,33.8327687],[-117.533974,33.8327686],[-117.5339799,33.8327686],[-117.5339915,33.8327686],[-117.5339973,33.8327686],[-117.5340032,33.8327686],[-117.534009,33.8327686],[-117.5340148,33.8327686],[-117.5340149,33.8327686],[-117.5340207,33.8327685],[-117.5340266,33.8327685],[-117.5340324,33.8327685],[-117.5340382,33.8327685],[-117.534044,33.8327685],[-117.5340499,33.8327685],[-117.5340557,33.8327685],[-117.5340615,33.8327685],[-117.5340674,33.8327684],[-117.5340732,33.8327684],[-117.534079,33.8327684],[-117.5340848,33.8327684],[-117.5340907,33.8327684],[-117.5341818,33.8327682],[-117.5342714,33.832768],[-117.5342772,33.832768],[-117.534283,33.832768],[-117.5342889,33.832768],[-117.5342947,33.832768],[-117.5343005,33.8327679],[-117.5343063,33.8327679],[-117.5343122,33.8327679],[-117.534318,33.8327679],[-117.5343238,33.8327679],[-117.5343355,33.8327679],[-117.5343413,33.8327679],[-117.5343471,33.8327678],[-117.534353,33.8327678],[-117.5343588,33.8327678],[-117.5343646,33.8327678],[-117.5343705,33.8327678],[-117.5343763,33.8327678],[-117.5343821,33.8327678],[-117.5343879,33.8327678],[-117.5343938,33.8327677],[-117.5343996,33.8327677],[-117.5344054,33.8327677],[-117.5344113,33.8327677],[-117.5344991,33.8327675],[-117.5344993,33.8327457],[-117.5344995,33.8327314],[-117.5344999,33.8326912],[-117.5344999,33.8326891],[-117.5345,33.8326864],[-117.5345,33.8326841],[-117.5345,33.8326815],[-117.5345001,33.8326767],[-117.5345001,33.8326718],[-117.5345002,33.8326669],[-117.5345002,33.8326621],[-117.5345003,33.8326572],[-117.5345004,33.8326523],[-117.5345004,33.8326475],[-117.5345005,33.8326426],[-117.5345005,33.8326378],[-117.5345006,33.8326329],[-117.5345006,33.832628],[-117.5345007,33.8326232],[-117.5345007,33.8326183],[-117.5345008,33.8326134],[-117.5345008,33.8326086],[-117.5345009,33.8326037],[-117.5345009,33.8326008],[-117.534501,33.8325988],[-117.534501,33.832594],[-117.5345011,33.8325891],[-117.5345011,33.8325843],[-117.5345012,33.8325794],[-117.5345012,33.8325745],[-117.5345013,33.8325698],[-117.5345013,33.8325697],[-117.5345013,33.8325649],[-117.5345014,33.83256],[-117.5345015,33.8325552],[-117.5345015,33.8325503],[-117.5345016,33.8325455],[-117.5345016,33.8325406],[-117.5345017,33.8325357],[-117.5345017,33.832531],[-117.5345018,33.8325261],[-117.5345018,33.8325212],[-117.5345019,33.8325164],[-117.5345019,33.8325115],[-117.534502,33.8325067],[-117.5345021,33.8325018],[-117.5345021,33.8324969],[-117.5345022,33.8324921],[-117.5345022,33.8324872],[-117.5345023,33.8324823],[-117.5345023,33.8324775],[-117.5345024,33.8324726],[-117.5345024,33.8324677],[-117.5345025,33.8324629],[-117.5345025,33.8324628],[-117.5345025,33.8324579],[-117.5345026,33.832453],[-117.5345027,33.8324482],[-117.5345027,33.8324433],[-117.5345028,33.8324385],[-117.5345028,33.8324336],[-117.5345029,33.8324287],[-117.5345029,33.8324239],[-117.534503,33.832419],[-117.534503,33.8324141],[-117.5345031,33.8324093],[-117.5345031,33.8324044],[-117.5345032,33.8323996],[-117.5345033,33.8323947],[-117.5345033,33.8323898],[-117.5345034,33.832385],[-117.5345034,33.8323801],[-117.5345035,33.8323752],[-117.5345035,33.8323704],[-117.5345036,33.8323655],[-117.5345036,33.8323606],[-117.5345037,33.8323558],[-117.5345037,33.8323509],[-117.5345038,33.8323461],[-117.5345039,33.8323412],[-117.5345039,33.8323363],[-117.534504,33.8323315],[-117.534504,33.8323266],[-117.5345041,33.8323217],[-117.5345041,33.8323169],[-117.5345042,33.832312],[-117.5345042,33.8323071],[-117.5345043,33.8323023],[-117.5345043,33.8322974],[-117.5345044,33.8322926],[-117.5345044,33.8322925],[-117.5345045,33.8322876],[-117.5345045,33.8322827],[-117.5345046,33.8322778],[-117.5345046,33.8322777],[-117.5345046,33.8322728],[-117.5345047,33.832263],[-117.5345048,33.8322581],[-117.5345048,33.8322532],[-117.5345049,33.8322484],[-117.534505,33.8322435],[-117.534505,33.8322386],[-117.5345051,33.8322338],[-117.5345051,33.8322289],[-117.5345052,33.832224],[-117.5345052,33.8322192],[-117.5345053,33.8322142],[-117.5345053,33.8322094],[-117.5345054,33.8322045],[-117.5345054,33.8321996],[-117.5345055,33.8321948],[-117.5345055,33.8321947],[-117.5345056,33.8321849],[-117.5345057,33.8321752],[-117.5345058,33.8321703],[-117.5345058,33.8321655],[-117.5345059,33.8321606],[-117.5345059,33.8321558],[-117.534506,33.8321509],[-117.5345061,33.832146],[-117.5345061,33.8321412],[-117.5345062,33.8321363],[-117.5345062,33.8321314],[-117.5345063,33.8321266],[-117.5345063,33.8321218],[-117.5345063,33.8321217],[-117.5345064,33.832117],[-117.5345064,33.8321121],[-117.5345065,33.8321095],[-117.5345065,33.8321072],[-117.5345066,33.8320975],[-117.5345067,33.8320926],[-117.5345067,33.8320878],[-117.5345068,33.8320829],[-117.5345068,33.832078],[-117.5345069,33.8320732],[-117.534507,33.8320635],[-117.534507,33.8320586],[-117.5345071,33.8320537],[-117.5345071,33.8320489],[-117.5345072,33.832044],[-117.5345072,33.8320439],[-117.5345073,33.832039],[-117.5345073,33.8320342],[-117.5345074,33.8320293],[-117.5345074,33.8320244],[-117.5345075,33.8320196],[-117.5345075,33.8320146],[-117.5345075,33.8320145],[-117.5345076,33.8320096],[-117.5345076,33.8320048],[-117.5345077,33.8319999],[-117.5345078,33.831995],[-117.5345078,33.8319949],[-117.5345078,33.8319901],[-117.5345079,33.8319852],[-117.5345079,33.8319804],[-117.534508,33.8319755],[-117.534508,33.8319706],[-117.5345081,33.8319658],[-117.5345081,33.8319609],[-117.5345082,33.831956],[-117.5345082,33.8319512],[-117.5345083,33.8319463],[-117.5345084,33.8319414],[-117.5345084,33.8319366],[-117.5345085,33.8319317],[-117.5345085,33.8319269],[-117.5345086,33.831922],[-117.5345086,33.8319171],[-117.5345087,33.8319123],[-117.5345087,33.8319074],[-117.5345088,33.8319025],[-117.5345088,33.8318977],[-117.5345089,33.8318928],[-117.534509,33.8318831],[-117.5345091,33.8318734],[-117.5345092,33.8318685],[-117.5345092,33.8318636],[-117.5345093,33.8318588],[-117.5345093,33.8318539],[-117.5345094,33.831849],[-117.5345094,33.8318442],[-117.5345095,33.8318393],[-117.5345096,33.8318345],[-117.5345096,33.8318296],[-117.5345097,33.8318247],[-117.5345097,33.8318199],[-117.5345098,33.831815],[-117.5345098,33.8318101],[-117.5345099,33.8318053],[-117.5345099,33.8318004],[-117.53451,33.8317955],[-117.5345101,33.8317907],[-117.5345101,33.8317858],[-117.5345102,33.831781],[-117.5345102,33.8317761],[-117.5345103,33.8317712],[-117.5345103,33.8317664],[-117.5345104,33.8317615],[-117.5345104,33.8317566],[-117.5345105,33.8317469],[-117.5345106,33.831742],[-117.5345107,33.8317323],[-117.5345108,33.8317275],[-117.5345108,33.8317226],[-117.5345109,33.8317177],[-117.5345109,33.8317129],[-117.534511,33.831708],[-117.534511,33.8317031],[-117.5345111,33.8316983],[-117.5345111,33.8316934],[-117.5345112,33.8316886],[-117.5345113,33.8316838],[-117.5345113,33.8316789],[-117.5345114,33.8316742],[-117.5345114,33.8316693],[-117.5345115,33.8316644],[-117.5345115,33.8316596],[-117.5345116,33.8316547],[-117.5345116,33.8316499],[-117.5345117,33.831645],[-117.5345117,33.8316413],[-117.5345117,33.8316401],[-117.5345118,33.8316353],[-117.5345119,33.8316305],[-117.5345119,33.8316256],[-117.534512,33.8316208],[-117.534512,33.8316159],[-117.5345121,33.8316111],[-117.5345121,33.8316063],[-117.5345122,33.8315967],[-117.5345123,33.8315943],[-117.5345123,33.8315918],[-117.5345123,33.8315871],[-117.5345123,33.8315869],[-117.5345125,33.8315773],[-117.5345125,33.8315725],[-117.5345126,33.8315676],[-117.5345126,33.8315627],[-117.5345127,33.8315579],[-117.5345127,33.831553],[-117.5345128,33.8315481],[-117.5345128,33.8315433],[-117.5345129,33.8315384],[-117.5345129,33.8315336],[-117.534513,33.8315286],[-117.5345131,33.8315237],[-117.5345131,33.8315189],[-117.5345132,33.831514],[-117.5345132,33.8315091],[-117.5345133,33.8315043],[-117.5345133,33.8314994],[-117.5345134,33.8314945],[-117.5345134,33.8314897],[-117.5345135,33.8314848],[-117.5345135,33.83148],[-117.5345136,33.8314751],[-117.5345137,33.8314702],[-117.5345137,33.8314654],[-117.5345138,33.8314605],[-117.5345138,33.8314556],[-117.5345139,33.8314508],[-117.5345139,33.8314459],[-117.534514,33.831441],[-117.534514,33.8314362],[-117.5345141,33.8314313],[-117.5345141,33.8314265],[-117.5345142,33.8314215],[-117.5345143,33.8314165],[-117.5345143,33.8314117],[-117.5345143,33.8314104],[-117.5345144,33.8314068],[-117.5345144,33.8314019],[-117.5345153,33.8313273],[-117.5346008,33.8313506],[-117.5346026,33.831351],[-117.5346079,33.8313525],[-117.5346108,33.8313533],[-117.5346131,33.8313539],[-117.5346184,33.8313553],[-117.5346272,33.8313577],[-117.5346377,33.8313606],[-117.5346394,33.8313611],[-117.5346447,33.8313625],[-117.5346499,33.8313639],[-117.5346552,33.8313654],[-117.5346604,33.8313668],[-117.5346657,33.8313682],[-117.5346675,33.8313687],[-117.5346727,33.8313701],[-117.5346745,33.8313706],[-117.5346797,33.831372],[-117.534685,33.8313735],[-117.5346868,33.831374],[-117.534692,33.8313754],[-117.5346973,33.8313768],[-117.5347025,33.8313782],[-117.5347095,33.8313801],[-117.5347148,33.8313816],[-117.5347218,33.8313835],[-117.5347271,33.8313849],[-117.5347341,33.8313868],[-117.5347411,33.8313887],[-117.5347464,33.8313902],[-117.534828,33.8314124],[-117.5349058,33.8314236],[-117.5349181,33.8314254],[-117.5349248,33.8314264],[-117.5349304,33.8314272],[-117.5349361,33.831428],[-117.5349407,33.8314286],[-117.5349417,33.8314288],[-117.5349428,33.8314289],[-117.5349453,33.8314293],[-117.5349509,33.8314301],[-117.5349566,33.8314309],[-117.5349622,33.8314317],[-117.5349679,33.8314326],[-117.5349735,33.8314334],[-117.535057,33.8314454],[-117.5350855,33.8314505],[-117.5351515,33.8314668],[-117.5352092,33.8314864],[-117.5352126,33.8314876],[-117.5352178,33.8314898],[-117.5352193,33.8314905],[-117.5352515,33.8315044],[-117.5352713,33.831513],[-117.5353155,33.8315361],[-117.5353577,33.8315619],[-117.5353811,33.831575],[-117.5353838,33.8315766],[-117.535385,33.8315773],[-117.5353866,33.8315781],[-117.5353878,33.8315788],[-117.5353905,33.8315804],[-117.5353945,33.8315826],[-117.5353973,33.8315842],[-117.5354012,33.8315864],[-117.5354052,33.8315887],[-117.5354119,33.8315924],[-117.5354186,33.8315962],[-117.5354923,33.8316379],[-117.5354965,33.8316383],[-117.5355799,33.8316468],[-117.5355857,33.8316473],[-117.5355971,33.8316485],[-117.5356029,33.8316491],[-117.5356086,33.8316497],[-117.5356143,33.8316502],[-117.5356201,33.8316508],[-117.5356258,33.8316514],[-117.5356316,33.831652],[-117.5356373,33.8316526],[-117.535643,33.8316532],[-117.5356488,33.8316537],[-117.5356553,33.8316544],[-117.535661,33.831655],[-117.5356667,33.8316556],[-117.5356725,33.8316561],[-117.5356782,33.8316567],[-117.5356839,33.8316573],[-117.5356897,33.8316579],[-117.5356954,33.8316585],[-117.5357011,33.8316591],[-117.5357069,33.8316596],[-117.5357126,33.8316602],[-117.5358035,33.8316695],[-117.5358901,33.8316782],[-117.5358958,33.8316788],[-117.5359015,33.8316794],[-117.5359073,33.83168],[-117.535913,33.8316806],[-117.5359187,33.8316812],[-117.5359245,33.8316817],[-117.5359302,33.8316823],[-117.5359375,33.8316831],[-117.535944,33.8316837],[-117.5359554,33.8316849],[-117.5359562,33.831685],[-117.535962,33.8316855],[-117.5359677,33.8316861],[-117.5359734,33.8316867],[-117.5359792,33.8316873],[-117.5359849,33.8316879],[-117.5359906,33.8316885],[-117.5359914,33.8316885],[-117.5359922,33.8316886],[-117.5359979,33.8316892],[-117.5360036,33.8316898],[-117.5360044,33.8316899],[-117.5360101,33.8316904],[-117.5360109,33.8316905],[-117.5360166,33.8316911],[-117.5360224,33.8316917],[-117.5360281,33.8316923],[-117.5360339,33.8316928],[-117.5360396,33.8316934],[-117.5360511,33.8316946],[-117.5360568,33.8316952],[-117.5360625,33.8316958],[-117.5360683,33.8316963],[-117.536074,33.8316969],[-117.536079,33.8316974],[-117.5360797,33.8316975],[-117.5360847,33.831698],[-117.5360855,33.8316981],[-117.5360904,33.8316986],[-117.5360962,33.8316992],[-117.5361019,33.8316998],[-117.5361076,33.8317003],[-117.5361134,33.8317009],[-117.5361191,33.8317015],[-117.5361248,33.8317021],[-117.5361306,33.8317027],[-117.5361363,33.8317033],[-117.5361421,33.8317038],[-117.5361478,33.8317044],[-117.5361535,33.831705],[-117.5361593,33.8317056],[-117.5362457,33.8317144],[-117.5363411,33.8317241],[-117.53644,33.831734],[-117.5364409,33.8317341],[-117.5364409,33.8317377],[-117.5364404,33.8318452],[-117.5364401,33.8319339],[-117.5364392,33.8320173],[-117.5364323,33.8326698],[-117.5364318,33.8327269],[-117.5364315,33.8327524],[-117.5364211,33.8337052],[-117.5364114,33.8346549],[-117.5364095,33.8348462],[-117.5364082,33.8349779],[-117.536408,33.8349963],[-117.5364079,33.8349997],[-117.5364079,33.835003],[-117.5364079,33.8350056],[-117.5364078,33.8350086],[-117.5364078,33.8350107],[-117.5364078,33.8350128],[-117.5364078,33.835016],[-117.5364077,33.8350209],[-117.5364077,33.8350253],[-117.5364076,33.8350307],[-117.5364076,33.8350353],[-117.5364076,33.8350375],[-117.5364075,33.8350415],[-117.5364074,33.8350477],[-117.5364074,33.8350526],[-117.5364073,33.8350582],[-117.5364073,33.8350633],[-117.5364073,33.8350665],[-117.5364072,33.8350686],[-117.5364072,33.8350713],[-117.5364072,33.8350741],[-117.5364071,33.8350794],[-117.5364071,33.8350849],[-117.536407,33.8350901],[-117.536407,33.8350959],[-117.5364069,33.835106],[-117.5364068,33.8351098],[-117.5364067,33.8351234],[-117.5364066,33.8351302],[-117.5364063,33.8351565],[-117.5364062,33.8351689],[-117.536406,33.8351948],[-117.5364059,33.8351986],[-117.5364059,33.8352042],[-117.5364058,33.8352099],[-117.5364058,33.8352152],[-117.5364057,33.8352219],[-117.5364056,33.8352303],[-117.5364056,33.8352355],[-117.5364055,33.8352404],[-117.5364054,33.835247],[-117.5364054,33.835252],[-117.5364053,33.8352573],[-117.5364053,33.8352621],[-117.5364052,33.8352665],[-117.5364052,33.8352706],[-117.5364052,33.8352726],[-117.5364052,33.8352743],[-117.5364052,33.8352753],[-117.5364041,33.8353794],[-117.536404,33.8353871],[-117.536404,33.835388],[-117.536404,33.8353896],[-117.536404,33.8353899],[-117.536404,33.8353911],[-117.5364039,33.8353951],[-117.5364036,33.8354024],[-117.5364034,33.8354086],[-117.5364032,33.8354128],[-117.5364032,33.8354132],[-117.536403,33.8354177],[-117.5364027,33.8354226],[-117.5364027,33.835423],[-117.5364026,33.8354252],[-117.5364026,33.8354257],[-117.5364025,33.835428],[-117.5364024,33.835429],[-117.5364024,33.8354293],[-117.5364023,33.8354308],[-117.5364023,33.8354309],[-117.5364022,33.8354335],[-117.5364021,33.8354348],[-117.5364021,33.8354353],[-117.5364019,33.8354376],[-117.5364019,33.835438],[-117.5364019,33.8354382],[-117.5364017,33.8354425],[-117.5364014,33.8354462],[-117.5364014,33.8354471],[-117.5364014,33.8354474],[-117.5364013,33.8354494],[-117.5364012,33.8354508],[-117.5364011,33.8354516],[-117.5364011,33.8354524],[-117.536401,33.8354536],[-117.5364009,33.8354548],[-117.5364008,33.8354561],[-117.5364007,33.8354584],[-117.5364005,33.8354606],[-117.5364002,33.8354651],[-117.5363999,33.8354696],[-117.5363996,33.8354742],[-117.5363995,33.8354764],[-117.5363994,33.8354773],[-117.5363993,33.8354787],[-117.5363992,33.8354801],[-117.5363991,33.8354817],[-117.5363989,33.8354832],[-117.5363988,33.835485],[-117.5363988,33.8354854],[-117.5363988,33.8354856],[-117.5363986,33.8354877],[-117.5363984,33.8354899],[-117.5363983,33.8354913],[-117.5363983,33.8354915],[-117.5363982,33.8354918],[-117.5363982,33.8354928],[-117.536398,33.8354946],[-117.536398,33.8354952],[-117.5363979,33.8354961],[-117.5363978,33.8354964],[-117.5363978,33.8354966],[-117.5363977,33.835498],[-117.5363975,33.8354997],[-117.5363975,33.8354999],[-117.5363971,33.8355029],[-117.5363965,33.835508],[-117.5363958,33.8355125],[-117.5363948,33.8355198],[-117.536394,33.8355259],[-117.5363933,33.8355304],[-117.5363923,33.8355376],[-117.5363922,33.8355377],[-117.5363918,33.8355404],[-117.5363917,33.8355414],[-117.5363915,33.8355424],[-117.5363914,33.8355434],[-117.5363913,33.8355439],[-117.5363912,33.8355447],[-117.5363909,33.8355464],[-117.5363909,33.8355467],[-117.5363907,33.8355479],[-117.5363907,33.835548],[-117.5363906,33.8355484],[-117.5363901,33.8355516],[-117.53639,33.8355525],[-117.53639,33.8355529],[-117.5363894,33.8355563],[-117.5363893,33.8355572],[-117.536389,33.8355588],[-117.536389,33.835559],[-117.536388,33.8355655],[-117.5363878,33.8355663],[-117.5363874,33.8355691],[-117.5363873,33.8355694],[-117.5363871,33.8355708],[-117.5363863,33.8355757],[-117.5363863,33.8355759],[-117.536386,33.8355776],[-117.5363858,33.8355784],[-117.5363856,33.8355799],[-117.5363851,33.8355831],[-117.5363844,33.835587],[-117.536384,33.8355896],[-117.5363839,33.8355902],[-117.5363837,33.835591],[-117.5363833,33.8355933],[-117.5363826,33.8355977],[-117.5363824,33.8355985],[-117.536382,33.8356011],[-117.5363819,33.8356017],[-117.5363818,33.8356022],[-117.5363812,33.8356051],[-117.536381,33.8356066],[-117.5363806,33.8356085],[-117.5363802,33.8356107],[-117.5363802,33.8356109],[-117.5363802,33.8356111],[-117.53638,33.8356119],[-117.5363799,33.8356124],[-117.5363798,33.8356129],[-117.5363798,33.8356129],[-117.5363792,33.8356155],[-117.5362687,33.8357789],[-117.5361959,33.8358832],[-117.5361309,33.8359764],[-117.5360327,33.8361199],[-117.5360324,33.8361202],[-117.535988,33.8361856],[-117.5357896,33.8364776],[-117.5356321,33.8367094],[-117.5354968,33.8369084],[-117.5352083,33.8373329],[-117.5346634,33.8381348],[-117.5341819,33.8388434],[-117.5341877,33.8388574],[-117.534225,33.8389468],[-117.534225,33.8389469],[-117.5342089,33.8389706],[-117.534025,33.8392414],[-117.533972,33.8393194],[-117.533834,33.8395226],[-117.533781,33.8396007],[-117.5336911,33.839733],[-117.5335579,33.8399291],[-117.5329091,33.8408844],[-117.5327645,33.8410973],[-117.5326427,33.8412766],[-117.5325209,33.8414559],[-117.5324587,33.8415476],[-117.5323861,33.8416546],[-117.532352,33.8417067],[-117.5323387,33.8417269],[-117.5323131,33.8417619],[-117.5322931,33.8417893],[-117.5322872,33.841798],[-117.532285,33.8418012],[-117.5322859,33.8418019],[-117.5322666,33.8418304],[-117.5320681,33.8421224],[-117.5320656,33.842126],[-117.5320632,33.8421296],[-117.5320608,33.8421332],[-117.5320584,33.8421368],[-117.5320561,33.8421404],[-117.5320537,33.842144],[-117.5320514,33.8421477],[-117.5320491,33.8421513],[-117.5320468,33.842155],[-117.5320445,33.8421586],[-117.5320422,33.8421623],[-117.53204,33.8421659],[-117.5320378,33.8421696],[-117.5320355,33.8421733],[-117.5320333,33.842177],[-117.5320312,33.8421807],[-117.532029,33.8421844],[-117.5320268,33.8421881],[-117.5320247,33.8421918],[-117.5320226,33.8421956],[-117.5320205,33.8421993],[-117.5320184,33.842203],[-117.5320163,33.8422068],[-117.5320143,33.8422105],[-117.5320123,33.8422143],[-117.5320102,33.842218],[-117.5320082,33.8422218],[-117.5320063,33.8422256],[-117.5320043,33.8422294],[-117.5320023,33.8422332],[-117.5320004,33.8422369],[-117.5319985,33.8422407],[-117.5319966,33.8422445],[-117.5319947,33.8422484],[-117.5319929,33.8422522],[-117.531991,33.842256],[-117.5319892,33.8422598],[-117.5319874,33.8422637],[-117.5319856,33.8422675],[-117.5319838,33.8422714],[-117.5319821,33.8422752],[-117.5319803,33.8422791],[-117.5319786,33.8422829],[-117.5319769,33.8422868],[-117.5319752,33.8422907],[-117.5319735,33.8422945],[-117.5319719,33.8422984],[-117.5319702,33.8423023],[-117.5319686,33.8423062],[-117.531967,33.8423101],[-117.5319654,33.842314],[-117.5319638,33.8423179],[-117.5319623,33.8423218],[-117.5319608,33.8423258],[-117.5319592,33.8423297],[-117.5319578,33.8423336],[-117.5319563,33.8423375],[-117.5319548,33.8423415],[-117.5319534,33.8423454],[-117.5319519,33.8423494],[-117.5319505,33.8423533],[-117.5319491,33.8423573],[-117.5319478,33.8423612],[-117.5319464,33.8423652],[-117.5319451,33.8423692],[-117.5319438,33.8423731],[-117.5319425,33.8423771],[-117.5319412,33.8423811],[-117.5319399,33.8423851],[-117.5319387,33.8423891],[-117.5319374,33.8423931],[-117.5319316,33.842427],[-117.5319308,33.8424302],[-117.5319306,33.8424308],[-117.5319293,33.8424362],[-117.5319279,33.8424422],[-117.5319265,33.8424483],[-117.5319252,33.8424543],[-117.5319239,33.8424603],[-117.5319226,33.8424664],[-117.5319214,33.8424724],[-117.5319202,33.8424785],[-117.5319191,33.8424846],[-117.531918,33.8424906],[-117.5319169,33.8424967],[-117.5319159,33.8425028],[-117.5319149,33.8425089],[-117.531914,33.842515],[-117.5319131,33.842521],[-117.5319122,33.8425271],[-117.5319114,33.8425332],[-117.5319106,33.8425393],[-117.5319099,33.8425455],[-117.5319092,33.8425516],[-117.5319085,33.8425577],[-117.5319079,33.8425638],[-117.5319074,33.8425699],[-117.5319068,33.842576],[-117.5319063,33.8425822],[-117.5319059,33.8425883],[-117.5319055,33.8425944],[-117.5319051,33.8426005],[-117.5319048,33.8426067],[-117.5319045,33.8426128],[-117.5319043,33.8426189],[-117.5319041,33.8426251],[-117.5319039,33.8426312],[-117.5319038,33.8426375],[-117.5319037,33.8426434],[-117.5318993,33.843105],[-117.5319974,33.8431824],[-117.5320014,33.8431856],[-117.5320616,33.8432331],[-117.5320765,33.8432448],[-117.532474,33.8435585],[-117.5327775,33.843798],[-117.5330547,33.8440145],[-117.5332252,33.8441477],[-117.5335524,33.8444033],[-117.5338988,33.8446738],[-117.5339679,33.8447278],[-117.5340101,33.8447608],[-117.5340406,33.8447846],[-117.5340301,33.8451261],[-117.5340187,33.8454995],[-117.5340131,33.8456819],[-117.5339775,33.8458661],[-117.5339037,33.846248],[-117.5338325,33.8466165],[-117.5337604,33.8469893],[-117.5337036,33.8472836],[-117.533679,33.8473556],[-117.5336524,33.8474334],[-117.5335616,33.847699],[-117.5335344,33.8477784],[-117.5335154,33.8478339],[-117.5335148,33.8478358],[-117.5335325,33.8478807],[-117.533648,33.8481735],[-117.5337347,33.8483932],[-117.533766,33.8484725],[-117.5337965,33.8485499],[-117.5338758,33.8487508],[-117.5338952,33.8492314],[-117.533925,33.8499674],[-117.5339484,33.8505456],[-117.5340781,33.8510243],[-117.5340803,33.8510323],[-117.5340812,33.8510358],[-117.5341,33.8511051],[-117.534145,33.8512705],[-117.5341669,33.8513509],[-117.5341888,33.8514313],[-117.5341969,33.8514612],[-117.5342855,33.8517865],[-117.5343465,33.8520106],[-117.5344113,33.8522921],[-117.5344708,33.8525503],[-117.5345037,33.8526928],[-117.5345089,33.8527156],[-117.5345269,33.8527934],[-117.5345273,33.8527946],[-117.5345355,33.8528155],[-117.5346447,33.8530946],[-117.5347238,33.8532969],[-117.5347619,33.8533944],[-117.534769,33.8534025],[-117.5347749,33.853422],[-117.5348484,33.8536614],[-117.5348987,33.853825],[-117.5349393,33.8539124],[-117.5349496,33.8540284],[-117.5349497,33.85403],[-117.5348934,33.8540572],[-117.5348327,33.8540865],[-117.5348183,33.8540934],[-117.5348065,33.854099],[-117.5348012,33.8541016],[-117.5348012,33.8541016],[-117.5347806,33.8541118],[-117.5347547,33.8541251],[-117.5347494,33.854128],[-117.5347355,33.8541354],[-117.5347291,33.8541389],[-117.5347233,33.8541421],[-117.5347087,33.8541502],[-117.5347034,33.8541532],[-117.5346978,33.8541564],[-117.5346827,33.8541651],[-117.5346784,33.8541676],[-117.5346735,33.8541706],[-117.5346734,33.8541706],[-117.5346608,33.8541781],[-117.5346539,33.8541823],[-117.5346469,33.8541866],[-117.5346364,33.8541932],[-117.5346295,33.8541975],[-117.5346053,33.854213],[-117.534583,33.854228],[-117.5345794,33.8542304],[-117.5345044,33.8542818],[-117.5344169,33.8543417],[-117.53439,33.8543601],[-117.5343544,33.8543845],[-117.5343344,33.8543979],[-117.5343343,33.854398],[-117.534309,33.854415],[-117.5343026,33.8544191],[-117.5342628,33.8544449],[-117.5342448,33.8544562],[-117.5342314,33.8544645],[-117.5342161,33.8544741],[-117.534191,33.8544892],[-117.5341687,33.8545026],[-117.5341502,33.8545134],[-117.5341365,33.8545213],[-117.5341208,33.8545304],[-117.534109,33.854537],[-117.5340865,33.8545496],[-117.5340723,33.8545576],[-117.5340609,33.8545637],[-117.534031,33.8545798],[-117.5340232,33.854584],[-117.5340176,33.8545869],[-117.5339686,33.8546122],[-117.5339172,33.8546382],[-117.5336292,33.8547836],[-117.5335263,33.8548356],[-117.5334775,33.8548602],[-117.5334048,33.8548969],[-117.5333872,33.8549058],[-117.533361,33.854919],[-117.5333449,33.8549272],[-117.5333227,33.8549384],[-117.5333015,33.8549491],[-117.5332881,33.8549559],[-117.5332701,33.8549649],[-117.5332493,33.8549711],[-117.5332439,33.8549727],[-117.5332356,33.854975],[-117.5332355,33.854975],[-117.5332155,33.8549806],[-117.533209,33.8549823],[-117.5331927,33.8549866],[-117.533187,33.8549881],[-117.5331761,33.8549908],[-117.5331583,33.8549952],[-117.533152,33.8549966],[-117.5331295,33.8550018],[-117.5331197,33.855004],[-117.5331196,33.855004],[-117.5331006,33.8550081],[-117.5330655,33.8550151],[-117.533033,33.8550211],[-117.5330226,33.8550264],[-117.5326065,33.8550898],[-117.5326341,33.8551929],[-117.5319428,33.8553222],[-117.5319307,33.8553245],[-117.5319341,33.8544338],[-117.5319341,33.8544289],[-117.5319346,33.8542777],[-117.5319362,33.8538709],[-117.5319364,33.8538106],[-117.5309239,33.8538106],[-117.5284034,33.8538105],[-117.5275806,33.8538105],[-117.5275729,33.8544288],[-117.5275251,33.8582755],[-117.5264355,33.8582844],[-117.5264289,33.8582845],[-117.5257493,33.8576677],[-117.5257457,33.8576644],[-117.5247011,33.8574641],[-117.5245027,33.8574525],[-117.5235747,33.8574042],[-117.5231347,33.8574272],[-117.5230391,33.8574322],[-117.5228892,33.857439],[-117.5228359,33.8574414],[-117.5225819,33.8574528],[-117.5224817,33.8574566],[-117.5223814,33.8574604],[-117.5215966,33.8574939],[-117.521606,33.8583443],[-117.5216078,33.8585079],[-117.5195232,33.8584976],[-117.5195119,33.8584975],[-117.5194982,33.8584116],[-117.5194877,33.8583463],[-117.5194869,33.8583411],[-117.51886,33.8583462],[-117.5169072,33.8583342],[-117.5153987,33.858325],[-117.515079,33.8583231],[-117.51494,33.8583222],[-117.5149371,33.8583222],[-117.51493,33.8583221],[-117.5149229,33.8583221],[-117.5149158,33.8583221],[-117.5149016,33.858322],[-117.5148874,33.8583219],[-117.5148803,33.8583218],[-117.5148732,33.8583218],[-117.5148661,33.8583218],[-117.514859,33.8583217],[-117.5148519,33.8583217],[-117.5148448,33.8583216],[-117.5148376,33.8583216],[-117.5148307,33.8583215],[-117.5148305,33.8583215],[-117.5148236,33.8583215],[-117.5148165,33.8583214],[-117.5148094,33.8583214],[-117.5148023,33.8583214],[-117.5147952,33.8583213],[-117.5147881,33.8583213],[-117.514781,33.8583212],[-117.5147739,33.8583212],[-117.5147668,33.8583211],[-117.5147597,33.8583211],[-117.5147526,33.8583211],[-117.5147454,33.858321],[-117.5147453,33.858321],[-117.5147383,33.858321],[-117.5147312,33.8583209],[-117.5147241,33.8583209],[-117.514717,33.8583208],[-117.5147028,33.8583208],[-117.5146957,33.8583207],[-117.5146886,33.8583207],[-117.5146815,33.8583206],[-117.5146744,33.8583206],[-117.5145983,33.8583201],[-117.5145763,33.85832],[-117.5145642,33.8583199],[-117.5145653,33.8582273],[-117.5145654,33.8582214],[-117.5145654,33.8582154],[-117.5145655,33.8582095],[-117.5145656,33.8582036],[-117.5145656,33.8581977],[-117.5145657,33.8581917],[-117.5145658,33.8581858],[-117.5145658,33.8581799],[-117.5145659,33.858174],[-117.514566,33.858168],[-117.514566,33.8581621],[-117.5145661,33.8581562],[-117.5145662,33.8581503],[-117.5145662,33.8581443],[-117.5145663,33.8581384],[-117.5145664,33.8581325],[-117.5145664,33.8581266],[-117.5145665,33.8581206],[-117.5145666,33.8581147],[-117.5145666,33.8581088],[-117.5145667,33.8581029],[-117.5145668,33.8580969],[-117.5145668,33.858091],[-117.5145669,33.8580851],[-117.514567,33.8580792],[-117.514567,33.8580732],[-117.5145671,33.8580673],[-117.5145672,33.8580614],[-117.5145673,33.8580555],[-117.5145673,33.8580495],[-117.5145674,33.8580436],[-117.5145675,33.8580377],[-117.5145675,33.8580317],[-117.5145676,33.8580258],[-117.5145677,33.8580199],[-117.5145677,33.858014],[-117.5145678,33.858008],[-117.5145679,33.8580021],[-117.5145679,33.8579962],[-117.514568,33.8579903],[-117.5145681,33.8579843],[-117.5145681,33.8579784],[-117.5145682,33.8579725],[-117.5145683,33.8579666],[-117.5145683,33.8579606],[-117.5145684,33.8579547],[-117.5145685,33.8579488],[-117.5145685,33.8579429],[-117.5145686,33.8579369],[-117.5145687,33.857931],[-117.5145687,33.8579251],[-117.5145688,33.8579192],[-117.5145689,33.8579132],[-117.5145689,33.8579073],[-117.514569,33.8579014],[-117.5145691,33.8578955],[-117.5145691,33.8578895],[-117.5145692,33.8578836],[-117.5145693,33.8578777],[-117.5145693,33.8578718],[-117.5145694,33.8578658],[-117.5145695,33.8578599],[-117.5145695,33.857854],[-117.5145696,33.8578479],[-117.5145697,33.857842],[-117.5145698,33.8578361],[-117.5145698,33.8578359],[-117.5145698,33.85783],[-117.5145698,33.8578299],[-117.5145699,33.857824],[-117.51457,33.857818],[-117.51457,33.8578121],[-117.5145701,33.8578062],[-117.5145702,33.8578003],[-117.5145702,33.8577943],[-117.5145703,33.8577884],[-117.5145704,33.8577824],[-117.5145704,33.8577764],[-117.5145705,33.8577705],[-117.5145706,33.8577646],[-117.5145707,33.8577527],[-117.5145708,33.8577468],[-117.5145708,33.8577409],[-117.5145709,33.857735],[-117.514571,33.857729],[-117.514571,33.8577231],[-117.5145711,33.8577172],[-117.5145712,33.8577113],[-117.5145712,33.8577053],[-117.5145713,33.8576994],[-117.5145714,33.8576935],[-117.5145714,33.8576875],[-117.5145716,33.8576757],[-117.5145716,33.8576698],[-117.5145718,33.8576579],[-117.5145718,33.857652],[-117.5145719,33.8576461],[-117.514572,33.8576401],[-117.5145721,33.8576283],[-117.5145722,33.8576224],[-117.5145723,33.8576164],[-117.5145723,33.8576106],[-117.5145724,33.8576047],[-117.5145725,33.8575988],[-117.5145725,33.8575929],[-117.5145726,33.8575869],[-117.5145727,33.857581],[-117.5145727,33.8575751],[-117.5145728,33.8575692],[-117.5145729,33.8575632],[-117.5145729,33.8575573],[-117.514573,33.8575514],[-117.5145731,33.8575395],[-117.5145732,33.8575336],[-117.5145733,33.8575277],[-117.5145733,33.8575218],[-117.5145735,33.8575099],[-117.5145736,33.8574981],[-117.5145737,33.8574921],[-117.5145738,33.8574803],[-117.5145739,33.8574744],[-117.514574,33.8574625],[-117.5145741,33.8574566],[-117.5145742,33.8574447],[-117.5145743,33.8574329],[-117.5145745,33.857421],[-117.5145746,33.8574092],[-117.5145747,33.8574032],[-117.5145747,33.8573973],[-117.5145749,33.8573795],[-117.514575,33.8573736],[-117.5145751,33.8573677],[-117.5145752,33.8573618],[-117.5145752,33.8573558],[-117.5145754,33.857344],[-117.5145754,33.8573381],[-117.5145755,33.8573323],[-117.5145757,33.8573146],[-117.5145758,33.8573087],[-117.5145758,33.8573028],[-117.5145759,33.8572968],[-117.514576,33.857285],[-117.5145761,33.8572791],[-117.5145762,33.8572672],[-117.5145763,33.8572613],[-117.5145764,33.8572554],[-117.5145764,33.8572494],[-117.5145765,33.8572435],[-117.5145766,33.8572376],[-117.5145766,33.8572317],[-117.5145767,33.8572257],[-117.5145768,33.8572198],[-117.5145768,33.8572138],[-117.5145769,33.8572078],[-117.5145769,33.8572077],[-117.514577,33.8572016],[-117.514577,33.8571957],[-117.5145771,33.8571898],[-117.5145772,33.8571839],[-117.5145772,33.8571779],[-117.5145773,33.857172],[-117.5145774,33.8571661],[-117.5145774,33.8571602],[-117.5145775,33.8571542],[-117.5145776,33.8571483],[-117.5145777,33.8571424],[-117.5145778,33.8571305],[-117.5145778,33.8571304],[-117.5145779,33.8571245],[-117.5145779,33.8571186],[-117.514578,33.8571126],[-117.5145781,33.8571067],[-117.5145781,33.8571008],[-117.5145782,33.8570949],[-117.5145783,33.8570889],[-117.5145783,33.857083],[-117.5145784,33.8570771],[-117.5145785,33.8570712],[-117.5145786,33.8570593],[-117.5145787,33.8570534],[-117.5145788,33.8570415],[-117.5145789,33.8570356],[-117.5145791,33.8570178],[-117.5145791,33.8570119],[-117.5145793,33.857],[-117.5145794,33.8569882],[-117.5145795,33.8569763],[-117.5145797,33.8569645],[-117.5145797,33.8569586],[-117.5145799,33.8569467],[-117.5145799,33.8569408],[-117.5145801,33.8569289],[-117.5145802,33.8569171],[-117.5145804,33.8569052],[-117.5145804,33.8568993],[-117.5145805,33.8568934],[-117.5145806,33.8568875],[-117.5145806,33.8568815],[-117.5145807,33.8568756],[-117.5145808,33.8568697],[-117.5145809,33.8568578],[-117.514581,33.856846],[-117.5145811,33.8568401],[-117.5145812,33.8568282],[-117.5145814,33.8568163],[-117.5145814,33.8568104],[-117.5145815,33.8568045],[-117.5145816,33.8567926],[-117.5145817,33.8567866],[-117.5145818,33.8567807],[-117.5145818,33.8567747],[-117.5145819,33.8567688],[-117.514582,33.856757],[-117.5145821,33.856751],[-117.5145822,33.8567451],[-117.5145823,33.8567333],[-117.5145824,33.8567273],[-117.5145824,33.8567214],[-117.5145825,33.8567155],[-117.5145827,33.8566977],[-117.5145828,33.8566918],[-117.5145829,33.8566799],[-117.514583,33.856674],[-117.5145831,33.8566681],[-117.5145831,33.8566622],[-117.5145832,33.8566562],[-117.5145833,33.8566503],[-117.5145834,33.8566385],[-117.5145835,33.8566325],[-117.5145835,33.8566266],[-117.5145836,33.8566207],[-117.5145837,33.8566148],[-117.5145837,33.8566088],[-117.5145838,33.8566029],[-117.5145839,33.856597],[-117.5145839,33.856591],[-117.514584,33.8565851],[-117.5145841,33.8565792],[-117.5145841,33.8565733],[-117.5145842,33.8565673],[-117.5145843,33.8565614],[-117.5145843,33.8565555],[-117.5145844,33.8565496],[-117.5145845,33.8565436],[-117.5145845,33.8565377],[-117.5145846,33.8565318],[-117.5145847,33.8565259],[-117.5145847,33.8565199],[-117.5145849,33.8565081],[-117.5145849,33.8565022],[-117.514585,33.8564961],[-117.5145851,33.8564902],[-117.5145851,33.8564843],[-117.5145852,33.8564783],[-117.5145853,33.8564724],[-117.5145854,33.8564665],[-117.5145854,33.8564606],[-117.5145855,33.8564548],[-117.5145856,33.8564488],[-117.5145856,33.8564429],[-117.5145857,33.856437],[-117.5145858,33.8564311],[-117.5145858,33.8564251],[-117.5145859,33.8564192],[-117.514586,33.8564133],[-117.514586,33.8564074],[-117.5145861,33.8564014],[-117.5145862,33.8563955],[-117.5145862,33.8563896],[-117.5145863,33.8563836],[-117.5145864,33.8563777],[-117.5145864,33.8563718],[-117.5145865,33.8563659],[-117.5145866,33.8563599],[-117.5145866,33.856354],[-117.5145867,33.8563481],[-117.5145868,33.8563422],[-117.5145868,33.8563362],[-117.514587,33.8563244],[-117.514587,33.8563185],[-117.5145872,33.8563066],[-117.5145872,33.8563007],[-117.5145873,33.8562948],[-117.5145874,33.8562888],[-117.5145874,33.8562829],[-117.5145875,33.856277],[-117.5145876,33.8562711],[-117.5145876,33.8562651],[-117.5145877,33.8562592],[-117.5145878,33.8562474],[-117.514588,33.8562355],[-117.514588,33.8562296],[-117.5145881,33.8562235],[-117.5145882,33.8562176],[-117.5145883,33.8562117],[-117.5145883,33.8562058],[-117.5145885,33.8561939],[-117.5145885,33.856188],[-117.5145887,33.8561761],[-117.5145887,33.8561702],[-117.5145888,33.8561643],[-117.5145889,33.8561583],[-117.5145889,33.8561524],[-117.5145891,33.8561406],[-117.5145891,33.8561346],[-117.5145893,33.8561228],[-117.5145894,33.8561109],[-117.5145895,33.856105],[-117.5145896,33.8560932],[-117.5145897,33.8560872],[-117.5145897,33.8560813],[-117.5145899,33.8560695],[-117.5145899,33.8560635],[-117.51459,33.8560576],[-117.5145901,33.8560458],[-117.5145903,33.8560339],[-117.5145903,33.856028],[-117.5145904,33.8560221],[-117.5145905,33.8560102],[-117.5145906,33.8560043],[-117.5145907,33.8559984],[-117.5145908,33.8559924],[-117.5145908,33.8559865],[-117.5145909,33.8559806],[-117.514591,33.8559747],[-117.5145911,33.8559628],[-117.5145912,33.8559569],[-117.5145912,33.8559509],[-117.5145913,33.855945],[-117.5145914,33.8559391],[-117.5145914,33.8559332],[-117.5145915,33.8559272],[-117.5145916,33.8559213],[-117.5145916,33.8559154],[-117.5145917,33.8559095],[-117.5145918,33.8559035],[-117.5145918,33.8558976],[-117.5145919,33.8558917],[-117.514592,33.8558858],[-117.514592,33.8558798],[-117.5145921,33.8558739],[-117.5145922,33.855868],[-117.5145923,33.8558561],[-117.5145923,33.855856],[-117.5145924,33.8558501],[-117.5145924,33.8558442],[-117.5145925,33.8558382],[-117.5145926,33.8558323],[-117.5145926,33.8558264],[-117.5145927,33.8558205],[-117.5145928,33.8558145],[-117.5145928,33.8558086],[-117.5145929,33.8558027],[-117.514593,33.8557908],[-117.5145931,33.8557849],[-117.5145932,33.855779],[-117.5145933,33.8557671],[-117.5145934,33.8557612],[-117.5145934,33.8557553],[-117.5145935,33.8557493],[-117.5145937,33.8557375],[-117.5145937,33.8557316],[-117.5145939,33.8557197],[-117.5145939,33.8557138],[-117.5145941,33.8557019],[-117.5145942,33.8556901],[-117.5145943,33.8556842],[-117.5145944,33.8556723],[-117.5145945,33.8556664],[-117.5145945,33.8556605],[-117.5145946,33.8556545],[-117.5145947,33.8556486],[-117.5145947,33.8556427],[-117.5145948,33.8556368],[-117.5145949,33.8556308],[-117.5145949,33.8556249],[-117.5145951,33.8556131],[-117.5145951,33.8556096],[-117.5145951,33.8556092],[-117.5145951,33.8556071],[-117.5145951,33.8556069],[-117.5145952,33.8556016],[-117.5145952,33.8556012],[-117.5145952,33.8555989],[-117.5145953,33.8555894],[-117.5145954,33.8555878],[-117.5145955,33.8555716],[-117.5145956,33.8555663],[-117.5145956,33.8555657],[-117.5145957,33.8555538],[-117.5145958,33.8555502],[-117.5145959,33.8555419],[-117.514596,33.8555342],[-117.514596,33.8555301],[-117.5145961,33.8555182],[-117.5145962,33.855518],[-117.5145963,33.8555064],[-117.5145963,33.8555019],[-117.5145964,33.8554945],[-117.5145964,33.8554937],[-117.5145965,33.8554829],[-117.5145966,33.8554768],[-117.5145966,33.8554749],[-117.5145967,33.8554708],[-117.5145967,33.8554668],[-117.5145968,33.8554642],[-117.5145968,33.8554615],[-117.5145968,33.855459],[-117.5145968,33.8554588],[-117.5145969,33.8554534],[-117.5145969,33.8554508],[-117.5145969,33.8554481],[-117.514597,33.8554427],[-117.514597,33.8554412],[-117.514597,33.8554401],[-117.5145971,33.8554347],[-117.5145971,33.855432],[-117.5145972,33.8554294],[-117.5145972,33.8554267],[-117.5145972,33.8554234],[-117.5145973,33.8554213],[-117.5145973,33.8554175],[-117.5145973,33.8554159],[-117.5145973,33.8554133],[-117.5145974,33.8554079],[-117.5145974,33.8554057],[-117.5145974,33.8554052],[-117.5145975,33.8553997],[-117.5145975,33.8553972],[-117.5145976,33.8553945],[-117.5145976,33.8553938],[-117.5145976,33.8553892],[-117.5145976,33.8553879],[-117.5145977,33.8553838],[-117.5145977,33.8553811],[-117.5145978,33.855376],[-117.5145978,33.8553758],[-117.5145978,33.8553704],[-117.5145978,33.8553701],[-117.5145979,33.8553677],[-117.5145979,33.8553642],[-117.5145979,33.8553624],[-117.514598,33.8553583],[-117.514598,33.855357],[-117.514598,33.8553543],[-117.514598,33.8553523],[-117.514598,33.8553517],[-117.5145981,33.8553464],[-117.5145981,33.8553463],[-117.5145981,33.8553436],[-117.5145982,33.8553422],[-117.5145982,33.8553383],[-117.5145983,33.8553329],[-117.5145983,33.8553302],[-117.5145983,33.8553275],[-117.5145983,33.8553249],[-117.5145984,33.8553222],[-117.5145984,33.8553168],[-117.5145985,33.8553142],[-117.5145985,33.8553115],[-117.5145986,33.8553061],[-117.5145986,33.8553008],[-117.5145987,33.8552981],[-117.5145987,33.8552927],[-117.5145988,33.8552874],[-117.5145988,33.855282],[-117.5145989,33.8552767],[-117.514599,33.8552713],[-117.514599,33.8552659],[-117.5145991,33.8552633],[-117.5145991,33.8552579],[-117.5145992,33.8552525],[-117.5145992,33.8552499],[-117.5145993,33.8552445],[-117.5145993,33.8552418],[-117.5145994,33.8552365],[-117.5145994,33.8552311],[-117.5145995,33.8552284],[-117.5145995,33.8552258],[-117.5145995,33.8552204],[-117.5145996,33.8552177],[-117.5145996,33.8552124],[-117.5145997,33.855207],[-117.5145997,33.8552043],[-117.5145998,33.855199],[-117.5145998,33.8551963],[-117.5145999,33.8551909],[-117.5145999,33.8551883],[-117.5145999,33.8551856],[-117.5146,33.8551829],[-117.5146,33.8551775],[-117.5146001,33.8551722],[-117.5146001,33.8551695],[-117.5146002,33.8551668],[-117.5146002,33.8551615],[-117.5146002,33.8551588],[-117.5146003,33.8551534],[-117.5146003,33.8551508],[-117.5146004,33.8551454],[-117.5146005,33.85514],[-117.5146005,33.8551347],[-117.5146006,33.855132],[-117.5146006,33.8551293],[-117.5146007,33.8551212],[-117.5146007,33.8551186],[-117.5146008,33.8551132],[-117.5146008,33.8551078],[-117.5146009,33.8551025],[-117.5146009,33.8550971],[-117.514601,33.8550918],[-117.514601,33.8550891],[-117.5146011,33.8550864],[-117.5146012,33.8550784],[-117.5146012,33.8550757],[-117.5146012,33.855073],[-117.5146013,33.8550676],[-117.5146013,33.8550649],[-117.5146013,33.8550622],[-117.5146014,33.8550569],[-117.5146014,33.8550542],[-117.5146015,33.8550515],[-117.5146015,33.8550489],[-117.5146015,33.8550462],[-117.5146016,33.8550435],[-117.5146016,33.8550408],[-117.5146016,33.8550381],[-117.5146017,33.8550328],[-117.5146017,33.8550301],[-117.5146017,33.8550274],[-117.5146018,33.8550247],[-117.5146018,33.8550221],[-117.5146018,33.8550194],[-117.5146019,33.855014],[-117.5146019,33.8550113],[-117.514602,33.8550059],[-117.514602,33.8550006],[-117.5146021,33.8549952],[-117.5146022,33.8549872],[-117.5146022,33.8549845],[-117.5146023,33.8549791],[-117.5146024,33.8549737],[-117.5146024,33.8549684],[-117.5146025,33.8549603],[-117.5146025,33.8549577],[-117.5146026,33.854955],[-117.5146026,33.8549496],[-117.5146027,33.8549469],[-117.5146027,33.8549415],[-117.5146028,33.8549362],[-117.5146028,33.8549335],[-117.5146028,33.8549308],[-117.5146029,33.8549254],[-117.5146029,33.8549227],[-117.514603,33.85492],[-117.514603,33.8549146],[-117.5146031,33.8549119],[-117.5146031,33.8549093],[-117.5146031,33.8549066],[-117.5146031,33.8549039],[-117.5146032,33.8549012],[-117.5146032,33.8548986],[-117.5146032,33.8548959],[-117.5146033,33.8548905],[-117.5146033,33.8548878],[-117.5146034,33.8548852],[-117.5146034,33.8548825],[-117.5146034,33.8548798],[-117.5146035,33.8548744],[-117.5146035,33.854869],[-117.5146036,33.8548664],[-117.5146036,33.8548637],[-117.5146036,33.854861],[-117.5146037,33.8548583],[-117.5146037,33.8548556],[-117.5146037,33.854853],[-117.5146038,33.8548503],[-117.5146038,33.8548476],[-117.5146038,33.8548449],[-117.5146038,33.8548422],[-117.5146039,33.8548396],[-117.5146039,33.8548369],[-117.5146039,33.8548342],[-117.514604,33.8548315],[-117.514604,33.8548289],[-117.514604,33.8548262],[-117.5146041,33.8548235],[-117.5146041,33.8548208],[-117.5146041,33.8548181],[-117.5146042,33.8548155],[-117.5146042,33.8548128],[-117.5146042,33.8548101],[-117.5146042,33.8548074],[-117.5146043,33.8548047],[-117.5146043,33.8548021],[-117.5146043,33.8547994],[-117.5146044,33.8547967],[-117.5146044,33.854794],[-117.5146044,33.8547914],[-117.5146045,33.8547887],[-117.5146045,33.854786],[-117.5146045,33.8547806],[-117.5146046,33.854778],[-117.5146046,33.8547753],[-117.5146047,33.8547699],[-117.5146047,33.8547672],[-117.5146047,33.8547645],[-117.5146048,33.8547618],[-117.5146048,33.8547592],[-117.5146048,33.8547565],[-117.5146049,33.8547538],[-117.5146049,33.8547511],[-117.5146049,33.8547484],[-117.5146049,33.8547458],[-117.514605,33.8547431],[-117.514605,33.8547404],[-117.514605,33.8547377],[-117.5146051,33.854735],[-117.5146051,33.8547324],[-117.5146051,33.8547297],[-117.5146055,33.8546932],[-117.5146056,33.8546883],[-117.5145981,33.8546883],[-117.5145573,33.8546882],[-117.5145541,33.8546882],[-117.5145509,33.8546882],[-117.5145477,33.8546881],[-117.5145445,33.8546881],[-117.5145412,33.8546881],[-117.514538,33.8546881],[-117.5145316,33.8546881],[-117.5145284,33.8546881],[-117.5145252,33.8546881],[-117.514522,33.8546881],[-117.5145188,33.8546881],[-117.5145156,33.854688],[-117.5145091,33.854688],[-117.5145059,33.854688],[-117.5145027,33.854688],[-117.5144995,33.854688],[-117.5144962,33.854688],[-117.5144898,33.854688],[-117.5144866,33.854688],[-117.5144834,33.8546879],[-117.514477,33.8546879],[-117.5144706,33.8546879],[-117.5144673,33.8546879],[-117.5144641,33.8546879],[-117.5144609,33.8546879],[-117.5144577,33.8546879],[-117.5144545,33.8546879],[-117.5144513,33.8546878],[-117.5144481,33.8546878],[-117.5144449,33.8546878],[-117.5144417,33.8546878],[-117.5144384,33.8546878],[-117.5144352,33.8546878],[-117.514432,33.8546878],[-117.5144288,33.8546878],[-117.5144273,33.8546878],[-117.5144256,33.8546878],[-117.5144224,33.8546878],[-117.5144192,33.8546877],[-117.514416,33.8546877],[-117.5144147,33.8546877],[-117.5144128,33.8546877],[-117.5144095,33.8546877],[-117.5144063,33.8546877],[-117.5144031,33.8546877],[-117.5144021,33.8546877],[-117.5143967,33.8546877],[-117.5143935,33.8546877],[-117.5143903,33.8546877],[-117.5143894,33.8546877],[-117.5143839,33.8546876],[-117.5143774,33.8546876],[-117.5143768,33.8546876],[-117.5143742,33.8546876],[-117.514371,33.8546876],[-117.5143678,33.8546876],[-117.5143646,33.8546876],[-117.5143642,33.8546876],[-117.5143614,33.8546876],[-117.5143582,33.8546876],[-117.5143581,33.8546876],[-117.5143549,33.8546875],[-117.5143517,33.8546875],[-117.5143515,33.8546875],[-117.5143389,33.8546875],[-117.5143263,33.8546875],[-117.5143137,33.8546874],[-117.514301,33.8546874],[-117.5142884,33.8546873],[-117.5142758,33.8546873],[-117.5142631,33.8546873],[-117.5142505,33.8546872],[-117.5142379,33.8546872],[-117.5142255,33.8546871],[-117.5142128,33.8546871],[-117.5142002,33.8546871],[-117.5141876,33.854687],[-117.5141749,33.854687],[-117.5141623,33.8546869],[-117.5141497,33.8546869],[-117.5141371,33.8546869],[-117.5141244,33.8546868],[-117.5141118,33.8546868],[-117.5140992,33.8546867],[-117.5140865,33.8546867],[-117.5140613,33.8546866],[-117.5140487,33.8546866],[-117.514036,33.8546866],[-117.5140234,33.8546865],[-117.5140108,33.8546865],[-117.5139981,33.8546864],[-117.5139855,33.8546864],[-117.5139729,33.8546864],[-117.5139603,33.8546863],[-117.5139476,33.8546863],[-117.513935,33.8546862],[-117.5139224,33.8546862],[-117.5139097,33.8546862],[-117.5138969,33.8546861],[-117.5138843,33.8546861],[-117.513859,33.854686],[-117.5138464,33.854686],[-117.5138338,33.8546859],[-117.5138211,33.8546859],[-117.5138083,33.8546858],[-117.5137831,33.8546858],[-117.5137704,33.8546857],[-117.5137578,33.8546857],[-117.5137325,33.8546856],[-117.5137199,33.8546856],[-117.5137073,33.8546855],[-117.5136947,33.8546855],[-117.513682,33.8546854],[-117.5136694,33.8546854],[-117.5136568,33.8546854],[-117.5136442,33.8546853],[-117.5136315,33.8546853],[-117.5136189,33.8546852],[-117.5136063,33.8546852],[-117.5135936,33.8546852],[-117.513581,33.8546851],[-117.5135684,33.8546851],[-117.5135558,33.854685],[-117.5135431,33.854685],[-117.5135305,33.854685],[-117.5135179,33.8546849],[-117.5135052,33.8546849],[-117.51348,33.8546848],[-117.5134674,33.8546848],[-117.5134421,33.8546847],[-117.5134295,33.8546847],[-117.5134168,33.8546846],[-117.5134042,33.8546846],[-117.5133916,33.8546845],[-117.513379,33.8546845],[-117.5133663,33.8546845],[-117.5133537,33.8546844],[-117.5133411,33.8546844],[-117.5133284,33.8546843],[-117.5133158,33.8546843],[-117.5133032,33.8546843],[-117.5132906,33.8546842],[-117.5132779,33.8546842],[-117.5132653,33.8546841],[-117.5132527,33.8546841],[-117.51324,33.8546841],[-117.5132274,33.854684],[-117.5132022,33.8546839],[-117.5131895,33.8546839],[-117.5131769,33.8546839],[-117.5131516,33.8546838],[-117.513139,33.8546837],[-117.5131262,33.8546837],[-117.5131009,33.8546836],[-117.5130757,33.8546835],[-117.513063,33.8546835],[-117.5130504,33.8546835],[-117.5130378,33.8546834],[-117.5130252,33.8546834],[-117.5130125,33.8546833],[-117.5129999,33.8546833],[-117.5129873,33.8546833],[-117.5129746,33.8546832],[-117.512962,33.8546832],[-117.5129494,33.8546831],[-117.5129368,33.8546831],[-117.5129241,33.8546831],[-117.5129115,33.854683],[-117.5128989,33.854683],[-117.5128862,33.8546829],[-117.512861,33.8546829],[-117.5128484,33.8546828],[-117.5128357,33.8546828],[-117.5128231,33.8546827],[-117.5128103,33.8546827],[-117.5127976,33.8546827],[-117.512785,33.8546826],[-117.5127724,33.8546826],[-117.5127598,33.8546826],[-117.5127471,33.8546825],[-117.5127345,33.8546825],[-117.5127219,33.8546824],[-117.5126966,33.8546824],[-117.512684,33.8546823],[-117.5126714,33.8546823],[-117.5126587,33.8546822],[-117.5126461,33.8546822],[-117.5126208,33.8546821],[-117.5126082,33.8546821],[-117.5125956,33.854682],[-117.512583,33.854682],[-117.5125703,33.854682],[-117.5125577,33.8546819],[-117.5125451,33.8546819],[-117.5125324,33.8546818],[-117.5125198,33.8546818],[-117.5125072,33.8546818],[-117.5124946,33.8546817],[-117.5124819,33.8546817],[-117.5124693,33.8546816],[-117.5124567,33.8546816],[-117.5124441,33.8546816],[-117.5124188,33.8546815],[-117.5124062,33.8546814],[-117.5123935,33.8546814],[-117.5123809,33.8546814],[-117.5123683,33.8546813],[-117.5123557,33.8546813],[-117.5123304,33.8546812],[-117.5123051,33.8546811],[-117.5122925,33.8546811],[-117.5122673,33.854681],[-117.5122546,33.854681],[-117.512242,33.8546809],[-117.5122167,33.8546808],[-117.5122041,33.8546808],[-117.5121789,33.8546807],[-117.5121662,33.8546807],[-117.512141,33.8546806],[-117.5121029,33.8546805],[-117.5120903,33.8546804],[-117.5120776,33.8546804],[-117.5120524,33.8546803],[-117.5120271,33.8546803],[-117.5120145,33.8546802],[-117.5119892,33.8546801],[-117.5119766,33.8546801],[-117.5119513,33.85468],[-117.5119387,33.85468],[-117.5119261,33.8546799],[-117.5119008,33.8546799],[-117.5118882,33.8546798],[-117.5118754,33.8546798],[-117.5118499,33.8546797],[-117.5118373,33.8546797],[-117.5118247,33.8546796],[-117.511812,33.8546796],[-117.5117994,33.8546795],[-117.5117868,33.8546795],[-117.5117615,33.8546794],[-117.5117489,33.8546794],[-117.5117363,33.8546793],[-117.5117236,33.8546793],[-117.511711,33.8546793],[-117.5116984,33.8546792],[-117.5116857,33.8546792],[-117.5116731,33.8546791],[-117.5116605,33.8546791],[-117.5116479,33.8546791],[-117.5116352,33.854679],[-117.5116226,33.854679],[-117.51161,33.8546789],[-117.5115847,33.8546789],[-117.5115721,33.8546788],[-117.5115595,33.8546788],[-117.5115468,33.8546787],[-117.5115342,33.8546787],[-117.5115216,33.8546787],[-117.5115089,33.8546786],[-117.5114837,33.8546785],[-117.5114584,33.8546785],[-117.5114458,33.8546784],[-117.5114332,33.8546784],[-117.5114205,33.8546783],[-117.5114079,33.8546783],[-117.5113953,33.8546783],[-117.5113827,33.8546782],[-117.51137,33.8546782],[-117.5113574,33.8546781],[-117.5113448,33.8546781],[-117.5113322,33.8546781],[-117.5113195,33.854678],[-117.5113069,33.854678],[-117.5112816,33.8546779],[-117.511269,33.8546779],[-117.5112564,33.8546778],[-117.5112442,33.8546778],[-117.5112438,33.8546778],[-117.5112315,33.8546777],[-117.5112189,33.8546777],[-117.5112063,33.8546777],[-117.5111936,33.8546776],[-117.511181,33.8546776],[-117.5111684,33.8546776],[-117.5111558,33.8546775],[-117.5111305,33.8546774],[-117.5111052,33.8546774],[-117.5110926,33.8546773],[-117.51108,33.8546773],[-117.5110674,33.8546772],[-117.5110421,33.8546772],[-117.5109411,33.8546768],[-117.5109158,33.8546768],[-117.5109032,33.8546767],[-117.5108906,33.8546767],[-117.5108779,33.8546766],[-117.5108653,33.8546766],[-117.5108527,33.8546766],[-117.51084,33.8546765],[-117.5108148,33.8546764],[-117.5108022,33.8546764],[-117.5107895,33.8546764],[-117.5107769,33.8546763],[-117.5107643,33.8546763],[-117.5107514,33.8546762],[-117.5107388,33.8546762],[-117.5107262,33.8546762],[-117.5107136,33.8546761],[-117.5107009,33.8546761],[-117.5106883,33.854676],[-117.5106628,33.854676],[-117.5106376,33.8546759],[-117.510625,33.8546758],[-117.5105997,33.8546758],[-117.5105871,33.8546757],[-117.5105744,33.8546757],[-117.5105618,33.8546756],[-117.510379,33.8546751],[-117.5101954,33.8546745],[-117.5101828,33.8546745],[-117.5101701,33.8546744],[-117.5101575,33.8546744],[-117.5101323,33.8546743],[-117.510107,33.8546742],[-117.5100817,33.8546741],[-117.5100691,33.8546741],[-117.5100565,33.8546741],[-117.5100439,33.854674],[-117.5100312,33.854674],[-117.5100186,33.8546739],[-117.510006,33.8546739],[-117.5099933,33.8546739],[-117.5099807,33.8546738],[-117.5099681,33.8546738],[-117.5099553,33.8546737],[-117.5099426,33.8546737],[-117.5099298,33.8546737],[-117.5099043,33.8546736],[-117.5098917,33.8546735],[-117.5098791,33.8546735],[-117.5098665,33.8546735],[-117.5098538,33.8546734],[-117.5098412,33.8546734],[-117.5098286,33.8546733],[-117.5098159,33.8546733],[-117.5098031,33.8546733],[-117.5097905,33.8546732],[-117.509765,33.8546731],[-117.5097524,33.8546731],[-117.5097398,33.8546731],[-117.5097271,33.854673],[-117.5097019,33.8546729],[-117.5096766,33.8546729],[-117.5096514,33.8546728],[-117.5096387,33.8546727],[-117.5096133,33.8546727],[-117.5096005,33.8546726],[-117.5095752,33.8546725],[-117.5095245,33.8546724],[-117.5094992,33.8546723],[-117.5094738,33.8546722],[-117.5094359,33.8546721],[-117.5094233,33.854672],[-117.509398,33.854672],[-117.5093727,33.8546719],[-117.5093601,33.8546718],[-117.5093347,33.8546718],[-117.5093094,33.8546717],[-117.5092839,33.8546716],[-117.5092587,33.8546715],[-117.5092461,33.8546715],[-117.5092334,33.8546714],[-117.5092082,33.8546714],[-117.5091829,33.8546713],[-117.5091703,33.8546712],[-117.5091575,33.8546712],[-117.5091448,33.8546712],[-117.5091322,33.8546711],[-117.5091196,33.8546711],[-117.5091069,33.854671],[-117.5091067,33.854671],[-117.5090941,33.854671],[-117.5090815,33.854671],[-117.5090689,33.8546709],[-117.5090436,33.8546708],[-117.509031,33.8546708],[-117.5090183,33.8546708],[-117.5090057,33.8546707],[-117.5089931,33.8546707],[-117.5089805,33.8546706],[-117.5089552,33.8546706],[-117.5089426,33.8546705],[-117.5089299,33.8546705],[-117.5089173,33.8546704],[-117.5089047,33.8546704],[-117.5088794,33.8546703],[-117.5088668,33.8546703],[-117.5088415,33.8546702],[-117.5088289,33.8546702],[-117.5088037,33.8546701],[-117.508791,33.85467],[-117.5087784,33.85467],[-117.5087658,33.85467],[-117.5087405,33.8546699],[-117.5087279,33.8546698],[-117.50869,33.8546697],[-117.5086774,33.8546697],[-117.5086521,33.8546696],[-117.5086395,33.8546696],[-117.5086269,33.8546695],[-117.5086142,33.8546695],[-117.5086016,33.8546694],[-117.508589,33.8546694],[-117.5085764,33.8546694],[-117.5085511,33.8546693],[-117.5085385,33.8546692],[-117.5085132,33.8546692],[-117.5085006,33.8546691],[-117.508488,33.8546691],[-117.5084753,33.854669],[-117.5084501,33.854669],[-117.5084374,33.8546689],[-117.5084122,33.8546688],[-117.5083869,33.8546688],[-117.5083743,33.8546687],[-117.5083492,33.8546686],[-117.5083366,33.8546686],[-117.508324,33.8546686],[-117.5083114,33.8546685],[-117.5082987,33.8546685],[-117.5082735,33.8546684],[-117.5082608,33.8546684],[-117.5082482,33.8546683],[-117.5082356,33.8546683],[-117.508223,33.8546682],[-117.5082103,33.8546682],[-117.5081977,33.8546682],[-117.5081851,33.8546681],[-117.5081598,33.854668],[-117.5081472,33.854668],[-117.5081219,33.8546679],[-117.5081093,33.8546679],[-117.5080967,33.8546678],[-117.508084,33.8546678],[-117.5080714,33.8546678],[-117.5080462,33.8546677],[-117.5080209,33.8546676],[-117.5080083,33.8546676],[-117.5079956,33.8546675],[-117.507983,33.8546675],[-117.5079704,33.8546674],[-117.5079578,33.8546674],[-117.5079451,33.8546674],[-117.5079325,33.8546673],[-117.5079199,33.8546673],[-117.5079072,33.8546672],[-117.507882,33.8546672],[-117.5078694,33.8546671],[-117.5078567,33.8546671],[-117.5078441,33.854667],[-117.5078315,33.854667],[-117.5078062,33.8546669],[-117.5077936,33.8546669],[-117.507781,33.8546668],[-117.5077683,33.8546668],[-117.5077557,33.8546668],[-117.5077305,33.8546667],[-117.5077178,33.8546666],[-117.5077052,33.8546666],[-117.5076926,33.8546666],[-117.5076673,33.8546665],[-117.5076547,33.8546664],[-117.5076294,33.8546664],[-117.5076168,33.8546663],[-117.5076042,33.8546663],[-117.5075915,33.8546662],[-117.5075663,33.8546662],[-117.507541,33.8546661],[-117.5075286,33.854666],[-117.507516,33.854666],[-117.5075033,33.854666],[-117.5074907,33.8546659],[-117.5074781,33.8546659],[-117.5074655,33.8546658],[-117.5074528,33.8546658],[-117.5074402,33.8546658],[-117.5074149,33.8546657],[-117.5074023,33.8546656],[-117.5073897,33.8546656],[-117.5073771,33.8546656],[-117.5073644,33.8546655],[-117.5073518,33.8546655],[-117.5073392,33.8546654],[-117.5073139,33.8546654],[-117.5073013,33.8546653],[-117.5072887,33.8546653],[-117.507276,33.8546652],[-117.5072634,33.8546652],[-117.5072508,33.8546652],[-117.5072381,33.8546651],[-117.5072255,33.8546651],[-117.5072003,33.854665],[-117.5071876,33.854665],[-117.5071624,33.8546649],[-117.5071497,33.8546648],[-117.5071371,33.8546648],[-117.5071245,33.8546648],[-117.5071119,33.8546647],[-117.5070992,33.8546647],[-117.5070866,33.8546646],[-117.5070613,33.8546646],[-117.5070487,33.8546645],[-117.5070361,33.8546645],[-117.5070235,33.8546644],[-117.5070108,33.8546644],[-117.5069856,33.8546643],[-117.5069729,33.8546643],[-117.5069603,33.8546642],[-117.5069351,33.8546642],[-117.5069098,33.8546641],[-117.5068845,33.854664],[-117.5068719,33.854664],[-117.5068467,33.8546639],[-117.506834,33.8546638],[-117.5067961,33.8546637],[-117.5067835,33.8546637],[-117.5067709,33.8546636],[-117.5067583,33.8546636],[-117.506733,33.8546635],[-117.5067204,33.8546635],[-117.5067078,33.8546634],[-117.5066951,33.8546634],[-117.5066825,33.8546634],[-117.5066699,33.8546633],[-117.5066572,33.8546633],[-117.5066446,33.8546632],[-117.506632,33.8546632],[-117.5066194,33.8546632],[-117.5066067,33.8546631],[-117.5065941,33.8546631],[-117.5065815,33.854663],[-117.5065688,33.854663],[-117.5065562,33.854663],[-117.506531,33.8546629],[-117.5065183,33.8546628],[-117.5065057,33.8546628],[-117.5064931,33.8546628],[-117.5064804,33.8546627],[-117.5064678,33.8546627],[-117.5064552,33.8546626],[-117.5064426,33.8546626],[-117.5064299,33.8546626],[-117.5064047,33.8546625],[-117.506392,33.8546624],[-117.5063794,33.8546624],[-117.5063668,33.8546624],[-117.5063542,33.8546623],[-117.5063523,33.8546623],[-117.5063455,33.8546623],[-117.5063454,33.8546623],[-117.5063415,33.8546623],[-117.5063387,33.8546623],[-117.5063318,33.8546622],[-117.5063289,33.8546622],[-117.5063249,33.8546622],[-117.5063181,33.8546622],[-117.5063163,33.8546622],[-117.5063112,33.8546622],[-117.5063036,33.8546622],[-117.5062975,33.8546621],[-117.506291,33.8546621],[-117.5062838,33.8546621],[-117.5062769,33.8546621],[-117.50627,33.854662],[-117.5062658,33.854662],[-117.5062632,33.854662],[-117.5062563,33.854662],[-117.5062531,33.854662],[-117.5062426,33.854662],[-117.5062405,33.854662],[-117.5062357,33.8546619],[-117.5062289,33.8546619],[-117.5062279,33.8546619],[-117.506222,33.8546619],[-117.5062151,33.8546619],[-117.5062083,33.8546618],[-117.5062014,33.8546618],[-117.5061945,33.8546618],[-117.5061877,33.8546618],[-117.5061808,33.8546618],[-117.506174,33.8546617],[-117.5061671,33.8546617],[-117.5061602,33.8546617],[-117.5061534,33.8546617],[-117.5061396,33.8546616],[-117.5061328,33.8546616],[-117.5061259,33.8546616],[-117.5060466,33.8546613],[-117.5060345,33.8546613],[-117.5060352,33.8545755],[-117.5060353,33.8545698],[-117.5060353,33.854564],[-117.5060354,33.8545583],[-117.5060355,33.8545526],[-117.5060356,33.8545411],[-117.5060356,33.8545354],[-117.5060357,33.8545297],[-117.5060357,33.854524],[-117.5060358,33.8545182],[-117.5060358,33.8545125],[-117.5060359,33.8545068],[-117.5060359,33.8545011],[-117.506036,33.8544953],[-117.506036,33.8544896],[-117.5060361,33.8544782],[-117.5060362,33.8544724],[-117.5060362,33.8544667],[-117.5060363,33.854461],[-117.5060364,33.8544495],[-117.5060364,33.8544438],[-117.5060365,33.8544381],[-117.5060365,33.8544324],[-117.5060366,33.8544266],[-117.5060366,33.8544209],[-117.5060367,33.8544152],[-117.5060367,33.8544095],[-117.5060368,33.8544037],[-117.5060369,33.8543923],[-117.506037,33.8543866],[-117.506037,33.8543808],[-117.5060371,33.8543751],[-117.5060371,33.8543694],[-117.5060372,33.8543637],[-117.5060372,33.8543579],[-117.5060373,33.8543465],[-117.5060374,33.8543408],[-117.5060374,33.854335],[-117.5060375,33.8543293],[-117.5060375,33.8543236],[-117.5060376,33.8543178],[-117.5060376,33.8543121],[-117.5060377,33.8543064],[-117.5060377,33.8543007],[-117.5060378,33.8542949],[-117.5060378,33.8542892],[-117.5060379,33.8542835],[-117.5060379,33.8542778],[-117.506038,33.854272],[-117.506038,33.8542663],[-117.5060381,33.8542606],[-117.5060382,33.8542549],[-117.5060383,33.8542434],[-117.5060383,33.8542377],[-117.5060384,33.854232],[-117.5060385,33.8542205],[-117.5060386,33.8542091],[-117.5060386,33.8542033],[-117.5060387,33.8541976],[-117.5060388,33.8541862],[-117.5060388,33.8541804],[-117.5060389,33.854169],[-117.506039,33.8541575],[-117.5060391,33.8541518],[-117.5060392,33.8541404],[-117.5060393,33.8541289],[-117.5060393,33.8541232],[-117.5060395,33.854106],[-117.5060396,33.8540946],[-117.5060397,33.8540888],[-117.5060398,33.8540774],[-117.5060399,33.8540659],[-117.50604,33.8540488],[-117.5060401,33.854043],[-117.5060402,33.8540316],[-117.5060402,33.8540259],[-117.5060403,33.8540201],[-117.5060403,33.8540144],[-117.5060404,33.854003],[-117.5060405,33.8539972],[-117.5060405,33.8539915],[-117.5060406,33.8539858],[-117.5060407,33.8539743],[-117.5060407,33.8539686],[-117.5060408,33.8539629],[-117.5060409,33.8539572],[-117.5060409,33.8539514],[-117.506041,33.8539457],[-117.5060411,33.8539343],[-117.5060411,33.8539285],[-117.5060412,33.8539228],[-117.5060412,33.8539171],[-117.5060413,33.8539114],[-117.5060413,33.8539056],[-117.5060414,33.8538999],[-117.5060414,33.8538998],[-117.5060414,33.8538941],[-117.5060415,33.8538883],[-117.5060416,33.8538769],[-117.5060416,33.8538712],[-117.5060417,33.8538654],[-117.5060417,33.8538597],[-117.5060418,33.853854],[-117.5060419,33.8538425],[-117.5060419,33.8538368],[-117.506042,33.8538254],[-117.5060421,33.8538196],[-117.5060422,33.8538082],[-117.5060422,33.8538025],[-117.5060424,33.853791],[-117.5060425,33.8537796],[-117.5060426,33.8537681],[-117.5060426,33.8537624],[-117.5060427,33.8537509],[-117.5060428,33.8537395],[-117.506043,33.8537223],[-117.5060431,33.8537109],[-117.5060432,33.8536994],[-117.5060433,33.853688],[-117.5060434,33.8536708],[-117.5060435,33.8536593],[-117.5060437,33.8536479],[-117.5060438,33.8536364],[-117.5060439,33.853625],[-117.506044,33.8536135],[-117.5060441,33.8536021],[-117.5060442,33.8535906],[-117.5060442,33.8535849],[-117.5060443,33.8535735],[-117.5060444,33.8535677],[-117.5060444,33.853562],[-117.5060445,33.8535563],[-117.5060445,33.8535506],[-117.5060446,33.8535448],[-117.5060446,33.8535391],[-117.5060447,33.8535334],[-117.5060447,33.8535277],[-117.5060448,33.8535219],[-117.5060448,33.8535162],[-117.5060449,33.8535105],[-117.506045,33.853499],[-117.5060451,33.8534933],[-117.5060452,33.8534819],[-117.5060452,33.8534761],[-117.5060453,33.8534704],[-117.5060454,33.853459],[-117.5060454,33.8534532],[-117.5060455,33.8534418],[-117.5060456,33.8534303],[-117.5060457,33.8534246],[-117.5060458,33.8534132],[-117.5060459,33.8534017],[-117.506046,33.8533903],[-117.5060461,33.8533788],[-117.5060462,33.8533674],[-117.5060462,33.8533616],[-117.5060464,33.8533445],[-117.5060465,33.853333],[-117.5060466,33.8533273],[-117.5060467,33.8533158],[-117.5060468,33.8532987],[-117.5060469,33.8532872],[-117.506047,33.8532758],[-117.5060472,33.8532586],[-117.5060473,33.8532471],[-117.5060473,33.8532414],[-117.5060474,33.8532299],[-117.5060475,33.8532185],[-117.5060476,33.853207],[-117.5060477,33.8532013],[-117.5060478,33.8531899],[-117.5060479,33.8531784],[-117.506048,33.853167],[-117.5060481,33.8531612],[-117.5060482,33.8531498],[-117.5060482,33.8531441],[-117.5060483,33.8531383],[-117.5060484,33.8531212],[-117.5060485,33.8531154],[-117.5060485,33.8531097],[-117.5060486,33.853104],[-117.5060486,33.8530983],[-117.5060487,33.8530925],[-117.5060488,33.8530811],[-117.5060488,33.8530754],[-117.5060489,33.8530639],[-117.506049,33.8530582],[-117.506049,33.8530525],[-117.5060491,33.8530467],[-117.5060492,33.853041],[-117.5060492,33.8530353],[-117.5060493,33.8530296],[-117.5060494,33.8530181],[-117.5060494,33.8530124],[-117.5060495,33.8530067],[-117.5060496,33.8529952],[-117.5060497,33.8529838],[-117.5060497,33.852978],[-117.5060499,33.8529609],[-117.50605,33.8529494],[-117.50605,33.8529437],[-117.5060501,33.852938],[-117.5060502,33.8529265],[-117.5060502,33.8529208],[-117.5060503,33.8529151],[-117.5060504,33.8529036],[-117.5060505,33.8528922],[-117.5060506,33.8528807],[-117.5060507,33.852875],[-117.5060508,33.8528635],[-117.5060508,33.8528578],[-117.5060509,33.8528521],[-117.5060509,33.8528464],[-117.506051,33.8528349],[-117.5060511,33.8528292],[-117.5060511,33.8528235],[-117.5060512,33.852812],[-117.5060512,33.8528119],[-117.5060513,33.8528062],[-117.5060513,33.8528004],[-117.5060514,33.8527947],[-117.5060514,33.852789],[-117.5060515,33.8527833],[-117.5060515,33.8527775],[-117.5060516,33.8527718],[-117.5060516,33.8527661],[-117.5060517,33.8527546],[-117.5060518,33.8527489],[-117.5060519,33.8527432],[-117.5060519,33.8527375],[-117.506052,33.8527317],[-117.506052,33.852726],[-117.5060521,33.8527203],[-117.5060521,33.8527146],[-117.5060522,33.8527088],[-117.5060522,33.8527031],[-117.5060523,33.8526974],[-117.5060523,33.8526917],[-117.5060524,33.8526859],[-117.5060525,33.8526745],[-117.5060525,33.8526688],[-117.5060527,33.8526516],[-117.5060527,33.8526459],[-117.5060528,33.8526401],[-117.5060528,33.8526344],[-117.5060529,33.8526287],[-117.506053,33.8526172],[-117.506053,33.8526115],[-117.5060531,33.8526058],[-117.5060532,33.8525943],[-117.5060533,33.8525886],[-117.5060534,33.8525772],[-117.5060534,33.8525714],[-117.5060535,33.85256],[-117.5060536,33.8525543],[-117.5060537,33.8525428],[-117.5060537,33.8525371],[-117.5060538,33.8525256],[-117.5060539,33.8525199],[-117.506054,33.8525085],[-117.506054,33.8525027],[-117.5060541,33.8524913],[-117.5060542,33.8524856],[-117.5060542,33.8524798],[-117.5060543,33.8524741],[-117.5060544,33.8524625],[-117.5060544,33.8524568],[-117.5060545,33.8524511],[-117.5060545,33.8524454],[-117.5060546,33.8524396],[-117.5060547,33.8524339],[-117.5060547,33.8524282],[-117.5060548,33.8524225],[-117.5060548,33.8524167],[-117.5060549,33.8524053],[-117.506055,33.8523996],[-117.506055,33.8523938],[-117.5060551,33.8523881],[-117.5060551,33.8523824],[-117.5060552,33.8523709],[-117.5060553,33.8523652],[-117.5060554,33.8523538],[-117.5060555,33.8523423],[-117.5060555,33.8523366],[-117.5060556,33.8523309],[-117.5060557,33.8523194],[-117.5060558,33.852308],[-117.5060558,33.8523022],[-117.506056,33.8522908],[-117.5060561,33.8522793],[-117.5060561,33.8522736],[-117.5060562,33.8522622],[-117.5060563,33.8522564],[-117.5060564,33.852245],[-117.5060564,33.8522393],[-117.5060565,33.8522278],[-117.5060566,33.852222],[-117.5060567,33.8522105],[-117.5060567,33.8522104],[-117.5060567,33.8522047],[-117.5060568,33.8521932],[-117.5060569,33.8521875],[-117.5060569,33.8521818],[-117.506057,33.8521702],[-117.5060571,33.8521645],[-117.5060572,33.8521588],[-117.5060573,33.8521473],[-117.5060573,33.8521416],[-117.5060574,33.8521301],[-117.5060575,33.8521244],[-117.5060576,33.852113],[-117.5060576,33.8521072],[-117.5060577,33.8520958],[-117.5060578,33.8520901],[-117.5060578,33.8520843],[-117.5060579,33.8520729],[-117.506058,33.8520672],[-117.506058,33.8520613],[-117.5060581,33.8520556],[-117.5060582,33.8520442],[-117.5060583,33.8520327],[-117.5060583,33.852027],[-117.5060584,33.8520213],[-117.5060585,33.8520098],[-117.5060586,33.852004],[-117.5060586,33.8519982],[-117.5060587,33.8519925],[-117.5060587,33.8519868],[-117.5060588,33.8519811],[-117.5060588,33.8519753],[-117.5060589,33.8519696],[-117.5060589,33.8519639],[-117.506059,33.8519524],[-117.5060591,33.8519466],[-117.5060591,33.8519409],[-117.5060592,33.8519352],[-117.5060592,33.8519294],[-117.5060592,33.8519293],[-117.5060593,33.8519236],[-117.5060593,33.8519179],[-117.5060593,33.8519178],[-117.5060594,33.851912],[-117.5060594,33.8519119],[-117.5060595,33.8519062],[-117.5060595,33.8519005],[-117.5060596,33.8518947],[-117.5060596,33.851889],[-117.5060597,33.8518833],[-117.5060597,33.8518776],[-117.5060598,33.8518718],[-117.5060598,33.8518661],[-117.5060599,33.8518604],[-117.5060599,33.8518547],[-117.50606,33.8518489],[-117.50606,33.8518432],[-117.5060601,33.8518318],[-117.5060602,33.851826],[-117.5060603,33.8518146],[-117.5060603,33.8518089],[-117.5060604,33.8518031],[-117.5060605,33.8517917],[-117.5060605,33.851786],[-117.5060606,33.8517802],[-117.5060607,33.8517745],[-117.5060607,33.8517688],[-117.5060608,33.8517573],[-117.5060609,33.8517516],[-117.506061,33.8517402],[-117.506061,33.8517354],[-117.506061,33.8517353],[-117.506061,33.8517344],[-117.5060611,33.8517296],[-117.5060611,33.8517287],[-117.5060611,33.8517238],[-117.5060611,33.8517237],[-117.5060611,33.8517229],[-117.5060612,33.8517179],[-117.5060612,33.8517171],[-117.5060612,33.8517122],[-117.5060612,33.8517121],[-117.5060612,33.8517114],[-117.5060613,33.8517064],[-117.5060613,33.8517057],[-117.5060613,33.8517006],[-117.5060613,33.8517],[-117.5060614,33.8516949],[-117.5060614,33.8516942],[-117.5060614,33.8516892],[-117.5060614,33.8516885],[-117.5060615,33.8516835],[-117.5060615,33.8516828],[-117.5060615,33.8516777],[-117.5060615,33.8516771],[-117.5060616,33.851672],[-117.5060616,33.8516713],[-117.5060616,33.8516663],[-117.5060616,33.8516655],[-117.5060616,33.8516654],[-117.5060617,33.8516606],[-117.5060617,33.8516597],[-117.5060617,33.8516548],[-117.5060617,33.8516539],[-117.5060618,33.8516491],[-117.5060618,33.851649],[-117.5060618,33.8516482],[-117.5060618,33.8516433],[-117.5060619,33.8516425],[-117.5060619,33.8516376],[-117.5060619,33.8516368],[-117.5060619,33.8516317],[-117.506062,33.851631],[-117.506062,33.851626],[-117.506062,33.8516253],[-117.5060621,33.8516203],[-117.5060621,33.8516196],[-117.5060621,33.8516145],[-117.5060621,33.8516139],[-117.5060622,33.8516088],[-117.5060622,33.8516087],[-117.5060622,33.8516081],[-117.5060622,33.851603],[-117.5060622,33.8516024],[-117.5060623,33.8515973],[-117.5060623,33.8515967],[-117.5060623,33.8515915],[-117.5060623,33.851591],[-117.5060624,33.8515858],[-117.5060624,33.8515852],[-117.5060624,33.8515801],[-117.5060625,33.8515744],[-117.5060625,33.8515738],[-117.5060625,33.8515686],[-117.5060625,33.8515681],[-117.5060626,33.8515629],[-117.5060626,33.8515623],[-117.5060626,33.8515572],[-117.5060626,33.8515566],[-117.5060627,33.8515513],[-117.5060627,33.8515509],[-117.5060627,33.8515456],[-117.5060627,33.8515452],[-117.5060628,33.8515399],[-117.5060628,33.8515394],[-117.5060628,33.8515342],[-117.5060628,33.8515341],[-117.5060628,33.8515337],[-117.5060629,33.8515283],[-117.5060629,33.851528],[-117.5060629,33.8515226],[-117.5060629,33.8515223],[-117.506063,33.8515169],[-117.506063,33.8515165],[-117.506063,33.8515112],[-117.506063,33.8515108],[-117.5060631,33.8515051],[-117.5060631,33.8514996],[-117.5060631,33.8514995],[-117.5060631,33.8514994],[-117.5060632,33.8514938],[-117.5060632,33.8514936],[-117.5060632,33.851488],[-117.5060633,33.8514879],[-117.5060633,33.8514823],[-117.5060633,33.8514822],[-117.5060634,33.8514766],[-117.5060634,33.8514765],[-117.5060634,33.8514709],[-117.5060634,33.8514707],[-117.5060635,33.8514652],[-117.5060635,33.8514651],[-117.5060635,33.851465],[-117.5060635,33.8514593],[-117.5060636,33.8514538],[-117.5060636,33.8514536],[-117.5060636,33.8514535],[-117.5060636,33.8514483],[-117.5060636,33.8514477],[-117.5060637,33.8514427],[-117.5060637,33.8514426],[-117.5060637,33.851442],[-117.5060637,33.8514369],[-117.5060637,33.8514363],[-117.5060638,33.8514312],[-117.5060638,33.8514306],[-117.5060638,33.8514304],[-117.5060638,33.8514256],[-117.5060638,33.8514247],[-117.5060639,33.85142],[-117.5060639,33.851419],[-117.5060639,33.8514143],[-117.5060639,33.8514132],[-117.506064,33.8514087],[-117.506064,33.8514074],[-117.506064,33.851403],[-117.506064,33.8514016],[-117.5060641,33.8513959],[-117.5060641,33.8513917],[-117.5060642,33.8513844],[-117.5060642,33.8513803],[-117.5060642,33.8513787],[-117.5060643,33.8513745],[-117.5060643,33.851373],[-117.5060643,33.8513688],[-117.5060643,33.8513672],[-117.5060644,33.8513631],[-117.5060644,33.8513574],[-117.5060644,33.8513558],[-117.5060645,33.8513516],[-117.5060645,33.8513501],[-117.5060645,33.8513459],[-117.5060646,33.8513443],[-117.5060646,33.8513402],[-117.5060646,33.8513345],[-117.5060647,33.851333],[-117.5060647,33.8513287],[-117.5060647,33.8513273],[-117.5060647,33.851323],[-117.5060648,33.8513173],[-117.5060648,33.8513158],[-117.5060648,33.8513116],[-117.5060649,33.8513102],[-117.5060649,33.8513058],[-117.506065,33.8513001],[-117.506065,33.8512988],[-117.506065,33.8512944],[-117.506065,33.8512931],[-117.5060651,33.8512887],[-117.5060651,33.8512874],[-117.5060651,33.8512829],[-117.5060652,33.851276],[-117.5060652,33.8512715],[-117.5060653,33.8512658],[-117.5060653,33.8512645],[-117.5060653,33.85126],[-117.5060653,33.8512589],[-117.5060654,33.8512543],[-117.5060654,33.8512532],[-117.5060654,33.8512486],[-117.5060654,33.8512475],[-117.5060655,33.8512429],[-117.5060655,33.8512417],[-117.5060655,33.8512371],[-117.5060655,33.851236],[-117.5060656,33.8512314],[-117.5060656,33.8512303],[-117.5060656,33.8512257],[-117.5060656,33.8512246],[-117.5060657,33.85122],[-117.5060657,33.8512188],[-117.5060657,33.8512142],[-117.5060657,33.8512131],[-117.5060658,33.8512085],[-117.5060658,33.8512074],[-117.5060658,33.8512028],[-117.5060658,33.8512017],[-117.5060659,33.8511971],[-117.5060659,33.8511959],[-117.5060659,33.8511913],[-117.5060659,33.8511902],[-117.506066,33.8511856],[-117.506066,33.8511845],[-117.506066,33.8511799],[-117.506066,33.8511788],[-117.5060661,33.8511742],[-117.5060661,33.851173],[-117.5060661,33.8511684],[-117.5060662,33.8511673],[-117.5060662,33.8511627],[-117.5060662,33.8511616],[-117.5060662,33.851157],[-117.5060663,33.8511559],[-117.5060663,33.8511513],[-117.5060663,33.8511501],[-117.5060663,33.8511455],[-117.5060664,33.8511444],[-117.5060664,33.8511398],[-117.5060664,33.8511387],[-117.5060665,33.8511284],[-117.5060665,33.8511273],[-117.5060666,33.8511226],[-117.5060666,33.8511169],[-117.5060666,33.8511159],[-117.5060667,33.8511112],[-117.5060667,33.8511111],[-117.5060667,33.8511103],[-117.5060667,33.8511053],[-117.5060667,33.8511046],[-117.5060668,33.8510996],[-117.5060668,33.8510988],[-117.5060668,33.8510939],[-117.5060668,33.8510931],[-117.5060669,33.8510882],[-117.5060669,33.8510874],[-117.5060669,33.8510824],[-117.5060669,33.8510817],[-117.506067,33.8510767],[-117.506067,33.8510759],[-117.506067,33.8510702],[-117.5060671,33.8510653],[-117.5060676,33.851011],[-117.5060678,33.8509857],[-117.5060678,33.8509808],[-117.5059638,33.850981],[-117.5059569,33.850981],[-117.50595,33.850981],[-117.5059431,33.850981],[-117.5059362,33.850981],[-117.5059294,33.8509811],[-117.5059225,33.8509811],[-117.5059156,33.8509811],[-117.5059088,33.8509811],[-117.5059019,33.8509811],[-117.5058951,33.8509811],[-117.5058881,33.8509811],[-117.5058744,33.8509811],[-117.5058675,33.8509812],[-117.5058607,33.8509812],[-117.5058538,33.8509812],[-117.5058401,33.8509812],[-117.5058332,33.8509812],[-117.5058264,33.8509812],[-117.5058195,33.8509812],[-117.5058126,33.8509812],[-117.5057989,33.8509813],[-117.505792,33.8509813],[-117.5057852,33.8509813],[-117.5057783,33.8509813],[-117.5057715,33.8509813],[-117.5057646,33.8509813],[-117.5057509,33.8509813],[-117.505744,33.8509814],[-117.5057371,33.8509814],[-117.5057303,33.8509814],[-117.5057234,33.8509814],[-117.5057097,33.8509814],[-117.5057028,33.8509814],[-117.505696,33.8509814],[-117.5056891,33.8509815],[-117.5056822,33.8509815],[-117.5056685,33.8509815],[-117.5056547,33.8509815],[-117.505641,33.8509815],[-117.5056273,33.8509816],[-117.5056135,33.8509816],[-117.5055997,33.8509816],[-117.5055929,33.8509816],[-117.505586,33.8509816],[-117.5055792,33.8509816],[-117.5055723,33.8509816],[-117.5055585,33.8509817],[-117.5055516,33.8509817],[-117.5055447,33.8509817],[-117.5055378,33.8509817],[-117.5055241,33.8509817],[-117.5055172,33.8509817],[-117.5055104,33.8509817],[-117.5054967,33.8509818],[-117.5054829,33.8509818],[-117.5054761,33.8509818],[-117.5054623,33.8509818],[-117.5054486,33.8509818],[-117.5054418,33.8509819],[-117.505428,33.8509819],[-117.5054212,33.8509819],[-117.5054143,33.8509819],[-117.5054074,33.8509819],[-117.5054006,33.8509819],[-117.5053937,33.8509819],[-117.5053868,33.8509819],[-117.50538,33.850982],[-117.5053663,33.850982],[-117.5053594,33.850982],[-117.5053525,33.850982],[-117.5053457,33.850982],[-117.5053319,33.850982],[-117.5053182,33.8509821],[-117.5053114,33.8509821],[-117.5052976,33.8509821],[-117.5052908,33.8509821],[-117.5052702,33.8509821],[-117.5052565,33.8509822],[-117.5052496,33.8509822],[-117.5052427,33.8509822],[-117.5052359,33.8509822],[-117.505229,33.8509822],[-117.5052153,33.8509822],[-117.5052084,33.8509822],[-117.5051947,33.8509823],[-117.5051878,33.8509823],[-117.505181,33.8509823],[-117.5051741,33.8509823],[-117.5051604,33.8509823],[-117.5051466,33.8509823],[-117.5051398,33.8509824],[-117.5051329,33.8509824],[-117.5051261,33.8509824],[-117.5051192,33.8509824],[-117.5051123,33.8509824],[-117.5051055,33.8509824],[-117.5050917,33.8509824],[-117.5050848,33.8509824],[-117.5050779,33.8509825],[-117.5050574,33.8509825],[-117.5050505,33.8509825],[-117.5050368,33.8509825],[-117.505023,33.8509825],[-117.5050093,33.8509826],[-117.5049887,33.8509826],[-117.5049819,33.8509826],[-117.504975,33.8509826],[-117.5049613,33.8509826],[-117.5049543,33.8509827],[-117.5049475,33.8509827],[-117.5049406,33.8509827],[-117.50492,33.8509827],[-117.5049063,33.8509827],[-117.5048926,33.8509828],[-117.5048788,33.8509828],[-117.5048651,33.8509828],[-117.5048514,33.8509828],[-117.5048377,33.8509828],[-117.5048308,33.8509829],[-117.5048239,33.8509829],[-117.504817,33.8509829],[-117.5048101,33.8509829],[-117.5048033,33.8509829],[-117.5047964,33.8509829],[-117.5047896,33.8509829],[-117.5047827,33.8509829],[-117.5047759,33.8509829],[-117.5047758,33.8509829],[-117.504769,33.850983],[-117.5047622,33.850983],[-117.5047554,33.850983],[-117.5047485,33.850983],[-117.5047417,33.850983],[-117.5047348,33.850983],[-117.5047279,33.850983],[-117.5047211,33.850983],[-117.5047142,33.850983],[-117.5047073,33.8509831],[-117.5047005,33.8509831],[-117.5046937,33.8509831],[-117.5046868,33.8509831],[-117.50468,33.8509831],[-117.5046732,33.8509831],[-117.5046663,33.8509831],[-117.5046594,33.8509831],[-117.5046526,33.8509831],[-117.5046457,33.8509832],[-117.5046388,33.8509832],[-117.504632,33.8509832],[-117.5046183,33.8509832],[-117.5046114,33.8509832],[-117.5046046,33.8509832],[-117.5045977,33.8509832],[-117.5045909,33.8509833],[-117.504584,33.8509833],[-117.5045771,33.8509833],[-117.5045703,33.8509833],[-117.5045634,33.8509833],[-117.5045566,33.8509833],[-117.5045497,33.8509833],[-117.5045428,33.8509833],[-117.504536,33.8509833],[-117.5045291,33.8509834],[-117.5045154,33.8509834],[-117.5045085,33.8509834],[-117.5045017,33.8509834],[-117.5044948,33.8509834],[-117.5044879,33.8509834],[-117.5044811,33.8509834],[-117.5044742,33.8509834],[-117.5044673,33.8509835],[-117.5044605,33.8509835],[-117.5044536,33.8509835],[-117.5044468,33.8509835],[-117.504433,33.8509835],[-117.5044262,33.8509835],[-117.5044193,33.8509835],[-117.5044056,33.8509836],[-117.5043987,33.8509836],[-117.504385,33.8509836],[-117.5043781,33.8509836],[-117.5043575,33.8509836],[-117.5043507,33.8509836],[-117.5043438,33.8509837],[-117.5043301,33.8509837],[-117.5043164,33.8509837],[-117.5043095,33.8509837],[-117.5043026,33.8509837],[-117.5042958,33.8509837],[-117.5042889,33.8509837],[-117.504282,33.8509838],[-117.5042683,33.8509838],[-117.5042614,33.8509838],[-117.5042546,33.8509838],[-117.5042478,33.8509838],[-117.5042477,33.8509838],[-117.504241,33.8509838],[-117.5042341,33.8509838],[-117.5042273,33.8509838],[-117.5042204,33.8509839],[-117.5042135,33.8509839],[-117.5041998,33.8509839],[-117.504193,33.8509839],[-117.5041861,33.8509839],[-117.5041792,33.8509839],[-117.5041724,33.8509839],[-117.5041655,33.8509839],[-117.5041518,33.850984],[-117.5041449,33.850984],[-117.5041312,33.850984],[-117.5041243,33.850984],[-117.5041175,33.850984],[-117.5041037,33.850984],[-117.50409,33.8509841],[-117.5040831,33.8509841],[-117.5040694,33.8509841],[-117.5040626,33.8509841],[-117.5040488,33.8509841],[-117.5040351,33.8509842],[-117.5040214,33.8509842],[-117.5040145,33.8509842],[-117.5039031,33.8509844],[-117.503788,33.8509846],[-117.5037743,33.8509846],[-117.5037674,33.8509846],[-117.5037606,33.8509846],[-117.5037469,33.8509846],[-117.50374,33.8509846],[-117.5037331,33.8509847],[-117.5037263,33.8509847],[-117.5037194,33.8509847],[-117.5037125,33.8509847],[-117.5037057,33.8509847],[-117.5036988,33.8509847],[-117.503692,33.8509847],[-117.5036851,33.8509847],[-117.5036782,33.8509847],[-117.5036714,33.8509848],[-117.5036714,33.8509848],[-117.5036577,33.8509848],[-117.5036508,33.8509848],[-117.5036371,33.8509848],[-117.5036303,33.8509848],[-117.5036234,33.8509848],[-117.5036097,33.8509849],[-117.5036028,33.8509849],[-117.5035959,33.8509849],[-117.5035891,33.8509849],[-117.5035822,33.8509849],[-117.5035754,33.8509849],[-117.5035685,33.8509849],[-117.5035616,33.8509849],[-117.5035548,33.8509849],[-117.5035479,33.850985],[-117.503541,33.850985],[-117.5035342,33.850985],[-117.5035273,33.850985],[-117.5035204,33.850985],[-117.5035136,33.850985],[-117.5035067,33.850985],[-117.503493,33.850985],[-117.5034861,33.8509851],[-117.5034793,33.8509851],[-117.5034724,33.8509851],[-117.5034587,33.8509851],[-117.503445,33.8509851],[-117.5034312,33.8509851],[-117.5034244,33.8509852],[-117.5034106,33.8509852],[-117.5034038,33.8509852],[-117.5033901,33.8509852],[-117.5033763,33.8509852],[-117.5033626,33.8509853],[-117.5033557,33.8509853],[-117.5033489,33.8509853],[-117.503342,33.8509853],[-117.5033283,33.8509853],[-117.5033214,33.8509853],[-117.5033077,33.8509853],[-117.5033008,33.8509854],[-117.5032871,33.8509854],[-117.5032802,33.8509854],[-117.5032734,33.8509854],[-117.5032597,33.8509854],[-117.5032528,33.8509854],[-117.5032391,33.8509855],[-117.5032322,33.8509855],[-117.5032253,33.8509855],[-117.5032185,33.8509855],[-117.5032116,33.8509855],[-117.5032047,33.8509855],[-117.503191,33.8509855],[-117.5031842,33.8509855],[-117.5031704,33.8509856],[-117.5031636,33.8509856],[-117.5031567,33.8509856],[-117.5031498,33.8509856],[-117.503143,33.8509856],[-117.5031361,33.8509856],[-117.5031293,33.8509856],[-117.5031224,33.8509856],[-117.5031087,33.8509857],[-117.5031018,33.8509857],[-117.5030949,33.8509857],[-117.5030812,33.8509857],[-117.5030744,33.8509857],[-117.5030675,33.8509857],[-117.5030606,33.8509857],[-117.5030469,33.8509858],[-117.50304,33.8509858],[-117.5030332,33.8509858],[-117.5030263,33.8509858],[-117.5030126,33.8509858],[-117.5030058,33.8509858],[-117.5029921,33.8509859],[-117.5029852,33.8509859],[-117.5029715,33.8509859],[-117.5029646,33.8509859],[-117.5029509,33.8509859],[-117.502944,33.8509859],[-117.5029372,33.8509859],[-117.5029303,33.850986],[-117.5029234,33.850986],[-117.5029166,33.850986],[-117.5029097,33.850986],[-117.5029028,33.850986],[-117.502896,33.850986],[-117.5028891,33.850986],[-117.5028823,33.850986],[-117.5028754,33.850986],[-117.5028685,33.8509861],[-117.5028548,33.8509861],[-117.5028479,33.8509861],[-117.5028342,33.8509861],[-117.5028205,33.8509861],[-117.5028136,33.8509861],[-117.5028068,33.8509862],[-117.5027999,33.8509862],[-117.502793,33.8509862],[-117.5027862,33.8509862],[-117.5027724,33.8509862],[-117.5027656,33.8509862],[-117.5027519,33.8509862],[-117.502745,33.8509863],[-117.5027381,33.8509863],[-117.5027244,33.8509863],[-117.5027175,33.8509863],[-117.5027107,33.8509863],[-117.5027038,33.8509863],[-117.502697,33.8509863],[-117.5026901,33.8509863],[-117.5026832,33.8509864],[-117.5026695,33.8509864],[-117.5026626,33.8509864],[-117.5026558,33.8509864],[-117.5026421,33.8509864],[-117.5026352,33.8509864],[-117.5026283,33.8509864],[-117.5026215,33.8509865],[-117.5026146,33.8509865],[-117.5026009,33.8509865],[-117.502594,33.8509865],[-117.5025871,33.8509865],[-117.5025734,33.8509865],[-117.5025666,33.8509865],[-117.5025528,33.8509866],[-117.502546,33.8509866],[-117.5025391,33.8509866],[-117.5025322,33.8509866],[-117.5025254,33.8509866],[-117.5025185,33.8509866],[-117.5025047,33.8509866],[-117.5024979,33.8509867],[-117.502491,33.8509867],[-117.5024841,33.8509867],[-117.5024704,33.8509867],[-117.5024635,33.8509867],[-117.5024498,33.8509867],[-117.502443,33.8509867],[-117.5024292,33.8509868],[-117.5024224,33.8509868],[-117.5024086,33.8509868],[-117.5024018,33.8509868],[-117.5023949,33.8509868],[-117.502388,33.8509868],[-117.5023812,33.8509868],[-117.5023743,33.8509869],[-117.5023675,33.8509869],[-117.5023606,33.8509869],[-117.5023468,33.8509869],[-117.5023331,33.8509869],[-117.5023262,33.8509869],[-117.5023193,33.8509869],[-117.5023125,33.850987],[-117.5023056,33.850987],[-117.5022988,33.850987],[-117.5022919,33.850987],[-117.502285,33.850987],[-117.5022782,33.850987],[-117.5022713,33.850987],[-117.5022644,33.850987],[-117.5022576,33.850987],[-117.5022439,33.8509871],[-117.502237,33.8509871],[-117.5022233,33.8509871],[-117.5022164,33.8509871],[-117.5022027,33.8509871],[-117.502189,33.8509872],[-117.5021821,33.8509872],[-117.5021752,33.8509872],[-117.5021615,33.8509872],[-117.5021478,33.8509872],[-117.5021409,33.8509872],[-117.502134,33.8509872],[-117.5021203,33.8509873],[-117.5021135,33.8509873],[-117.5020929,33.8509873],[-117.5020928,33.8509873],[-117.5020859,33.8509873],[-117.5020791,33.8509873],[-117.5020722,33.8509873],[-117.5020653,33.8509874],[-117.5020585,33.8509874],[-117.5020516,33.8509874],[-117.5020448,33.8509874],[-117.5020379,33.8509874],[-117.502031,33.8509874],[-117.5020173,33.8509874],[-117.5020104,33.8509874],[-117.5020036,33.8509875],[-117.5019967,33.8509875],[-117.5019899,33.8509875],[-117.501983,33.8509875],[-117.5019761,33.8509875],[-117.5019693,33.8509875],[-117.5019555,33.8509875],[-117.5019487,33.8509875],[-117.5019418,33.8509876],[-117.501935,33.8509876],[-117.5019281,33.8509876],[-117.5019212,33.8509876],[-117.5019144,33.8509876],[-117.5019075,33.8509876],[-117.5019006,33.8509876],[-117.5018869,33.8509876],[-117.50188,33.8509877],[-117.5018732,33.8509877],[-117.5018663,33.8509877],[-117.5018595,33.8509877],[-117.5018526,33.8509877],[-117.5017622,33.8509878],[-117.5017501,33.8509879],[-117.5018017,33.8459212],[-117.5018017,33.8459162],[-117.496591,33.8459587],[-117.496579,33.8459588],[-117.4965559,33.8436574],[-117.4966374,33.8364115],[-117.4992121,33.8364151],[-117.4993647,33.8364153],[-117.5000227,33.8364162],[-117.5008772,33.8364174],[-117.5012478,33.8364179],[-117.5012424,33.8344239],[-117.5011447,33.8344231],[-117.5011479,33.834078],[-117.5003614,33.8333944],[-117.5006781,33.8332728],[-117.5009947,33.8331512],[-117.5012381,33.8330578],[-117.5014163,33.8329893],[-117.5015315,33.8329451],[-117.5015372,33.8329424],[-117.5015429,33.8329397],[-117.5015486,33.832937],[-117.5015544,33.8329342],[-117.5015601,33.8329315],[-117.5015658,33.8329288],[-117.5015715,33.8329261],[-117.5015773,33.8329234],[-117.501583,33.8329207],[-117.5015887,33.8329179],[-117.5015944,33.8329152],[-117.5016002,33.8329125],[-117.5016059,33.8329098],[-117.5016116,33.8329071],[-117.5016173,33.8329043],[-117.5016231,33.8329016],[-117.5016288,33.8328989],[-117.5016345,33.8328962],[-117.5016402,33.8328935],[-117.5016459,33.8328907],[-117.5016517,33.832888],[-117.5016574,33.8328853],[-117.5016631,33.8328826],[-117.5016688,33.8328798],[-117.5016745,33.8328771],[-117.5016803,33.8328744],[-117.501686,33.8328717],[-117.5016917,33.8328689],[-117.5016974,33.8328662],[-117.5017031,33.8328635],[-117.5017088,33.8328607],[-117.5017146,33.832858],[-117.5017203,33.8328553],[-117.501726,33.8328526],[-117.5017317,33.8328498],[-117.5017374,33.8328471],[-117.5017431,33.8328444],[-117.5017489,33.8328416],[-117.5017546,33.8328389],[-117.5017603,33.8328362],[-117.501766,33.8328334],[-117.5017717,33.8328307],[-117.5017774,33.832828],[-117.5017831,33.8328252],[-117.5017888,33.8328225],[-117.5017945,33.8328197],[-117.5018003,33.832817],[-117.501806,33.8328143],[-117.5018117,33.8328115],[-117.5018174,33.8328088],[-117.5018231,33.8328061],[-117.5018288,33.8328033],[-117.5018345,33.8328006],[-117.5018402,33.8327978],[-117.5018459,33.8327951],[-117.5018516,33.8327923],[-117.5018573,33.8327896],[-117.501863,33.8327869],[-117.5018688,33.8327841],[-117.5018745,33.8327814],[-117.5018802,33.8327786],[-117.5018859,33.8327759],[-117.5018916,33.8327731],[-117.5018973,33.8327704],[-117.501903,33.8327676],[-117.5019087,33.8327649],[-117.5019144,33.8327621],[-117.5019201,33.8327594],[-117.5019258,33.8327566],[-117.5019315,33.8327539],[-117.5019372,33.8327511],[-117.5019429,33.8327484],[-117.5019486,33.8327456],[-117.5019537,33.8327372],[-117.5019598,33.8322698],[-117.5019599,33.8322597],[-117.5019083,33.832282],[-117.5017964,33.8323304],[-117.5013978,33.8325026],[-117.5012023,33.8325871],[-117.5011898,33.8325825],[-117.5007031,33.8327723],[-117.5006035,33.8328112],[-117.5002884,33.8329341],[-117.4999733,33.833057],[-117.4981747,33.8337584],[-117.4976671,33.8339564],[-117.4963134,33.8344843],[-117.4935748,33.8355522],[-117.4935723,33.8355536],[-117.4932439,33.835737],[-117.4931231,33.8358045],[-117.4929368,33.8358],[-117.492933,33.8359107],[-117.4929312,33.8359117],[-117.4927616,33.8360147],[-117.4926544,33.8360798],[-117.4925093,33.836168],[-117.4921204,33.8364041],[-117.4919764,33.8364038],[-117.4850822,33.8363884],[-117.4845672,33.8363873],[-117.4845469,33.8382009],[-117.4845338,33.8393729],[-117.4845292,33.8397892],[-117.4845266,33.840022],[-117.4844861,33.8436492],[-117.4844515,33.8471973],[-117.4844148,33.8509632],[-117.4844137,33.8510706],[-117.4846417,33.8514103],[-117.4843891,33.8516549],[-117.4836897,33.8523321],[-117.483586,33.8524326],[-117.4840751,33.8528127],[-117.4843716,33.8530431],[-117.4855695,33.8539739],[-117.4862965,33.8557689],[-117.4868663,33.856169],[-117.4868762,33.8561724],[-117.4880183,33.8565652],[-117.4889813,33.8568964],[-117.4889823,33.8568975],[-117.4899944,33.8579989],[-117.4897904,33.8582746],[-117.4890949,33.8593077],[-117.4895257,33.8595095],[-117.4889214,33.8604073],[-117.4889275,33.8631808],[-117.4889395,33.8631807],[-117.4911103,33.8631635],[-117.4910981,33.8631686],[-117.4907128,33.8633286],[-117.4906291,33.8634228],[-117.490999,33.8650743],[-117.4914088,33.8653469],[-117.4913556,33.8654436],[-117.4910077,33.8660754],[-117.4902893,33.8663547],[-117.4889459,33.8660874],[-117.4889339,33.866085],[-117.4889335,33.865927],[-117.4889335,33.8659248],[-117.4887512,33.8658842],[-117.4885647,33.866388],[-117.4885647,33.8663882],[-117.48795,33.8661257],[-117.4879386,33.8661208],[-117.4869546,33.8660692],[-117.4859338,33.8673167],[-117.4859498,33.8673167],[-117.4889366,33.8673287],[-117.4889366,33.8673336],[-117.4889371,33.867573],[-117.4889492,33.8675726],[-117.4933192,33.8674343],[-117.4933192,33.8674396],[-117.4933465,33.8726044],[-117.4933585,33.8726044],[-117.4940241,33.8726014],[-117.4942147,33.8726006],[-117.4942682,33.8726004],[-117.4943607,33.8726],[-117.4950257,33.8725971],[-117.4952941,33.8725961],[-117.4973435,33.8725869],[-117.4976601,33.8725855],[-117.4983427,33.8725823],[-117.5011153,33.8725692],[-117.5012127,33.8725687],[-117.5012742,33.8725684],[-117.5013285,33.8724966],[-117.5013611,33.8724534],[-117.5017246,33.8719725],[-117.5017764,33.8719294],[-117.5018494,33.8718686],[-117.5019199,33.8718102],[-117.502014,33.8717322],[-117.5054591,33.8688779],[-117.5062609,33.868629],[-117.5063544,33.8686],[-117.5064342,33.8685752],[-117.5072886,33.8683129],[-117.5072959,33.8683193],[-117.5086327,33.869484],[-117.5086405,33.8694852],[-117.5089131,33.8695251],[-117.5110601,33.8693844],[-117.5110705,33.8693894],[-117.5127148,33.8701823],[-117.5127167,33.8701823],[-117.5130046,33.8701838],[-117.5140964,33.8699841],[-117.5141977,33.8699655],[-117.5141988,33.8699724],[-117.514209,33.8700409],[-117.5144811,33.8718709],[-117.5144925,33.8718709],[-117.5148768,33.8718697],[-117.5151382,33.8718689],[-117.515139,33.8718739],[-117.5152637,33.8725738],[-117.5152745,33.8725719],[-117.5157626,33.8724868],[-117.516217,33.8724917],[-117.5162791,33.8724914],[-117.5162869,33.8724963],[-117.5163941,33.872563],[-117.5163942,33.872563],[-117.5163943,33.8725631],[-117.5164748,33.8726132],[-117.5165501,33.8726601],[-117.5166638,33.8727309],[-117.5171044,33.8729536],[-117.5171076,33.8729541],[-117.5175128,33.8730097],[-117.5177204,33.8729259],[-117.517819,33.8728862],[-117.5184084,33.872473],[-117.5184173,33.87248],[-117.5184858,33.8725337],[-117.5186575,33.8726685],[-117.5188635,33.8728302],[-117.5188697,33.8728305],[-117.5194074,33.8728555],[-117.5194106,33.87286],[-117.5196476,33.8731836],[-117.52011,33.8738148],[-117.5205064,33.8742947],[-117.5206264,33.87444],[-117.5206966,33.8745249],[-117.5207041,33.8745243],[-117.5208257,33.8745135],[-117.5210577,33.8744654],[-117.5211113,33.8744543],[-117.521384,33.8743588],[-117.5215042,33.8743023],[-117.5226325,33.8736564],[-117.522644,33.8736488],[-117.5227923,33.8735512],[-117.5233501,33.8730872],[-117.5234885,33.872929],[-117.5238586,33.8723092],[-117.5238699,33.8722902],[-117.5239427,33.8721684],[-117.5239557,33.8721466],[-117.5239688,33.8721627],[-117.523973,33.8721677],[-117.5240209,33.8722263],[-117.5241334,33.8723636],[-117.5241897,33.8724322],[-117.5261192,33.8747866],[-117.5261619,33.8748387],[-117.5261749,33.8748546],[-117.526212,33.8748999],[-117.5266289,33.8746734],[-117.5269171,33.8745313],[-117.527211,33.8743977],[-117.5275158,33.8742705],[-117.5280665,33.8739548],[-117.5281569,33.873903],[-117.5282704,33.8738379],[-117.5283561,33.8737888],[-117.5286168,33.8736393],[-117.528691,33.8737304],[-117.5294004,33.8735631],[-117.5294648,33.8735493],[-117.5295288,33.873536],[-117.5296056,33.8735205],[-117.5296411,33.8735136],[-117.5296624,33.8735849],[-117.5296829,33.8736535],[-117.5297466,33.8738664],[-117.5297802,33.8739791],[-117.5297873,33.8740028],[-117.5305816,33.8749481],[-117.5305823,33.8749489],[-117.5312251,33.8757222],[-117.5302747,33.876259],[-117.5301623,33.8763228],[-117.5307715,33.8770735],[-117.5312915,33.8777142],[-117.5313728,33.8778144],[-117.5314264,33.8778804],[-117.5319383,33.8785129],[-117.5319894,33.878576],[-117.5321268,33.8787457],[-117.5321346,33.8787553],[-117.5323367,33.879005],[-117.5322362,33.8790213],[-117.530979,33.8792245],[-117.5309545,33.8792278],[-117.5309297,33.8792315],[-117.5309044,33.8792354],[-117.5308803,33.8792395],[-117.5307718,33.8792568],[-117.5306619,33.879275],[-117.5305522,33.8792939],[-117.5304491,33.8793122],[-117.5303461,33.8793311],[-117.5302369,33.8793518],[-117.5301278,33.8793731],[-117.5300254,33.8793938],[-117.5299167,33.8794163],[-117.5298145,33.8794382],[-117.5297127,33.8794605],[-117.5296046,33.8794849],[-117.5295033,33.8795083],[-117.5293955,33.8795339],[-117.5292944,33.8795586],[-117.5291871,33.8795855],[-117.5290804,33.8796119],[-117.5289795,33.8796375],[-117.5288725,33.8796651],[-117.528772,33.8796916],[-117.5286654,33.8797203],[-117.5285648,33.879748],[-117.5284649,33.8797759],[-117.5283651,33.8798043],[-117.5282655,33.8798332],[-117.5281599,33.8798644],[-117.5280608,33.8798943],[-117.5279618,33.8799246],[-117.5278569,33.8799573],[-117.5277583,33.8799885],[-117.52766,33.8800202],[-117.5275617,33.8800524],[-117.5272164,33.8801608],[-117.5240308,33.8812821],[-117.5234818,33.881474],[-117.5233565,33.8815178],[-117.5222382,33.8819089],[-117.5216114,33.8821282],[-117.5212983,33.8822377],[-117.5204551,33.8825326],[-117.5191716,33.8829821],[-117.5177272,33.8834878],[-117.5161212,33.8840617],[-117.5160375,33.8840916],[-117.5160313,33.8840939],[-117.5159521,33.8839965],[-117.5158964,33.883928],[-117.5158431,33.8838625],[-117.515841,33.8838599],[-117.5157997,33.883809],[-117.5157442,33.8837408],[-117.5150904,33.8829368],[-117.5142885,33.8819612],[-117.5142882,33.8819614],[-117.5142101,33.8820058],[-117.5138117,33.8822323],[-117.5134533,33.8824391],[-117.5133352,33.8825072],[-117.512669,33.8828915],[-117.5126628,33.8828951],[-117.5125824,33.8829415],[-117.5125002,33.8829884],[-117.5120176,33.8832638],[-117.5119362,33.8833103],[-117.5111256,33.8837729],[-117.5106719,33.884031],[-117.5105395,33.8841062],[-117.5104578,33.8841526],[-117.51029,33.8842479],[-117.5102627,33.8842634],[-117.5102572,33.8842665],[-117.5102958,33.8843138],[-117.5107391,33.8848566],[-117.5108071,33.8849398],[-117.5109386,33.885112],[-117.5110124,33.8852086],[-117.5112429,33.8854888],[-117.5114332,33.8857199],[-117.5108213,33.8859355],[-117.5101039,33.8861882],[-117.5078925,33.8869672],[-117.5065969,33.8874191],[-117.5064893,33.8874567],[-117.5044164,33.8881807],[-117.5037038,33.8884297],[-117.5021337,33.8889783],[-117.5020575,33.8890216],[-117.5005786,33.8898621],[-117.5005526,33.8898769],[-117.5005474,33.8898798],[-117.5005693,33.8899065],[-117.500644,33.8899974],[-117.5006942,33.8900586],[-117.5007455,33.890121],[-117.5007463,33.8901204],[-117.5008022,33.8901868],[-117.5008146,33.8902015],[-117.5008581,33.8902547],[-117.5008761,33.8902767],[-117.5008761,33.8902767],[-117.5010795,33.8905253],[-117.5010881,33.8905337],[-117.5016964,33.8912823],[-117.5017725,33.8913762],[-117.5018489,33.8914701],[-117.5021138,33.8917958],[-117.5021208,33.8918044],[-117.5021739,33.8918696],[-117.5021822,33.89188],[-117.5022246,33.8919335],[-117.5022247,33.8919335],[-117.5022365,33.8919489],[-117.5022902,33.8920183],[-117.5029466,33.8928662],[-117.5029657,33.892891],[-117.5029813,33.8929115],[-117.5030343,33.8929813],[-117.5030596,33.8930145],[-117.5030214,33.8930337],[-117.5010791,33.8939848],[-117.501088,33.8939957],[-117.501199,33.8941313],[-117.501239,33.8941802],[-117.5013009,33.8942558],[-117.5013877,33.8943619],[-117.5013943,33.89437],[-117.501415,33.8943952],[-117.5014489,33.8944367],[-117.501454,33.8944429],[-117.5015096,33.8945108],[-117.5015352,33.8945422],[-117.5021191,33.8952555],[-117.5021297,33.8952685],[-117.5026016,33.8958451],[-117.5026361,33.8958873],[-117.5026575,33.8959134],[-117.5027394,33.8960133],[-117.5027688,33.896049],[-117.5027689,33.8960491],[-117.5027801,33.8960625],[-117.5027801,33.8960625],[-117.5028747,33.8961749],[-117.5031952,33.8965558],[-117.5032561,33.8966282],[-117.5032612,33.8966342],[-117.5032612,33.8966342],[-117.5033129,33.8966957],[-117.5035427,33.8969691],[-117.5035859,33.8970209],[-117.5037658,33.8972385],[-117.5037892,33.8972668],[-117.5041798,33.8977391],[-117.5043505,33.8979456],[-117.504553,33.8981906],[-117.5047101,33.8983805],[-117.5047225,33.8983955],[-117.5047514,33.8984305],[-117.504767,33.8984493],[-117.5047671,33.8984494],[-117.5047982,33.8984882],[-117.5049203,33.8986402],[-117.5050031,33.8987433],[-117.5050245,33.8987692],[-117.5050375,33.8987851],[-117.505164,33.8989385],[-117.5051889,33.8989687],[-117.5052024,33.8989851],[-117.5055968,33.8994634],[-117.5059148,33.8998491],[-117.5062268,33.9002276],[-117.5062603,33.9002682],[-117.5062975,33.9003133],[-117.5063501,33.9003796],[-117.5064517,33.9005073],[-117.5064972,33.9005646],[-117.5070032,33.9012011],[-117.5071807,33.9014244],[-117.5071834,33.9014278],[-117.5072133,33.9014643],[-117.5072428,33.9015005],[-117.5072619,33.9015232],[-117.5072956,33.9015633],[-117.5074266,33.9017192],[-117.5074555,33.9017536],[-117.5074781,33.9017805],[-117.5074833,33.9017867],[-117.5074835,33.9017868],[-117.5075374,33.901851],[-117.5075453,33.9018604],[-117.5077126,33.9020574],[-117.5078508,33.9022202],[-117.507866,33.9022382],[-117.5078752,33.902249],[-117.5078821,33.9022569],[-117.5078883,33.9022633],[-117.5078973,33.9022713],[-117.5079044,33.902277],[-117.5079119,33.9022824],[-117.5079224,33.902289],[-117.5079307,33.9022936],[-117.5079392,33.9022978],[-117.5079509,33.9023028],[-117.50796,33.902306],[-117.5079693,33.9023089],[-117.5079787,33.9023114],[-117.5079915,33.902314],[-117.5080012,33.9023155],[-117.508011,33.9023165],[-117.5080209,33.9023171],[-117.5081023,33.9023205],[-117.5082976,33.9023288],[-117.5083415,33.9023301],[-117.5083843,33.9023305],[-117.5084272,33.9023299],[-117.50847,33.9023284],[-117.508516,33.9023258],[-117.5085586,33.9023224],[-117.5086012,33.902318],[-117.5086435,33.9023128],[-117.5086857,33.9023066],[-117.5087277,33.9022996],[-117.5087727,33.9022909],[-117.5088142,33.902282],[-117.5088553,33.9022722],[-117.5088962,33.9022614],[-117.5089398,33.9022489],[-117.50898,33.9022364],[-117.5092171,33.902159],[-117.50925,33.9021484],[-117.509251,33.9021481],[-117.5092763,33.9021404],[-117.5093018,33.9021331],[-117.5095362,33.9020676],[-117.5095619,33.9020603],[-117.5095875,33.9020526],[-117.5096129,33.9020446],[-117.5096381,33.9020362],[-117.5096632,33.9020275],[-117.5096881,33.9020184],[-117.5097128,33.902009],[-117.5097373,33.9019993],[-117.5097616,33.9019892],[-117.5097858,33.9019788],[-117.5099386,33.9019114],[-117.5100118,33.9018792],[-117.5103306,33.9017387],[-117.5103458,33.9017322],[-117.5103612,33.9017258],[-117.5103767,33.9017197],[-117.5103923,33.9017138],[-117.510408,33.9017082],[-117.5104238,33.9017027],[-117.5104398,33.9016975],[-117.5104558,33.9016926],[-117.510472,33.9016878],[-117.5104882,33.9016833],[-117.5105046,33.901679],[-117.510521,33.901675],[-117.5105375,33.9016712],[-117.5105541,33.9016677],[-117.5105707,33.9016644],[-117.5105875,33.9016613],[-117.5106043,33.9016584],[-117.5106172,33.9016565],[-117.5106324,33.9016543],[-117.5106337,33.9017315],[-117.510634,33.9017478],[-117.5106357,33.9018249],[-117.5106402,33.9020347],[-117.5106637,33.9031198],[-117.5106757,33.9036692],[-117.5106877,33.9042273],[-117.5107495,33.9070792],[-117.5107547,33.9073163],[-117.5107977,33.9093043],[-117.5108544,33.9093035],[-117.5109945,33.9093016],[-117.5145976,33.9092511]]]]}},
{"type":"Feature","properties":{"CITY":"Eastvale","COUNTY":"Riverside"},"geometry":{"type":"MultiPolygon","coordinates":[[[[-117.548989,33.9572147],[-117.5489906,33.9572153],[-117.5489285,33.9572162],[-117.5489265,33.957231],[-117.5489151,33.9572539],[-117.5489148,33.957256],[-117.5489134,33.9572693],[-117.5488937,33.9574679],[-117.5488936,33.9574684],[-117.5488797,33.9576363],[-117.5488682,33.9578044],[-117.5488682,33.9578056],[-117.5488563,33.9580401],[-117.5488563,33.9580406],[-117.5488492,33.9582765],[-117.5488492,33.9582769],[-117.5488471,33.9585133],[-117.5488489,33.9601443],[-117.5488497,33.9609132],[-117.5488537,33.9644716],[-117.5488538,33.9646081],[-117.5488538,33.9646171],[-117.5488565,33.9670344],[-117.5488577,33.9681672],[-117.5488592,33.9695129],[-117.5488654,33.9750374],[-117.5488656,33.9752428],[-117.5488657,33.9753103],[-117.5488688,33.9781654],[-117.5488757,33.9843695],[-117.5488774,33.9845693],[-117.5488802,33.9847047],[-117.5488802,33.9847049],[-117.5488928,33.9850398],[-117.5488928,33.9850402],[-117.5489044,33.9852423],[-117.5489137,33.9853748],[-117.5489137,33.9853752],[-117.5489427,33.9857094],[-117.5489427,33.9857097],[-117.5489799,33.9860436],[-117.5489799,33.9860437],[-117.5490252,33.9863768],[-117.5490252,33.986377],[-117.5490786,33.9867092],[-117.5490787,33.9867095],[-117.5491402,33.9870406],[-117.5491403,33.987041],[-117.5492098,33.987371],[-117.5492099,33.9873714],[-117.5492876,33.9877002],[-117.5492876,33.9877005],[-117.5493403,33.9879055],[-117.5493734,33.9880283],[-117.5495507,33.9886743],[-117.5497484,33.9893947],[-117.5498087,33.9896207],[-117.5498657,33.9898473],[-117.5498657,33.9898474],[-117.5498813,33.9899115],[-117.5499375,33.9901539],[-117.5499375,33.9901541],[-117.5500033,33.9904615],[-117.5500033,33.9904617],[-117.5500631,33.9907701],[-117.5500633,33.9907712],[-117.5501169,33.9910794],[-117.5501341,33.9911871],[-117.5501679,33.9914127],[-117.550168,33.9914131],[-117.550212,33.9917469],[-117.5502121,33.9917474],[-117.5502491,33.9920818],[-117.5502492,33.9920823],[-117.5502792,33.9924175],[-117.5502792,33.9924178],[-117.5503022,33.9927534],[-117.5503022,33.9927536],[-117.5503171,33.9930607],[-117.550326,33.9933681],[-117.5503291,33.9936755],[-117.5503307,33.9981053],[-117.550333,34.0044033],[-117.5503336,34.0060693],[-117.5503355,34.0111684],[-117.5503309,34.0116167],[-117.5502663,34.018003],[-117.5502654,34.0187931],[-117.5502632,34.0207926],[-117.5502603,34.0233786],[-117.5502572,34.0260961],[-117.5502539,34.0290827],[-117.5502535,34.0293996],[-117.5502524,34.0304055],[-117.5502521,34.030651],[-117.5502491,34.0333389],[-117.550249,34.0334576],[-117.550249,34.0334579],[-117.550249,34.0334579],[-117.5502496,34.0334579],[-117.5502497,34.0334579],[-117.5502498,34.0334579],[-117.5502498,34.0334579],[-117.5502499,34.0334579],[-117.55025,34.0334579],[-117.5502501,34.0334579],[-117.5502501,34.0334579],[-117.5502502,34.0334579],[-117.5502503,34.0334579],[-117.5502504,34.0334579],[-117.5502505,34.0334579],[-117.5502505,34.0334579],[-117.5502506,34.0334579],[-117.5502507,34.0334579],[-117.5502508,34.0334579],[-117.5502508,34.0334579],[-117.5502509,34.0334579],[-117.550251,34.0334579],[-117.5502511,34.0334579],[-117.5502511,34.0334579],[-117.5502512,34.0334579],[-117.5502513,34.0334579],[-117.5502514,34.0334579],[-117.5502515,34.0334579],[-117.5502515,34.0334579],[-117.5502516,34.0334579],[-117.5502517,34.0334579],[-117.5502518,34.0334579],[-117.5502518,34.0334579],[-117.5502519,34.0334579],[-117.550252,34.0334579],[-117.5502521,34.0334579],[-117.5502522,34.0334579],[-117.5502522,34.0334579],[-117.5502523,34.0334579],[-117.5502524,34.0334579],[-117.5502525,34.0334579],[-117.5502525,34.0334579],[-117.5502526,34.0334579],[-117.5502527,34.0334579],[-117.5502528,34.0334579],[-117.5502529,34.0334579],[-117.5502529,34.0334579],[-117.550253,34.0334579],[-117.5502531,34.0334579],[-117.5502532,34.0334579],[-117.5502532,34.0334579],[-117.5502533,34.0334579],[-117.5502534,34.0334579],[-117.5502535,34.0334579],[-117.5502536,34.0334579],[-117.5502536,34.0334579],[-117.5502537,34.0334579],[-117.5502538,34.0334579],[-117.5502539,34.0334579],[-117.5502539,34.0334579],[-117.550254,34.0334579],[-117.5502541,34.0334579],[-117.5502542,34.0334579],[-117.5502542,34.0334579],[-117.5502544,34.0334579],[-117.5502545,34.0334579],[-117.5502546,34.0334579],[-117.5502546,34.0334579],[-117.5502547,34.0334579],[-117.5502548,34.0334579],[-117.5502549,34.0334579],[-117.5502549,34.0334579],[-117.5502551,34.0334579],[-117.5502552,34.0334579],[-117.5502553,34.0334579],[-117.5502553,34.0334579],[-117.5502554,34.0334579],[-117.5502555,34.0334579],[-117.5502556,34.0334579],[-117.5502557,34.0334579],[-117.5502558,34.0334579],[-117.550256,34.0334579],[-117.550256,34.0334579],[-117.5502561,34.0334579],[-117.5502563,34.0334579],[-117.5502563,34.0334579],[-117.5502564,34.0334579],[-117.5502565,34.0334579],[-117.5502567,34.0334579],[-117.5502567,34.0334579],[-117.5502569,34.0334579],[-117.550257,34.0334579],[-117.5502571,34.0334579],[-117.5502572,34.0334579],[-117.5502573,34.0334579],[-117.5502574,34.0334579],[-117.5502575,34.0334579],[-117.5502577,34.0334579],[-117.5502578,34.0334579],[-117.550258,34.0334579],[-117.5502581,34.0334579],[-117.5502581,34.0334579],[-117.5502583,34.0334579],[-117.5502584,34.0334579],[-117.5502584,34.0334579],[-117.5502586,34.0334579],[-117.5502587,34.0334579],[-117.5502588,34.0334579],[-117.5502589,34.0334579],[-117.5502591,34.0334579],[-117.5502592,34.0334579],[-117.5502593,34.0334579],[-117.5502594,34.0334579],[-117.5502595,34.0334579],[-117.5502596,34.0334579],[-117.5502597,34.0334579],[-117.5502598,34.0334579],[-117.5502598,34.0334579],[-117.5502599,34.0334579],[-117.55026,34.0334579],[-117.5502601,34.0334579],[-117.5502601,34.0334579],[-117.5502603,34.0334579],[-117.5502604,34.0334579],[-117.5502605,34.0334579],[-117.5502605,34.0334579],[-117.5502606,34.0334579],[-117.5502607,34.0334579],[-117.5502608,34.0334579],[-117.550261,34.0334579],[-117.5502611,34.0334579],[-117.5502612,34.0334579],[-117.5502613,34.0334579],[-117.5502615,34.0334579],[-117.5502615,34.0334579],[-117.5502617,34.0334578],[-117.5502619,34.0334579],[-117.5502619,34.0334579],[-117.550262,34.0334578],[-117.5502622,34.0334579],[-117.5502623,34.0334578],[-117.5502624,34.0334578],[-117.5502626,34.0334578],[-117.5502627,34.0334578],[-117.5502629,34.0334578],[-117.5502631,34.0334578],[-117.5502632,34.0334578],[-117.5502634,34.0334578],[-117.5502634,34.0334578],[-117.5502635,34.0334578],[-117.5502636,34.0334578],[-117.5502637,34.0334578],[-117.5502638,34.0334578],[-117.5502639,34.0334578],[-117.5502639,34.0334578],[-117.550264,34.0334578],[-117.5502642,34.0334578],[-117.5502643,34.0334578],[-117.5502643,34.0334578],[-117.5502644,34.0334578],[-117.5502645,34.0334578],[-117.5502646,34.0334578],[-117.5502646,34.0334578],[-117.5502648,34.0334578],[-117.550265,34.0334578],[-117.550265,34.0334578],[-117.5502652,34.0334578],[-117.5502653,34.0334578],[-117.5502653,34.0334578],[-117.5502654,34.0334578],[-117.5502655,34.0334578],[-117.5502656,34.0334578],[-117.5502657,34.0334578],[-117.5502657,34.0334578],[-117.5502658,34.0334578],[-117.5502665,34.0334578],[-117.5502675,34.0334578],[-117.5502685,34.0334578],[-117.5502696,34.0334578],[-117.5502706,34.0334578],[-117.5502716,34.0334578],[-117.5502726,34.0334578],[-117.5502737,34.0334578],[-117.5502747,34.0334578],[-117.5502757,34.0334578],[-117.5502768,34.0334578],[-117.5502778,34.0334578],[-117.5502788,34.0334578],[-117.5502799,34.0334578],[-117.5502819,34.0334578],[-117.5502829,34.0334578],[-117.550284,34.0334578],[-117.550285,34.0334578],[-117.5502871,34.0334578],[-117.5502881,34.0334578],[-117.5502902,34.0334578],[-117.5502922,34.0334578],[-117.5502943,34.0334578],[-117.5502963,34.0334578],[-117.5502974,34.0334578],[-117.5502994,34.0334578],[-117.5503015,34.0334578],[-117.5503035,34.0334578],[-117.5503046,34.0334578],[-117.5503056,34.0334578],[-117.5503066,34.0334578],[-117.5503077,34.0334578],[-117.5503087,34.0334578],[-117.5503097,34.0334578],[-117.5503108,34.0334578],[-117.5503118,34.0334578],[-117.5503128,34.0334578],[-117.5503138,34.0334578],[-117.5503149,34.0334578],[-117.5503159,34.0334578],[-117.5503169,34.0334578],[-117.550318,34.0334578],[-117.550319,34.0334578],[-117.55032,34.0334578],[-117.5503211,34.0334578],[-117.5503221,34.0334578],[-117.5503231,34.0334578],[-117.5503241,34.0334578],[-117.5503252,34.0334578],[-117.5503272,34.0334578],[-117.5503283,34.0334578],[-117.5503303,34.0334578],[-117.5503314,34.0334578],[-117.5503324,34.0334578],[-117.5503334,34.0334578],[-117.5503345,34.0334578],[-117.5503355,34.0334578],[-117.5503365,34.0334578],[-117.5503386,34.0334578],[-117.5503406,34.0334578],[-117.5503417,34.0334578],[-117.5503448,34.0334577],[-117.5503458,34.0334577],[-117.5503478,34.0334577],[-117.5503509,34.0334577],[-117.550353,34.0334577],[-117.5503551,34.0334577],[-117.5503602,34.0334577],[-117.5503623,34.0334577],[-117.5503654,34.0334577],[-117.5503684,34.0334577],[-117.5503715,34.0334577],[-117.5503757,34.0334577],[-117.5503798,34.0334577],[-117.5503839,34.0334577],[-117.550386,34.0334577],[-117.550389,34.0334577],[-117.5503911,34.0334577],[-117.5503921,34.0334577],[-117.5503942,34.0334577],[-117.5503952,34.0334577],[-117.5503958,34.0334577],[-117.5503973,34.0334577],[-117.5503983,34.0334577],[-117.5504004,34.0334577],[-117.5504014,34.0334577],[-117.5504024,34.0334577],[-117.5504045,34.0334577],[-117.5504066,34.0334577],[-117.5504076,34.0334577],[-117.5504097,34.0334577],[-117.5504117,34.0334577],[-117.5504127,34.0334577],[-117.5504138,34.0334577],[-117.5504148,34.0334577],[-117.5504158,34.0334577],[-117.5504169,34.0334577],[-117.5504179,34.0334577],[-117.55042,34.0334577],[-117.550421,34.0334577],[-117.550423,34.0334577],[-117.5504241,34.0334577],[-117.5504251,34.0334577],[-117.5504261,34.0334577],[-117.5504272,34.0334577],[-117.5504292,34.0334576],[-117.5504303,34.0334576],[-117.5504313,34.0334576],[-117.5504333,34.0334576],[-117.5504354,34.0334576],[-117.5504385,34.0334576],[-117.5504406,34.0334576],[-117.5504416,34.0334576],[-117.5504436,34.0334576],[-117.5504457,34.0334576],[-117.5504478,34.0334576],[-117.5504498,34.0334576],[-117.5504509,34.0334576],[-117.5504519,34.0334576],[-117.5504529,34.0334576],[-117.5504539,34.0334576],[-117.550455,34.0334576],[-117.550457,34.0334576],[-117.5504581,34.0334576],[-117.5504591,34.0334576],[-117.5504612,34.0334576],[-117.5504622,34.0334576],[-117.5504632,34.0334576],[-117.5504642,34.0334576],[-117.5504663,34.0334576],[-117.5504673,34.0334576],[-117.5504684,34.0334576],[-117.5504694,34.0334576],[-117.5504704,34.0334576],[-117.5504715,34.0334576],[-117.5504725,34.0334576],[-117.5504735,34.0334576],[-117.5504745,34.0334576],[-117.5504766,34.0334576],[-117.5504776,34.0334576],[-117.5504787,34.0334576],[-117.5504797,34.0334576],[-117.5504807,34.0334576],[-117.5504818,34.0334576],[-117.5504828,34.0334576],[-117.5504838,34.0334576],[-117.5504848,34.0334576],[-117.5504859,34.0334576],[-117.5504879,34.0334576],[-117.550489,34.0334576],[-117.55049,34.0334576],[-117.5504921,34.0334576],[-117.5504931,34.0334576],[-117.5504941,34.0334576],[-117.5505092,34.0334576],[-117.550524,34.0334575],[-117.550525,34.0334575],[-117.5505271,34.0334575],[-117.5505281,34.0334575],[-117.5505302,34.0334575],[-117.5505312,34.0334575],[-117.5505322,34.0334575],[-117.5505333,34.0334575],[-117.5505343,34.0334575],[-117.5505353,34.0334575],[-117.5505364,34.0334575],[-117.5505374,34.0334575],[-117.5505384,34.0334575],[-117.5505394,34.0334575],[-117.5505405,34.0334575],[-117.5505415,34.0334575],[-117.5505436,34.0334575],[-117.5505446,34.0334575],[-117.5505466,34.0334575],[-117.5505477,34.0334575],[-117.5505487,34.0334575],[-117.5505497,34.0334575],[-117.5505508,34.0334575],[-117.5505518,34.0334575],[-117.5505528,34.0334575],[-117.5505538,34.0334575],[-117.5505549,34.0334575],[-117.5505559,34.0334575],[-117.5505569,34.0334575],[-117.5505578,34.0334575],[-117.5505579,34.0334575],[-117.5505589,34.0334575],[-117.5505599,34.0334575],[-117.5505796,34.0334575],[-117.5505982,34.0334574],[-117.5506109,34.0334574],[-117.550801,34.0334572],[-117.5508155,34.0334572],[-117.55083,34.0334572],[-117.5508445,34.0334572],[-117.550859,34.0334572],[-117.5508735,34.0334572],[-117.550888,34.0334571],[-117.5509025,34.0334571],[-117.550917,34.0334571],[-117.5509316,34.0334571],[-117.5509461,34.0334571],[-117.5509753,34.033457],[-117.5509898,34.033457],[-117.5510043,34.033457],[-117.5510188,34.033457],[-117.5510333,34.033457],[-117.5510478,34.033457],[-117.5510623,34.033457],[-117.5510768,34.0334569],[-117.5511058,34.0334569],[-117.5511203,34.0334569],[-117.5511348,34.0334569],[-117.5511493,34.0334569],[-117.5511784,34.0334568],[-117.5511929,34.0334568],[-117.5512074,34.0334568],[-117.5512219,34.0334568],[-117.5512509,34.0334567],[-117.5512654,34.0334567],[-117.5512799,34.0334567],[-117.5512944,34.0334567],[-117.5513089,34.0334567],[-117.5513234,34.0334567],[-117.5513379,34.0334567],[-117.5513671,34.0334566],[-117.5513816,34.0334566],[-117.5513961,34.0334566],[-117.5514106,34.0334566],[-117.5514251,34.0334566],[-117.5514396,34.0334565],[-117.5514541,34.0334565],[-117.5514686,34.0334565],[-117.5514831,34.0334565],[-117.5514976,34.0334565],[-117.5515121,34.0334565],[-117.5515266,34.0334565],[-117.5515411,34.0334564],[-117.5515556,34.0334564],[-117.5515846,34.0334564],[-117.5516136,34.0334564],[-117.5516426,34.0334563],[-117.5516861,34.0334563],[-117.5517006,34.0334563],[-117.5517441,34.0334562],[-117.5517731,34.0334562],[-117.5518021,34.0334562],[-117.5518311,34.0334561],[-117.5518456,34.0334561],[-117.5518601,34.0334561],[-117.5518746,34.0334561],[-117.5518891,34.0334561],[-117.5519036,34.033456],[-117.5519181,34.033456],[-117.5519326,34.033456],[-117.5519616,34.033456],[-117.5519761,34.033456],[-117.5519906,34.0334559],[-117.5520051,34.0334559],[-117.5520196,34.0334559],[-117.5520486,34.0334559],[-117.5520631,34.0334559],[-117.5520776,34.0334558],[-117.5520921,34.0334558],[-117.5521066,34.0334558],[-117.5521211,34.0334558],[-117.5521356,34.0334558],[-117.5521646,34.0334558],[-117.5521791,34.0334557],[-117.5521936,34.0334557],[-117.5522081,34.0334557],[-117.5522226,34.0334557],[-117.5522371,34.0334557],[-117.5522516,34.0334557],[-117.5522661,34.0334556],[-117.5522806,34.0334556],[-117.5522897,34.0334556],[-117.5522951,34.0334556],[-117.5523096,34.0334556],[-117.5523241,34.0334556],[-117.5523386,34.0334556],[-117.5523531,34.0334555],[-117.5523676,34.0334555],[-117.5523821,34.0334555],[-117.5524111,34.0334555],[-117.5524256,34.0334555],[-117.5524401,34.0334555],[-117.5524546,34.0334554],[-117.5524836,34.0334554],[-117.552498,34.0334554],[-117.5525126,34.0334554],[-117.552527,34.0334554],[-117.5525415,34.0334553],[-117.552556,34.0334553],[-117.5525592,34.0334553],[-117.5525705,34.0334553],[-117.552585,34.0334553],[-117.5525995,34.0334553],[-117.5526285,34.0334552],[-117.552643,34.0334552],[-117.5526575,34.0334552],[-117.552672,34.0334552],[-117.5526865,34.0334552],[-117.552701,34.0334552],[-117.5527155,34.0334552],[-117.55273,34.0334551],[-117.5527445,34.0334551],[-117.5527735,34.0334551],[-117.552788,34.0334551],[-117.552817,34.033455],[-117.5528315,34.033455],[-117.5528605,34.033455],[-117.5528895,34.033455],[-117.5529185,34.0334549],[-117.552962,34.0334549],[-117.5530055,34.0334548],[-117.5530345,34.0334548],[-117.5530635,34.0334548],[-117.5530925,34.0334547],[-117.553107,34.0334547],[-117.5531215,34.0334547],[-117.5531505,34.0334547],[-117.553165,34.0334547],[-117.5531795,34.0334546],[-117.553194,34.0334546],[-117.5532085,34.0334546],[-117.553223,34.0334546],[-117.553252,34.0334546],[-117.5532665,34.0334545],[-117.553281,34.0334545],[-117.55331,34.0334545],[-117.5533245,34.0334545],[-117.5533535,34.0334545],[-117.553368,34.0334544],[-117.553397,34.0334544],[-117.5534115,34.0334544],[-117.553426,34.0334544],[-117.5534405,34.0334544],[-117.553455,34.0334543],[-117.5534695,34.0334543],[-117.553484,34.0334543],[-117.5534985,34.0334543],[-117.553513,34.0334543],[-117.5535275,34.0334543],[-117.553542,34.0334542],[-117.5535565,34.0334542],[-117.553571,34.0334542],[-117.5535855,34.0334542],[-117.5536,34.0334542],[-117.5536145,34.0334542],[-117.553629,34.0334542],[-117.5536435,34.0334541],[-117.553658,34.0334541],[-117.5536725,34.0334541],[-117.553687,34.0334541],[-117.553716,34.0334541],[-117.5537305,34.033454],[-117.5537595,34.033454],[-117.553774,34.033454],[-117.5537885,34.033454],[-117.553803,34.033454],[-117.5538175,34.0334539],[-117.5538465,34.0334539],[-117.553861,34.0334539],[-117.5538755,34.0334539],[-117.5539045,34.0334539],[-117.553919,34.0334538],[-117.553948,34.0334538],[-117.5539625,34.0334538],[-117.5539915,34.0334538],[-117.5540205,34.0334537],[-117.554035,34.0334537],[-117.5540495,34.0334537],[-117.554064,34.0334537],[-117.5540785,34.0334537],[-117.554093,34.0334536],[-117.5541075,34.0334536],[-117.5541222,34.0334536],[-117.5541511,34.0334536],[-117.5541656,34.0334536],[-117.5541801,34.0334535],[-117.5541946,34.0334535],[-117.5542091,34.0334535],[-117.5542236,34.0334535],[-117.5542381,34.0334535],[-117.5542526,34.0334535],[-117.5542671,34.0334535],[-117.5542816,34.0334534],[-117.5542961,34.0334534],[-117.5543251,34.0334534],[-117.5543396,34.0334534],[-117.5543541,34.0334534],[-117.5543686,34.0334533],[-117.5543976,34.0334533],[-117.5544121,34.0334533],[-117.5544266,34.0334533],[-117.5544411,34.0334533],[-117.5544701,34.0334532],[-117.5544991,34.0334532],[-117.5545283,34.0334532],[-117.5545573,34.0334531],[-117.5545718,34.0334531],[-117.5546008,34.0334531],[-117.5546153,34.0334531],[-117.5546443,34.033453],[-117.5546588,34.033453],[-117.5546733,34.033453],[-117.5546878,34.033453],[-117.5547023,34.033453],[-117.5547168,34.033453],[-117.5547313,34.0334529],[-117.5547458,34.0334529],[-117.5547603,34.0334529],[-117.5547748,34.0334529],[-117.5547893,34.0334529],[-117.5548038,34.0334529],[-117.5548328,34.0334528],[-117.5548473,34.0334528],[-117.5548763,34.0334528],[-117.5548908,34.0334528],[-117.5549198,34.0334527],[-117.5549343,34.0334527],[-117.5549488,34.0334527],[-117.5549778,34.0334527],[-117.5549923,34.0334527],[-117.5550213,34.0334526],[-117.5550358,34.0334526],[-117.5550648,34.0334526],[-117.5550793,34.0334526],[-117.5550938,34.0334525],[-117.5551083,34.0334525],[-117.5551228,34.0334525],[-117.5551373,34.0334525],[-117.5551518,34.0334525],[-117.5551663,34.0334525],[-117.5551808,34.0334524],[-117.5551953,34.0334524],[-117.5552243,34.0334524],[-117.5552388,34.0334524],[-117.5552533,34.0334524],[-117.5552823,34.0334523],[-117.5552968,34.0334523],[-117.5553113,34.0334523],[-117.5553258,34.0334523],[-117.5553403,34.0334523],[-117.5553693,34.0334522],[-117.5553838,34.0334522],[-117.5554128,34.0334522],[-117.5554273,34.0334522],[-117.5554418,34.0334522],[-117.5554563,34.0334521],[-117.5554998,34.0334521],[-117.5555143,34.0334521],[-117.5555288,34.0334521],[-117.5555433,34.033452],[-117.5555721,34.033452],[-117.5555723,34.033452],[-117.5555866,34.033452],[-117.5556011,34.033452],[-117.5556156,34.033452],[-117.5556301,34.0334519],[-117.5556446,34.0334519],[-117.5556736,34.0334519],[-117.5556881,34.0334519],[-117.5557026,34.0334519],[-117.5557171,34.0334518],[-117.5557316,34.0334518],[-117.5557461,34.0334518],[-117.5557606,34.0334518],[-117.5557751,34.0334518],[-117.5557896,34.0334518],[-117.5558186,34.0334517],[-117.5558331,34.0334517],[-117.5558476,34.0334517],[-117.5558621,34.0334517],[-117.5558766,34.0334517],[-117.5558911,34.0334516],[-117.5559056,34.0334516],[-117.5559201,34.0334516],[-117.5559346,34.0334516],[-117.5559491,34.0334516],[-117.5559636,34.0334516],[-117.5559781,34.0334515],[-117.5559926,34.0334515],[-117.5560071,34.0334515],[-117.5560216,34.0334515],[-117.5560361,34.0334515],[-117.5560506,34.0334515],[-117.5560651,34.0334514],[-117.5560796,34.0334514],[-117.5560941,34.0334514],[-117.5561086,34.0334514],[-117.5561231,34.0334514],[-117.5561521,34.0334513],[-117.5561664,34.0334513],[-117.5561809,34.0334513],[-117.5561954,34.0334513],[-117.5562099,34.0334513],[-117.5562244,34.0334513],[-117.5562389,34.0334513],[-117.5562534,34.0334512],[-117.5562679,34.0334512],[-117.5562824,34.0334512],[-117.5562969,34.0334512],[-117.5563114,34.0334512],[-117.5563259,34.0334512],[-117.5563275,34.0334512],[-117.5563404,34.0334511],[-117.5563549,34.0334511],[-117.5563694,34.0334511],[-117.5563839,34.0334511],[-117.5563984,34.0334511],[-117.5564129,34.0334511],[-117.5564274,34.033451],[-117.5564419,34.033451],[-117.5564709,34.033451],[-117.5564854,34.033451],[-117.5564999,34.033451],[-117.5565289,34.0334509],[-117.5565434,34.0334509],[-117.5565579,34.0334509],[-117.5565724,34.0334509],[-117.5566014,34.0334508],[-117.5566159,34.0334508],[-117.5566304,34.0334508],[-117.5566449,34.0334508],[-117.5566594,34.0334508],[-117.5566739,34.0334508],[-117.5566884,34.0334507],[-117.5567029,34.0334507],[-117.5567174,34.0334507],[-117.5567464,34.0334507],[-117.5567609,34.0334507],[-117.5567754,34.0334507],[-117.5568044,34.0334506],[-117.5568189,34.0334506],[-117.5568334,34.0334506],[-117.5568624,34.0334506],[-117.5568769,34.0334505],[-117.5568914,34.0334505],[-117.5569059,34.0334505],[-117.5569204,34.0334505],[-117.5569349,34.0334505],[-117.5569494,34.0334505],[-117.5569639,34.0334504],[-117.5569784,34.0334504],[-117.5569929,34.0334504],[-117.5570074,34.0334504],[-117.5570219,34.0334504],[-117.5570364,34.0334504],[-117.5570509,34.0334503],[-117.5570654,34.0334503],[-117.5570799,34.0334503],[-117.5570944,34.0334503],[-117.5571089,34.0334503],[-117.5571234,34.0334503],[-117.5571379,34.0334502],[-117.5571524,34.0334502],[-117.5571669,34.0334502],[-117.5571814,34.0334502],[-117.5571959,34.0334502],[-117.5572104,34.0334502],[-117.5572249,34.0334501],[-117.5572394,34.0334501],[-117.5572539,34.0334501],[-117.5572829,34.0334501],[-117.5573119,34.0334501],[-117.5573409,34.03345],[-117.5573554,34.03345],[-117.5573844,34.03345],[-117.5573989,34.03345],[-117.5574134,34.0334499],[-117.5574279,34.0334499],[-117.5574424,34.0334499],[-117.5574569,34.0334499],[-117.5574859,34.0334499],[-117.5575004,34.0334498],[-117.5575149,34.0334498],[-117.5575439,34.0334498],[-117.5575584,34.0334498],[-117.5575729,34.0334498],[-117.5575874,34.0334497],[-117.5576019,34.0334497],[-117.5576164,34.0334497],[-117.5576165,34.0334497],[-117.557631,34.0334497],[-117.5576602,34.0334497],[-117.5576747,34.0334496],[-117.5576892,34.0334496],[-117.5577037,34.0334496],[-117.5577473,34.0334496],[-117.5577618,34.0334495],[-117.5577765,34.0334495],[-117.557791,34.0334495],[-117.5578202,34.0334495],[-117.5578347,34.0334495],[-117.5578492,34.0334494],[-117.5578637,34.0334494],[-117.5578782,34.0334494],[-117.5578927,34.0334494],[-117.5579072,34.0334494],[-117.5579217,34.0334494],[-117.5579362,34.0334493],[-117.5579508,34.0334493],[-117.5579653,34.0334493],[-117.5579798,34.0334493],[-117.5579943,34.0334493],[-117.5580088,34.0334493],[-117.5580233,34.0334492],[-117.5580378,34.0334492],[-117.5580523,34.0334492],[-117.5580668,34.0334492],[-117.5580815,34.0334492],[-117.558096,34.0334492],[-117.5581105,34.0334491],[-117.558125,34.0334491],[-117.5581395,34.0334491],[-117.558154,34.0334491],[-117.5581685,34.0334491],[-117.558183,34.0334491],[-117.5581973,34.033449],[-117.5581975,34.033449],[-117.5582118,34.033449],[-117.5582263,34.033449],[-117.5582406,34.033449],[-117.5584014,34.0334488],[-117.5584135,34.0334488],[-117.5584586,34.0334487],[-117.5584566,34.0332645],[-117.5584565,34.0332524],[-117.5584564,34.0332404],[-117.5584563,34.0332282],[-117.5584561,34.0332162],[-117.558456,34.0332041],[-117.5584559,34.033192],[-117.5584558,34.03318],[-117.5584556,34.0331679],[-117.5584555,34.0331558],[-117.5584554,34.0331437],[-117.5584553,34.0331317],[-117.5584551,34.0331196],[-117.558455,34.0331075],[-117.5584549,34.0330955],[-117.5584547,34.0330834],[-117.5584546,34.0330713],[-117.5584545,34.0330592],[-117.5584544,34.0330472],[-117.5584544,34.0330471],[-117.5584542,34.0330351],[-117.5584541,34.033023],[-117.558454,34.0330109],[-117.5584539,34.0329988],[-117.5584537,34.0329868],[-117.5584537,34.0329815],[-117.5584536,34.0329747],[-117.5584535,34.0329626],[-117.5584534,34.0329506],[-117.5584532,34.0329385],[-117.5584531,34.0329264],[-117.558453,34.0329187],[-117.5584525,34.0329186],[-117.5584494,34.0326215],[-117.5584499,34.0326219],[-117.558449,34.0325365],[-117.5584478,34.0324227],[-117.5584476,34.0324008],[-117.5583826,34.0261822],[-117.5583825,34.0261703],[-117.5583819,34.0261189],[-117.5583778,34.0257231],[-117.5583696,34.0249487],[-117.5583674,34.0247363],[-117.5583658,34.0245851],[-117.5583657,34.0245792],[-117.5583615,34.024181],[-117.5583596,34.024001],[-117.5583581,34.0238618],[-117.5583515,34.0232342],[-117.5583513,34.0232166],[-117.558346,34.0227133],[-117.5583418,34.0223181],[-117.5583395,34.022095],[-117.5583378,34.0219379],[-117.558337,34.0218593],[-117.5583362,34.0217808],[-117.5583353,34.0217022],[-117.5583345,34.0216236],[-117.5583337,34.0215453],[-117.5583337,34.0215451],[-117.5583328,34.0214665],[-117.558332,34.0213879],[-117.5583312,34.0213094],[-117.5583304,34.0212308],[-117.5583295,34.0211523],[-117.5583287,34.0210737],[-117.5583279,34.0209951],[-117.558327,34.0209166],[-117.5583262,34.020838],[-117.558326,34.0208183],[-117.5583254,34.0207594],[-117.5583246,34.0206809],[-117.5583237,34.0206023],[-117.5583229,34.0205237],[-117.5583226,34.0204919],[-117.5583221,34.0204452],[-117.5583204,34.020288],[-117.5583196,34.0202095],[-117.5583187,34.0201248],[-117.5583066,34.018975],[-117.5583057,34.0188945],[-117.558307,34.018723],[-117.5583085,34.0185172],[-117.5583127,34.0179466],[-117.5583166,34.0173544],[-117.5583175,34.0172007],[-117.5583217,34.016565],[-117.5583234,34.0163014],[-117.5583243,34.0161675],[-117.5583294,34.0153756],[-117.558331,34.015129],[-117.5583316,34.0150457],[-117.5583318,34.0150158],[-117.5583338,34.014717],[-117.5583338,34.0147109],[-117.5583347,34.0145799],[-117.5583392,34.0139088],[-117.5583427,34.0133809],[-117.5583509,34.0121665],[-117.5583527,34.0119038],[-117.5583544,34.0116662],[-117.5583544,34.0116618],[-117.5583552,34.0115472],[-117.5583553,34.0115253],[-117.5583558,34.0114424],[-117.5583559,34.0114372],[-117.5583561,34.0114026],[-117.5583564,34.0113609],[-117.5583574,34.0112095],[-117.558368,34.009626],[-117.5583755,34.0085033],[-117.5583902,34.0062833],[-117.5583928,34.0059049],[-117.5584025,34.0044337],[-117.5584026,34.0044322],[-117.5584009,34.0032376],[-117.5584008,34.0031591],[-117.5584007,34.0030805],[-117.5584006,34.0030019],[-117.5584005,34.0029234],[-117.5584004,34.0028448],[-117.5584002,34.0027662],[-117.5584001,34.0026877],[-117.5584,34.0026091],[-117.5583999,34.0025305],[-117.5583998,34.002452],[-117.5583997,34.0023734],[-117.5583996,34.0022949],[-117.5583995,34.0022163],[-117.5583994,34.0021377],[-117.5583964,34.0000174],[-117.5583956,33.9994656],[-117.5583955,33.9993871],[-117.5583954,33.9993085],[-117.5583953,33.9992299],[-117.5583953,33.9992291],[-117.5583952,33.9991505],[-117.5583951,33.9990719],[-117.558395,33.9989934],[-117.5583949,33.9989148],[-117.5583948,33.9988362],[-117.5583948,33.9988353],[-117.5583947,33.9987568],[-117.5583946,33.9986782],[-117.5583945,33.9985996],[-117.5583944,33.9985211],[-117.5583943,33.9984425],[-117.5583941,33.9983639],[-117.558394,33.9982854],[-117.5583939,33.9982068],[-117.5583938,33.9981283],[-117.5583937,33.9980497],[-117.5583936,33.9979711],[-117.5583935,33.9978926],[-117.5583934,33.997814],[-117.5583933,33.9977354],[-117.5583932,33.9976569],[-117.5583931,33.9975783],[-117.5583931,33.9975774],[-117.558393,33.9974988],[-117.5583929,33.9974203],[-117.5583927,33.9973417],[-117.5583926,33.9972631],[-117.5583925,33.9971846],[-117.5583924,33.997106],[-117.5583923,33.9970275],[-117.5583922,33.9969489],[-117.5583921,33.9968703],[-117.558392,33.9967918],[-117.5583919,33.9967132],[-117.5583918,33.9966346],[-117.5583917,33.9965561],[-117.5583916,33.9964775],[-117.5583915,33.9963989],[-117.5583911,33.9961623],[-117.558391,33.9960838],[-117.5583909,33.9960052],[-117.5583908,33.9959267],[-117.5583907,33.9958481],[-117.5583906,33.9957695],[-117.5583906,33.9957686],[-117.5583905,33.9956901],[-117.5583904,33.9956115],[-117.5583903,33.9955329],[-117.5583903,33.995532],[-117.5583902,33.9954535],[-117.5583901,33.9953749],[-117.55839,33.9952963],[-117.5583899,33.9952178],[-117.5583897,33.9951392],[-117.5583896,33.9950607],[-117.5583895,33.9949821],[-117.5583894,33.9949026],[-117.5583893,33.9948241],[-117.5583892,33.9947455],[-117.5583891,33.9946669],[-117.558389,33.9945884],[-117.5583889,33.9945098],[-117.5583888,33.9944312],[-117.5583887,33.9943527],[-117.5583886,33.9942741],[-117.5583885,33.9941955],[-117.5583884,33.994117],[-117.5583883,33.9940384],[-117.5583881,33.9939598],[-117.558388,33.9938813],[-117.5583879,33.9938027],[-117.5583878,33.9937242],[-117.5583877,33.9936456],[-117.5583875,33.9934894],[-117.5583875,33.9934885],[-117.5583874,33.9934108],[-117.5583873,33.9933322],[-117.5583872,33.9932537],[-117.5583871,33.993176],[-117.558387,33.9930974],[-117.5583869,33.9930189],[-117.5583868,33.9929403],[-117.5583866,33.9928617],[-117.5583865,33.9927841],[-117.5583865,33.9927832],[-117.5583864,33.9927055],[-117.5583863,33.9926269],[-117.5583862,33.9925484],[-117.5583861,33.9924698],[-117.558386,33.9923912],[-117.5583859,33.9923127],[-117.5583858,33.9922341],[-117.5583857,33.9921556],[-117.5583856,33.9920779],[-117.5583855,33.9919993],[-117.5583854,33.9919217],[-117.5583854,33.9919208],[-117.5583853,33.9918431],[-117.5583852,33.9917654],[-117.5583851,33.9917645],[-117.558385,33.9916869],[-117.5583849,33.9916083],[-117.5583848,33.9915297],[-117.5583847,33.9914512],[-117.5583845,33.991294],[-117.5583844,33.9912155],[-117.5583843,33.9911369],[-117.5583842,33.9910592],[-117.5583842,33.9910583],[-117.5583841,33.9909807],[-117.558384,33.990954],[-117.558384,33.9909021],[-117.5583839,33.9908235],[-117.5583805,33.9885375],[-117.5583804,33.9884653],[-117.5605498,33.9877722],[-117.5605499,33.9877721],[-117.5606421,33.9877427],[-117.5606864,33.9877286],[-117.5625628,33.987129],[-117.5626564,33.9870991],[-117.562797,33.9870542],[-117.563363,33.9868734],[-117.5654803,33.9861968],[-117.5670502,33.9856952],[-117.5671367,33.9856675],[-117.567141,33.9856662],[-117.5671887,33.9856509],[-117.5692714,33.9849854],[-117.5713461,33.9843223],[-117.5714385,33.9842928],[-117.571455,33.9842875],[-117.5715244,33.9842653],[-117.5715331,33.9842625],[-117.5718678,33.9841556],[-117.5721709,33.9840587],[-117.5732099,33.9837266],[-117.5734035,33.9836648],[-117.574038,33.983462],[-117.5740553,33.9834564],[-117.5743498,33.9833623],[-117.5743815,33.9833523],[-117.5747928,33.9832232],[-117.5801479,33.9815764],[-117.5807646,33.9813811],[-117.5812431,33.9812295],[-117.5817787,33.9810599],[-117.5822991,33.9808951],[-117.58237,33.9808964],[-117.5838681,33.9804197],[-117.5854051,33.9799359],[-117.5868796,33.9794704],[-117.5884217,33.9789755],[-117.59005,33.9784538],[-117.5916276,33.9779603],[-117.5921551,33.977771],[-117.5930525,33.9774332],[-117.5931418,33.9774003],[-117.5935514,33.9773446],[-117.5944871,33.976979],[-117.5998493,33.9753059],[-117.5999848,33.9752645],[-117.6000569,33.9752426],[-117.6003248,33.975161],[-117.6005104,33.9751044],[-117.6006619,33.9750582],[-117.601074,33.9749326],[-117.6012229,33.9748872],[-117.6013194,33.9748578],[-117.6016013,33.9747719],[-117.6018902,33.9746839],[-117.6032794,33.9742439],[-117.603365,33.9742167],[-117.603397,33.9742066],[-117.6034947,33.9741757],[-117.6035078,33.9741715],[-117.6035341,33.9741632],[-117.6035473,33.974159],[-117.6035604,33.9741548],[-117.6035736,33.9741507],[-117.6035868,33.9741465],[-117.6035999,33.9741423],[-117.6036131,33.9741382],[-117.6036262,33.974134],[-117.6036394,33.9741298],[-117.6036442,33.9741283],[-117.6036573,33.9741241],[-117.6036705,33.97412],[-117.6036836,33.9741158],[-117.6036968,33.9741116],[-117.6037099,33.9741075],[-117.6037231,33.9741033],[-117.6037279,33.9741018],[-117.6037459,33.9740961],[-117.6037686,33.9740889],[-117.6037734,33.9740874],[-117.6037782,33.9740858],[-117.6037914,33.9740817],[-117.6038046,33.9740775],[-117.6038357,33.9740677],[-117.603862,33.9740593],[-117.6038751,33.9740552],[-117.6038883,33.974051],[-117.603972,33.9740245],[-117.6039852,33.9740203],[-117.6040031,33.9740146],[-117.6040163,33.9740104],[-117.6040294,33.9740063],[-117.6040342,33.9740048],[-117.6040474,33.9740006],[-117.6040654,33.9739949],[-117.6040702,33.9739934],[-117.6040833,33.9739892],[-117.6040965,33.973985],[-117.6041096,33.9739809],[-117.6041228,33.9739767],[-117.6041539,33.9739669],[-117.6042521,33.9739358],[-117.6042784,33.9739274],[-117.6042915,33.9739233],[-117.6043047,33.9739191],[-117.6043178,33.9739149],[-117.6043226,33.9739134],[-117.6043813,33.9738948],[-117.604422,33.9738819],[-117.6044352,33.9738778],[-117.6044615,33.9738694],[-117.6045058,33.9738554],[-117.6045189,33.9738512],[-117.6045584,33.9738387],[-117.6046505,33.9738096],[-117.6046768,33.9738012],[-117.6046899,33.9737971],[-117.6046947,33.9737955],[-117.6047079,33.9737914],[-117.604721,33.9737872],[-117.604739,33.9737815],[-117.6047522,33.9737774],[-117.6047833,33.9737675],[-117.6047964,33.9737633],[-117.6048275,33.9737535],[-117.6048407,33.9737493],[-117.6048933,33.9737326],[-117.6049244,33.9737228],[-117.6049388,33.9737182],[-117.60497,33.9737084],[-117.6049844,33.9737038],[-117.6050071,33.9736966],[-117.6050203,33.9736924],[-117.6051124,33.9736633],[-117.6051961,33.9736367],[-117.6052224,33.9736284],[-117.6052356,33.9736242],[-117.6052487,33.9736201],[-117.605275,33.9736117],[-117.6053013,33.9736034],[-117.605354,33.9735867],[-117.6053803,33.9735784],[-117.6054114,33.9735685],[-117.6062107,33.9733153],[-117.6062682,33.9732971],[-117.6063304,33.9732774],[-117.6064404,33.9732426],[-117.6065158,33.9732187],[-117.6065601,33.9732047],[-117.6066175,33.9731865],[-117.6066534,33.9731751],[-117.6066893,33.9731637],[-117.6066918,33.9731629],[-117.6067156,33.9731554],[-117.6067551,33.9731429],[-117.6067994,33.9731289],[-117.6068125,33.9731247],[-117.6069011,33.9730966],[-117.6069668,33.9730758],[-117.6069716,33.9730743],[-117.6069979,33.973066],[-117.6070518,33.9730489],[-117.6071272,33.973025],[-117.6071452,33.9730193],[-117.6071763,33.9730095],[-117.6071859,33.9730064],[-117.6072087,33.9729992],[-117.6072398,33.9729893],[-117.6072972,33.9729712],[-117.6073546,33.972953],[-117.6073941,33.9729405],[-117.6074862,33.9729113],[-117.6075352,33.9728957],[-117.6075628,33.972887],[-117.6076023,33.9728745],[-117.6076382,33.9728631],[-117.6077219,33.9728366],[-117.6078188,33.9728059],[-117.6078583,33.9727934],[-117.6079288,33.9727711],[-117.6079828,33.9727539],[-117.6081467,33.972702],[-117.608478,33.9725971],[-117.6085175,33.9725846],[-117.6085617,33.9725706],[-117.6085749,33.9725664],[-117.6086288,33.9725493],[-117.6086743,33.9725349],[-117.608758,33.9725084],[-117.6087712,33.9725042],[-117.6088238,33.9724875],[-117.6089159,33.9724584],[-117.6090079,33.9724292],[-117.6090737,33.9724084],[-117.609118,33.9723943],[-117.6091443,33.972386],[-117.6091719,33.9723773],[-117.609252,33.9723519],[-117.6093406,33.9723238],[-117.6093717,33.972314],[-117.6093848,33.9723098],[-117.6094028,33.9723041],[-117.6094387,33.9722927],[-117.6095285,33.9722643],[-117.6095644,33.9722529],[-117.6095956,33.972243],[-117.6096219,33.9722347],[-117.6096293,33.9722323],[-117.6096613,33.9722222],[-117.6096745,33.972218],[-117.6097367,33.9721983],[-117.6097906,33.9721812],[-117.609848,33.9721631],[-117.6098875,33.9721506],[-117.6099664,33.9721256],[-117.6100597,33.972096],[-117.6100777,33.9720903],[-117.6101399,33.9720706],[-117.6101579,33.9720649],[-117.6102021,33.9720509],[-117.6102284,33.9720425],[-117.6102644,33.9720311],[-117.6103529,33.9720031],[-117.6104055,33.9719864],[-117.6104366,33.9719766],[-117.6104629,33.9719682],[-117.6104809,33.9719625],[-117.6104905,33.9719595],[-117.6105168,33.9719512],[-117.61053,33.971947],[-117.6105431,33.9719428],[-117.6105563,33.9719387],[-117.610579,33.9719315],[-117.6106053,33.9719231],[-117.6106185,33.971919],[-117.610658,33.9719065],[-117.6107106,33.9718898],[-117.6107417,33.9718799],[-117.610771,33.9718706],[-117.6107738,33.9718697],[-117.6108653,33.9718408],[-117.6109555,33.9718122],[-117.6109556,33.9718065],[-117.6109565,33.9717201],[-117.6109573,33.9716455],[-117.6109574,33.971636],[-117.6109574,33.9716358],[-117.6109578,33.9716073],[-117.6109581,33.9715709],[-117.6109582,33.971569],[-117.6109582,33.9715686],[-117.6109583,33.9715595],[-117.6109585,33.9715399],[-117.6109586,33.9715304],[-117.6109587,33.9715212],[-117.6109588,33.9715117],[-117.6109588,33.9715112],[-117.6109589,33.9715017],[-117.610959,33.9714921],[-117.6109591,33.9714826],[-117.6109592,33.971473],[-117.6109594,33.9714539],[-117.6109596,33.9714348],[-117.6109602,33.9713772],[-117.6109603,33.9713678],[-117.6109607,33.9713294],[-117.610961,33.9713104],[-117.6109615,33.9712626],[-117.6109617,33.9712435],[-117.6109618,33.9712339],[-117.6109618,33.9712337],[-117.6109619,33.9712244],[-117.610962,33.9712148],[-117.6109623,33.9711861],[-117.6109625,33.9711668],[-117.6109626,33.9711572],[-117.6109629,33.9711288],[-117.6109629,33.9711285],[-117.6109637,33.971052],[-117.6109638,33.9710427],[-117.6109644,33.9709853],[-117.6109647,33.970966],[-117.6109651,33.9709279],[-117.6109655,33.9708895],[-117.6109661,33.9708323],[-117.6109662,33.9708225],[-117.6109675,33.9706985],[-117.6109675,33.970698],[-117.6109683,33.9706315],[-117.6109689,33.9705741],[-117.6109689,33.9705735],[-117.6109696,33.9705072],[-117.6109698,33.9704874],[-117.6109699,33.9704785],[-117.6109702,33.97045],[-117.6109705,33.9704203],[-117.6109707,33.9704022],[-117.6109714,33.9703438],[-117.6109715,33.9703257],[-117.610972,33.9702875],[-117.6109722,33.9702684],[-117.6109725,33.9702386],[-117.6109727,33.9702205],[-117.6109732,33.9701717],[-117.6109738,33.9701143],[-117.6109746,33.9700378],[-117.6109754,33.9699709],[-117.6109761,33.9699039],[-117.6109769,33.9698274],[-117.6109776,33.9697605],[-117.6109779,33.9697318],[-117.6109786,33.9696744],[-117.6109794,33.9695979],[-117.6109799,33.9695501],[-117.6109805,33.9694928],[-117.610981,33.9694449],[-117.6109816,33.9693876],[-117.6109819,33.9693589],[-117.6109825,33.9693111],[-117.6109832,33.9692441],[-117.6109841,33.9691579],[-117.6109846,33.96911],[-117.6109847,33.9691005],[-117.6109851,33.9690622],[-117.610986,33.9689857],[-117.6109865,33.9689379],[-117.6109867,33.9689186],[-117.6109873,33.9688612],[-117.6109878,33.9688134],[-117.610988,33.9687943],[-117.6109883,33.9687656],[-117.6109888,33.9687178],[-117.6109892,33.9686891],[-117.6109896,33.9686508],[-117.6109899,33.9686222],[-117.6109902,33.9685935],[-117.6109907,33.9685454],[-117.610991,33.9685165],[-117.6109914,33.9684783],[-117.6109919,33.9684305],[-117.6109921,33.9684185],[-117.6109926,33.9683729],[-117.610993,33.9683347],[-117.6109933,33.968306],[-117.6109937,33.9682677],[-117.6109941,33.9682295],[-117.6109943,33.9682103],[-117.6109945,33.9681912],[-117.6109945,33.968191],[-117.6109946,33.968181],[-117.6109946,33.9681808],[-117.6109946,33.9681806],[-117.6109946,33.9681804],[-117.6109946,33.9681802],[-117.6109946,33.96818],[-117.6109952,33.9681251],[-117.6109959,33.9680581],[-117.6109961,33.968043],[-117.6109962,33.9680388],[-117.6109961,33.9679702],[-117.610996,33.9679606],[-117.610996,33.9679513],[-117.6109959,33.9678954],[-117.6109959,33.9678948],[-117.6109959,33.9678565],[-117.6109959,33.9678285],[-117.6109959,33.9678278],[-117.6109958,33.9678087],[-117.6109958,33.9677903],[-117.6109958,33.9677616],[-117.6109958,33.967761],[-117.6109957,33.9677418],[-117.6109957,33.9677233],[-117.6109957,33.9677035],[-117.6109956,33.9676748],[-117.6109956,33.9676659],[-117.6109956,33.9676556],[-117.6109956,33.9676364],[-117.6109956,33.9676181],[-117.6109955,33.9676173],[-117.6109955,33.967599],[-117.6109955,33.9675798],[-117.6109955,33.9675695],[-117.6109954,33.9675312],[-117.6109954,33.9675225],[-117.6109954,33.967512],[-117.6109954,33.9674938],[-117.6109953,33.9674737],[-117.6109953,33.9674651],[-117.6109953,33.9674459],[-117.6109953,33.9674355],[-117.6109952,33.9674077],[-117.6109952,33.967379],[-117.6109952,33.9673789],[-117.6109952,33.9673783],[-117.6109952,33.9673406],[-117.6109952,33.9673403],[-117.6109951,33.9672737],[-117.6109951,33.9672734],[-117.610995,33.9672543],[-117.610995,33.9672257],[-117.610995,33.9672256],[-117.610995,33.9672066],[-117.6109949,33.9671875],[-117.6109949,33.9671684],[-117.6109948,33.96713],[-117.6109948,33.9670918],[-117.6109947,33.9670534],[-117.6109947,33.967025],[-117.6109947,33.9670055],[-117.6109947,33.9669963],[-117.6109946,33.9669577],[-117.6109945,33.9669198],[-117.6109945,33.9669003],[-117.6109945,33.9668624],[-117.6109944,33.9668334],[-117.6109944,33.9667955],[-117.6109944,33.9667951],[-117.6109943,33.9667572],[-117.6109943,33.9667473],[-117.6109943,33.9667186],[-117.6109942,33.9666995],[-117.6109942,33.9666807],[-117.6109942,33.9666516],[-117.6109941,33.9666134],[-117.6109941,33.9665946],[-117.610994,33.9665751],[-117.610994,33.9665372],[-117.610994,33.9665326],[-117.610994,33.9665325],[-117.610996,33.965839],[-117.610996,33.9658336],[-117.6109985,33.9650143],[-117.6109982,33.9646535],[-117.6109979,33.9645699],[-117.6109949,33.9635197],[-117.6109946,33.9634385],[-117.6109946,33.9634354],[-117.6109944,33.963351],[-117.6109901,33.9618934],[-117.6109898,33.9618133],[-117.6109898,33.9618098],[-117.6109896,33.9617262],[-117.6109866,33.9607724],[-117.610985,33.9601678],[-117.6109849,33.9601498],[-117.6109847,33.9600662],[-117.6109846,33.9600636],[-117.6109848,33.9599967],[-117.6109848,33.9599826],[-117.6109829,33.9599193],[-117.6109833,33.9598499],[-117.6109883,33.9581742],[-117.6109884,33.9581677],[-117.6109884,33.9581381],[-117.6109885,33.9580712],[-117.6109886,33.9580426],[-117.6109886,33.958033],[-117.6109887,33.9579946],[-117.6109888,33.9579371],[-117.6109888,33.9579179],[-117.6109889,33.95787],[-117.6109891,33.957803],[-117.6109892,33.9577552],[-117.6109892,33.9577358],[-117.6109893,33.9576878],[-117.6109894,33.9576496],[-117.6109894,33.9576305],[-117.6109894,33.9576113],[-117.6109895,33.9575922],[-117.6109895,33.9575731],[-117.6109896,33.9575444],[-117.6109897,33.9574966],[-117.6109897,33.9574487],[-117.6109898,33.9574009],[-117.6109899,33.9573722],[-117.61099,33.9573244],[-117.6109901,33.957267],[-117.6109902,33.9572248],[-117.6109902,33.9572193],[-117.6109902,33.9571907],[-117.6109903,33.9571811],[-117.6109903,33.9571618],[-117.6109903,33.9571523],[-117.6109903,33.9571427],[-117.6109903,33.9571412],[-117.6109901,33.9571112],[-117.6109901,33.9571088],[-117.6109913,33.9565808],[-117.6109914,33.9565403],[-117.610992,33.9562892],[-117.6109923,33.9561385],[-117.6109924,33.9560906],[-117.6109924,33.9560524],[-117.6109925,33.9560331],[-117.6109926,33.9559853],[-117.6109927,33.9559184],[-117.6109928,33.9558704],[-117.610993,33.9557845],[-117.6109931,33.9557271],[-117.6109931,33.9556888],[-117.6109932,33.9556601],[-117.6109933,33.9556216],[-117.6109933,33.9555832],[-117.6109934,33.9555354],[-117.6109938,33.9553693],[-117.6109938,33.9553612],[-117.6109939,33.9552775],[-117.610994,33.95522],[-117.6109941,33.9551912],[-117.6109941,33.9551721],[-117.6109942,33.9551241],[-117.6109944,33.9550476],[-117.6109945,33.9550093],[-117.6109946,33.9549425],[-117.6109947,33.9548757],[-117.6109948,33.9548279],[-117.6109948,33.9548088],[-117.6109949,33.9547897],[-117.6109949,33.9547514],[-117.610995,33.9547227],[-117.6109951,33.9546653],[-117.6109956,33.9544068],[-117.6109957,33.9543494],[-117.6109957,33.9543399],[-117.6109958,33.9543303],[-117.6109958,33.9543016],[-117.6109959,33.9542539],[-117.6109959,33.9542348],[-117.610996,33.9542252],[-117.610996,33.9541965],[-117.6109961,33.9541679],[-117.6109961,33.9541487],[-117.6109962,33.9541103],[-117.6109962,33.9540912],[-117.6109963,33.9540529],[-117.6109964,33.9540053],[-117.6109965,33.9539385],[-117.6109972,33.9536094],[-117.6109973,33.9535389],[-117.6109973,33.9535309],[-117.6109973,33.9535296],[-117.6109974,33.9533455],[-117.6109975,33.9531822],[-117.6109978,33.9527998],[-117.6109978,33.9527902],[-117.6109978,33.9527711],[-117.6109978,33.9527617],[-117.6109978,33.9527521],[-117.6109978,33.952733],[-117.6109979,33.9526852],[-117.6109979,33.9526375],[-117.6109979,33.9526278],[-117.6109979,33.9526182],[-117.6109979,33.9526085],[-117.6109979,33.9525798],[-117.610998,33.9525319],[-117.610998,33.9525034],[-117.610998,33.9525032],[-117.610998,33.9524745],[-117.610998,33.9524461],[-117.6109981,33.9524174],[-117.6109981,33.9524078],[-117.6109981,33.9524075],[-117.6109981,33.9523887],[-117.6109981,33.9523597],[-117.6109981,33.9523409],[-117.6109981,33.9523215],[-117.6109982,33.952172],[-117.6109983,33.9520151],[-117.6109983,33.9519769],[-117.6109984,33.9519578],[-117.6109984,33.9519386],[-117.6109984,33.9519196],[-117.6109984,33.9518814],[-117.6109984,33.9518431],[-117.6109985,33.9518241],[-117.6109985,33.9517954],[-117.6109985,33.9517667],[-117.6109985,33.9517572],[-117.6109985,33.9517285],[-117.6109985,33.9516998],[-117.6109985,33.9516807],[-117.6109986,33.9516615],[-117.6109986,33.9515945],[-117.6109987,33.9515084],[-117.6109987,33.951451],[-117.6109987,33.9513936],[-117.6109988,33.9513171],[-117.6109988,33.9512501],[-117.6109989,33.9511736],[-117.6109989,33.9510971],[-117.610999,33.9510396],[-117.610999,33.9509916],[-117.6109991,33.9508134],[-117.6109991,33.950812],[-117.6109994,33.9504676],[-117.6109995,33.9501867],[-117.6109996,33.9500351],[-117.6109997,33.9499584],[-117.6109997,33.9498915],[-117.6109998,33.9498628],[-117.6109998,33.9498246],[-117.6109998,33.9497766],[-117.6109999,33.9497096],[-117.6109999,33.9496523],[-117.611,33.9495317],[-117.611,33.9495189],[-117.6110001,33.9493174],[-117.6110001,33.9492981],[-117.6110002,33.9492599],[-117.6110002,33.9492312],[-117.6110002,33.9491932],[-117.6110002,33.9491836],[-117.6110002,33.9491549],[-117.6110003,33.9491262],[-117.6110003,33.9490881],[-117.6110003,33.9490307],[-117.6110004,33.9489576],[-117.6110004,33.948956],[-117.6110004,33.9489542],[-117.6110004,33.9489497],[-117.6110004,33.9489387],[-117.6110004,33.9489324],[-117.6110004,33.9489255],[-117.6110004,33.9489214],[-117.6110004,33.9489151],[-117.6110004,33.9489026],[-117.6110004,33.9488869],[-117.6110004,33.9488775],[-117.6110004,33.9488681],[-117.6110004,33.9488618],[-117.6110004,33.9488492],[-117.6110005,33.9488319],[-117.6110005,33.9488209],[-117.6110005,33.9488107],[-117.6110005,33.9488099],[-117.6110005,33.9487989],[-117.6110005,33.948791],[-117.6110005,33.9487847],[-117.6110005,33.9487737],[-117.6110005,33.9487502],[-117.6110005,33.9487344],[-117.6110005,33.9487341],[-117.6110005,33.9487234],[-117.6110005,33.9487062],[-117.6110006,33.9486904],[-117.6110006,33.9486863],[-117.6110006,33.9486732],[-117.6110006,33.9486527],[-117.6110006,33.9486275],[-117.6110006,33.9486193],[-117.6110006,33.9486039],[-117.6110006,33.9485867],[-117.6110006,33.9485489],[-117.6110007,33.9485332],[-117.6110007,33.9485317],[-117.6110007,33.9484759],[-117.6110008,33.9482597],[-117.6110009,33.9482393],[-117.6110009,33.9482236],[-117.6110009,33.9482141],[-117.6110009,33.9482047],[-117.6110009,33.9481874],[-117.6110009,33.9481583],[-117.611001,33.948091],[-117.611001,33.9480788],[-117.611001,33.9480191],[-117.611001,33.9479882],[-117.611001,33.9479689],[-117.6110011,33.9479417],[-117.6110011,33.947899],[-117.6110011,33.9478525],[-117.6110011,33.9478136],[-117.6110012,33.9477864],[-117.6110012,33.9477475],[-117.6110012,33.9477164],[-117.6110012,33.9476698],[-117.6110013,33.9476271],[-117.6110013,33.9475844],[-117.6110013,33.9475572],[-117.6110013,33.9475106],[-117.6110014,33.9474601],[-117.6110014,33.9474175],[-117.6110014,33.9473748],[-117.6110015,33.9473283],[-117.6110015,33.947305],[-117.6110015,33.9472816],[-117.6110015,33.9472583],[-117.6110015,33.9472273],[-117.6110015,33.9472117],[-117.6110016,33.9471923],[-117.6110016,33.9471612],[-117.6110016,33.947134],[-117.6110016,33.9470991],[-117.6110022,33.9462759],[-117.6110016,33.9457159],[-117.6110006,33.9448074],[-117.6110006,33.9447682],[-117.6110005,33.9446845],[-117.6110003,33.9445225],[-117.6109984,33.9426785],[-117.6109984,33.9426784],[-117.6109977,33.9419962],[-117.6109976,33.941965],[-117.6109969,33.9412768],[-117.6109947,33.9391552],[-117.6109946,33.9390573],[-117.6109946,33.9389279],[-117.6109948,33.9368711],[-117.6109949,33.9356112],[-117.610995,33.9354154],[-117.6109952,33.9333851],[-117.6109953,33.9325705],[-117.6109954,33.9317722],[-117.6109954,33.9317016],[-117.6109954,33.9316878],[-117.6109954,33.9316878],[-117.6109954,33.9316053],[-117.6109954,33.9314191],[-117.6109955,33.9312215],[-117.6109955,33.9312213],[-117.6109955,33.9311886],[-117.6109955,33.9311397],[-117.6109955,33.9311068],[-117.6109955,33.9310418],[-117.6109955,33.931025],[-117.6109955,33.93096],[-117.6109955,33.9309486],[-117.6109955,33.9309455],[-117.6109955,33.9309432],[-117.6109955,33.930929],[-117.6109956,33.9309126],[-117.6109956,33.9308963],[-117.6109956,33.930895],[-117.6109956,33.9308799],[-117.6109956,33.9308614],[-117.6109956,33.9308459],[-117.6109956,33.9308132],[-117.6109956,33.9307968],[-117.6109956,33.9307959],[-117.6109956,33.9307817],[-117.6109956,33.9307632],[-117.6109956,33.930749],[-117.6109956,33.9307477],[-117.6109956,33.930715],[-117.6109956,33.9306999],[-117.6109956,33.9306836],[-117.6109956,33.9306814],[-117.6109956,33.9306659],[-117.6109956,33.9306345],[-117.6109956,33.9306181],[-117.6109956,33.9306003],[-117.6109956,33.9305835],[-117.6109956,33.9305691],[-117.6109956,33.9305512],[-117.6109956,33.930518],[-117.6109956,33.9305036],[-117.6109956,33.930453],[-117.6109957,33.9304362],[-117.6109957,33.9304218],[-117.6109957,33.9304201],[-117.6109957,33.9304199],[-117.6109957,33.9304083],[-117.6109957,33.9303727],[-117.6109957,33.9303712],[-117.6109957,33.9303222],[-117.6109957,33.9303073],[-117.6109957,33.9302731],[-117.6109957,33.9302419],[-117.6109957,33.9302092],[-117.6109957,33.9301917],[-117.6109957,33.9301601],[-117.6109957,33.9300936],[-117.6109957,33.9300292],[-117.6109957,33.9300281],[-117.6109957,33.9299627],[-117.6109957,33.9299463],[-117.6109958,33.929882],[-117.6109958,33.9298316],[-117.6109958,33.9297825],[-117.6109958,33.9297674],[-117.6109958,33.9297005],[-117.6109958,33.9296514],[-117.6109958,33.9296202],[-117.6109958,33.9296187],[-117.6109958,33.9296023],[-117.6109958,33.9295899],[-117.6109959,33.9294403],[-117.6109959,33.9291949],[-117.6109959,33.9290149],[-117.610996,33.9288349],[-117.610996,33.9286714],[-117.610996,33.9285568],[-117.6109961,33.9283603],[-117.6109961,33.9280822],[-117.6109962,33.9279513],[-117.6109962,33.9278695],[-117.6109962,33.9277714],[-117.6109962,33.9276896],[-117.6109962,33.9275914],[-117.6109963,33.9274932],[-117.6109963,33.9273624],[-117.6109963,33.9272479],[-117.6109963,33.9271678],[-117.6109963,33.9271497],[-117.6109963,33.927084],[-117.6109964,33.9269529],[-117.6109964,33.9268384],[-117.6109964,33.9267566],[-117.6109964,33.9266585],[-117.6109965,33.9265435],[-117.6109965,33.9264617],[-117.6109965,33.926265],[-117.6109965,33.9261177],[-117.6109966,33.9260196],[-117.6109966,33.9259051],[-117.6109966,33.9257744],[-117.6109966,33.9256438],[-117.6109967,33.9255127],[-117.6109967,33.9253981],[-117.6109967,33.9252836],[-117.6109967,33.9251859],[-117.6109967,33.9251041],[-117.6109968,33.9250223],[-117.6109968,33.9249405],[-117.6109968,33.9248587],[-117.6109968,33.9247931],[-117.6109968,33.9246622],[-117.6109969,33.9245477],[-117.6109969,33.924482],[-117.6109969,33.9244166],[-117.6109969,33.9242462],[-117.6109969,33.9241638],[-117.6109969,33.9241638],[-117.610997,33.9241638],[-117.6109971,33.9241638],[-117.6110958,33.9241654],[-117.6153376,33.9242331],[-117.6154365,33.9242347],[-117.6154365,33.9242309],[-117.6154374,33.9241523],[-117.6154396,33.9239448],[-117.6155125,33.9172853],[-117.6155134,33.9172066],[-117.6155134,33.9172029],[-117.6154151,33.9171938],[-117.6120242,33.9168788],[-117.6110934,33.9171016],[-117.6110104,33.9171215],[-117.6109984,33.9171244],[-117.6109984,33.917114],[-117.6109984,33.9171134],[-117.6109984,33.9171127],[-117.6109984,33.917112],[-117.6109984,33.9171113],[-117.6109984,33.9171107],[-117.6109984,33.91711],[-117.6109984,33.9171093],[-117.6109984,33.9170989],[-117.6109544,33.9115189],[-117.6109425,33.9100002],[-117.6109424,33.9099957],[-117.6104366,33.9099823],[-117.6104271,33.9099821],[-117.6103073,33.909771],[-117.6093835,33.908144],[-117.6093412,33.9080695],[-117.6092977,33.9079955],[-117.6092894,33.9079813],[-117.6091734,33.9077734],[-117.6091291,33.9076941],[-117.6091227,33.9076825],[-117.6076021,33.9095067],[-117.6076,33.9095885],[-117.6075579,33.9112345],[-117.6075079,33.9115141],[-117.6074509,33.9118322],[-117.6073961,33.9121386],[-117.6073472,33.9124116],[-117.6063887,33.9127853],[-117.6051461,33.913683],[-117.6047205,33.9140271],[-117.6044753,33.9142185],[-117.6041329,33.9144611],[-117.6038135,33.9146867],[-117.6034941,33.9149122],[-117.603465,33.9149328],[-117.6034152,33.914968],[-117.6031628,33.9151988],[-117.6028411,33.9154928],[-117.6025635,33.9157461],[-117.6025336,33.9157734],[-117.6023001,33.9160103],[-117.6020175,33.9162971],[-117.6016742,33.9166456],[-117.6014125,33.9169111],[-117.6012828,33.9170427],[-117.60118,33.9171471],[-117.6010058,33.9173258],[-117.600467,33.9178784],[-117.600143,33.9182109],[-117.5997402,33.918624],[-117.5997332,33.9186312],[-117.5994802,33.9188907],[-117.5984733,33.9199235],[-117.5982761,33.9199856],[-117.5965958,33.9205141],[-117.5952551,33.9206021],[-117.5950987,33.9206124],[-117.5949855,33.9206203],[-117.5949248,33.9206245],[-117.5950583,33.9207704],[-117.5950849,33.9207995],[-117.595109,33.9208258],[-117.5951331,33.9208522],[-117.5951668,33.9208891],[-117.5952006,33.920926],[-117.5952247,33.9209524],[-117.5952585,33.9209893],[-117.5952826,33.9210156],[-117.5953091,33.9210447],[-117.5953382,33.9210765],[-117.5953648,33.9211055],[-117.5953846,33.9211272],[-117.5953914,33.9211346],[-117.5954054,33.9211499],[-117.595418,33.9211636],[-117.5954421,33.92119],[-117.5954686,33.921219],[-117.5954927,33.9212454],[-117.5955193,33.9212744],[-117.5955375,33.9212943],[-117.5955459,33.9213035],[-117.5955725,33.9213325],[-117.595599,33.9213616],[-117.5956256,33.9213906],[-117.5956357,33.9214017],[-117.5956522,33.9214197],[-117.5956788,33.9214488],[-117.5957054,33.9214778],[-117.5957392,33.9215148],[-117.5957632,33.9215411],[-117.5957873,33.9215674],[-117.5958139,33.9215965],[-117.5958405,33.9216255],[-117.5958671,33.9216546],[-117.5958937,33.9216836],[-117.5959177,33.92171],[-117.5959515,33.9217469],[-117.5959756,33.9217732],[-117.5959798,33.9217779],[-117.5960094,33.9218102],[-117.5960335,33.9218365],[-117.59606,33.9218655],[-117.5960866,33.9218946],[-117.5961132,33.9219237],[-117.5962425,33.922065],[-117.5963475,33.9221798],[-117.596374,33.9222088],[-117.5964006,33.9222379],[-117.5964247,33.9222642],[-117.5964353,33.9222757],[-117.5964513,33.9222932],[-117.5964779,33.9223223],[-117.596507,33.9223541],[-117.596536,33.9223859],[-117.5965494,33.9224005],[-117.5965651,33.9224177],[-117.5965942,33.9224495],[-117.5966183,33.9224758],[-117.5966424,33.9225021],[-117.5966664,33.9225285],[-117.5966905,33.9225548],[-117.5967146,33.9225811],[-117.5967387,33.9226074],[-117.5967628,33.9226338],[-117.5967869,33.9226601],[-117.5967899,33.9226634],[-117.5968135,33.9226892],[-117.5968375,33.9227155],[-117.5968616,33.9227418],[-117.5968882,33.9227709],[-117.5969173,33.9228027],[-117.5969414,33.922829],[-117.5969476,33.9228358],[-117.5969705,33.9228608],[-117.5969995,33.9228926],[-117.597057,33.9229554],[-117.5970698,33.9229694],[-117.5970724,33.9229723],[-117.5971223,33.9230268],[-117.5971992,33.9231106],[-117.5972445,33.92316],[-117.5976795,33.9236344],[-117.597612,33.9237864],[-117.5976121,33.9237865],[-117.597612,33.9237868],[-117.5970475,33.9250238],[-117.5961584,33.9269722],[-117.5953767,33.9273368],[-117.5931281,33.9283854],[-117.5927326,33.9285698],[-117.5923631,33.9287421],[-117.5923461,33.9287501],[-117.5923371,33.9287543],[-117.5923366,33.9287545],[-117.5923361,33.9287547],[-117.5923358,33.9287548],[-117.5923353,33.9287551],[-117.5923348,33.9287553],[-117.5923343,33.9287555],[-117.592334,33.9287557],[-117.5923335,33.9287559],[-117.592333,33.9287561],[-117.5923328,33.9287563],[-117.5923325,33.9287564],[-117.5923322,33.9287565],[-117.5923315,33.9287569],[-117.5923307,33.9287572],[-117.5923302,33.9287574],[-117.5923297,33.9287577],[-117.5923289,33.928758],[-117.5923287,33.9287582],[-117.5923282,33.9287584],[-117.5923274,33.9287588],[-117.5923269,33.928759],[-117.5923264,33.9287592],[-117.5923261,33.9287593],[-117.5923257,33.9287596],[-117.5923254,33.9287597],[-117.5923249,33.9287599],[-117.5923246,33.9287601],[-117.5923241,33.9287603],[-117.5923234,33.9287606],[-117.5923226,33.928761],[-117.5923221,33.9287612],[-117.5923216,33.9287615],[-117.5923213,33.9287616],[-117.5923208,33.9287618],[-117.5923206,33.928762],[-117.5923201,33.9287622],[-117.5923193,33.9287625],[-117.5923188,33.9287628],[-117.5923183,33.928763],[-117.592318,33.9287631],[-117.5923175,33.9287634],[-117.5923168,33.9287637],[-117.5923163,33.9287639],[-117.5923158,33.9287642],[-117.5923153,33.9287644],[-117.5923148,33.9287646],[-117.5923143,33.9287649],[-117.5923135,33.9287652],[-117.592313,33.9287655],[-117.5923127,33.9287656],[-117.5923123,33.9287658],[-117.5923118,33.9287661],[-117.5923113,33.9287663],[-117.5923108,33.9287665],[-117.5923103,33.9287667],[-117.5923095,33.9287671],[-117.592309,33.9287673],[-117.5923085,33.9287676],[-117.592308,33.9287678],[-117.5923077,33.9287679],[-117.5923072,33.9287682],[-117.5923067,33.9287684],[-117.592306,33.9287687],[-117.5923055,33.928769],[-117.592305,33.9287692],[-117.5923045,33.9287694],[-117.592304,33.9287697],[-117.5923035,33.9287699],[-117.592303,33.9287701],[-117.5923022,33.9287705],[-117.5923015,33.9287709],[-117.5923012,33.928771],[-117.5923007,33.9287712],[-117.5923002,33.9287714],[-117.5922997,33.9287717],[-117.5922992,33.9287719],[-117.5922984,33.9287723],[-117.5922979,33.9287725],[-117.5922977,33.9287726],[-117.5922972,33.9287729],[-117.5922967,33.9287731],[-117.5922962,33.9287733],[-117.5922954,33.9287737],[-117.5922949,33.9287739],[-117.5922944,33.9287741],[-117.5922942,33.9287743],[-117.5922937,33.9287745],[-117.5922932,33.9287747],[-117.5922922,33.9287752],[-117.5922919,33.9287753],[-117.5922911,33.9287757],[-117.5922904,33.928776],[-117.5922901,33.9287762],[-117.5922896,33.9287764],[-117.5922888,33.9287767],[-117.5922886,33.9287769],[-117.5922881,33.9287771],[-117.5922876,33.9287773],[-117.5922871,33.9287776],[-117.5922868,33.9287777],[-117.5922865,33.9287778],[-117.592286,33.928778],[-117.5922858,33.9287782],[-117.592285,33.9287785],[-117.5922842,33.9287789],[-117.592284,33.928779],[-117.5922835,33.9287792],[-117.592283,33.9287795],[-117.5922825,33.9287797],[-117.5922822,33.9287798],[-117.5922817,33.9287801],[-117.5922809,33.9287804],[-117.5922807,33.9287805],[-117.5922799,33.9287809],[-117.5922794,33.9287811],[-117.5922791,33.9287813],[-117.5922786,33.9287815],[-117.5922784,33.9287816],[-117.5922779,33.9287819],[-117.5922774,33.9287821],[-117.5922769,33.9287823],[-117.5922764,33.9287825],[-117.5922756,33.9287829],[-117.5922753,33.928783],[-117.5922744,33.9287835],[-117.5922741,33.9287836],[-117.5922736,33.9287839],[-117.5922733,33.928784],[-117.5922728,33.9287842],[-117.5922723,33.9287844],[-117.5922718,33.9287847],[-117.5922713,33.9287849],[-117.5922711,33.928785],[-117.5922708,33.9287852],[-117.5922703,33.9287854],[-117.5922698,33.9287856],[-117.592269,33.928786],[-117.5922685,33.9287862],[-117.5922678,33.9287866],[-117.5922673,33.9287868],[-117.5922665,33.9287872],[-117.592266,33.9287874],[-117.5922657,33.9287875],[-117.5922652,33.9287877],[-117.5922645,33.9287881],[-117.5922637,33.9287885],[-117.5922632,33.9287887],[-117.5922629,33.9287888],[-117.5922624,33.928789],[-117.5922622,33.9287892],[-117.5922617,33.9287894],[-117.5922614,33.9287895],[-117.5922609,33.9287898],[-117.5922606,33.9287899],[-117.5922601,33.9287901],[-117.5922596,33.9287904],[-117.5922592,33.9287906],[-117.5922584,33.9287909],[-117.5922579,33.9287912],[-117.5922574,33.9287914],[-117.5922571,33.9287915],[-117.5922566,33.9287918],[-117.5922564,33.9287919],[-117.5922559,33.9287921],[-117.5922554,33.9287923],[-117.5922551,33.9287925],[-117.5922546,33.9287927],[-117.5922541,33.9287929],[-117.5922538,33.9287931],[-117.5922533,33.9287933],[-117.5922528,33.9287935],[-117.5922526,33.9287937],[-117.5922521,33.9287939],[-117.5922516,33.9287941],[-117.5922513,33.9287942],[-117.5922508,33.9287945],[-117.59225,33.9287948],[-117.5922495,33.9287951],[-117.5922493,33.9287952],[-117.5922485,33.9287955],[-117.592248,33.9287958],[-117.5922472,33.9287961],[-117.5922467,33.9287964],[-117.5922462,33.9287966],[-117.5922455,33.928797],[-117.5922447,33.9287973],[-117.5922442,33.9287975],[-117.5922437,33.9287978],[-117.5922432,33.928798],[-117.5922427,33.9287982],[-117.5922422,33.9287985],[-117.5922417,33.9287987],[-117.5922415,33.9287988],[-117.5922407,33.9287992],[-117.5922404,33.9287993],[-117.5922399,33.9287995],[-117.5922394,33.9287998],[-117.5922387,33.9288001],[-117.5922382,33.9288004],[-117.5922377,33.9288006],[-117.5922367,33.9288011],[-117.5922364,33.9288012],[-117.5922359,33.9288014],[-117.5922354,33.9288016],[-117.5922349,33.9288019],[-117.5922344,33.9288021],[-117.5922339,33.9288023],[-117.5922337,33.9288025],[-117.5922332,33.9288027],[-117.5922329,33.9288028],[-117.5922326,33.928803],[-117.5922321,33.9288032],[-117.5922319,33.9288033],[-117.5922314,33.9288035],[-117.5922308,33.9288038],[-117.5922303,33.928804],[-117.5922298,33.9288043],[-117.5922296,33.9288044],[-117.5922286,33.9288048],[-117.5922278,33.9288052],[-117.5922273,33.9288054],[-117.592227,33.9288056],[-117.5922265,33.9288058],[-117.5922263,33.9288059],[-117.5922258,33.9288061],[-117.5922253,33.9288064],[-117.5922248,33.9288066],[-117.5922245,33.9288067],[-117.5922237,33.9288071],[-117.5922232,33.9288073],[-117.5922222,33.9288078],[-117.5922217,33.928808],[-117.5922213,33.9288083],[-117.5922208,33.9288085],[-117.5922203,33.9288087],[-117.5922198,33.9288089],[-117.5922195,33.9288091],[-117.592219,33.9288093],[-117.5922187,33.9288094],[-117.5922182,33.9288097],[-117.5922177,33.9288099],[-117.5922172,33.9288101],[-117.592217,33.9288103],[-117.5922165,33.9288105],[-117.5922157,33.9288108],[-117.5922152,33.9288111],[-117.5922147,33.9288113],[-117.5922142,33.9288115],[-117.5922137,33.9288118],[-117.5922129,33.9288121],[-117.5922125,33.9288124],[-117.592212,33.9288126],[-117.5922115,33.9288128],[-117.592211,33.9288131],[-117.5922105,33.9288133],[-117.59221,33.9288135],[-117.5922092,33.9288139],[-117.5922087,33.9288141],[-117.5922084,33.9288142],[-117.5922079,33.9288145],[-117.5922074,33.9288147],[-117.5922067,33.9288151],[-117.5922064,33.9288152],[-117.5922059,33.9288154],[-117.5922056,33.9288155],[-117.5922051,33.9288158],[-117.5922049,33.9288159],[-117.5922044,33.9288161],[-117.5922041,33.9288163],[-117.5922033,33.9288166],[-117.5922028,33.9288168],[-117.5922026,33.928817],[-117.5922021,33.9288172],[-117.5922018,33.9288173],[-117.5922013,33.9288176],[-117.592201,33.9288177],[-117.5922005,33.9288179],[-117.5922,33.9288181],[-117.5921995,33.9288184],[-117.5921993,33.9288185],[-117.5921988,33.9288187],[-117.592198,33.9288191],[-117.5921975,33.9288193],[-117.5921967,33.9288197],[-117.5921963,33.9288199],[-117.592196,33.92882],[-117.5921955,33.9288203],[-117.592195,33.9288205],[-117.5921945,33.9288207],[-117.5921942,33.9288209],[-117.5921937,33.9288211],[-117.5921932,33.9288213],[-117.592193,33.9288214],[-117.5921925,33.9288217],[-117.5921922,33.9288218],[-117.5921917,33.928822],[-117.5921912,33.9288223],[-117.5921907,33.9288225],[-117.5921902,33.9288227],[-117.5921899,33.9288229],[-117.5921892,33.9288232],[-117.5921887,33.9288234],[-117.5921882,33.9288237],[-117.5921879,33.9288238],[-117.5921874,33.928824],[-117.5921869,33.9288243],[-117.5921861,33.9288246],[-117.5921854,33.928825],[-117.5921846,33.9288253],[-117.5921841,33.9288256],[-117.5921836,33.9288258],[-117.5921834,33.9288259],[-117.5921829,33.9288262],[-117.5921824,33.9288264],[-117.5921821,33.9288265],[-117.5921816,33.9288267],[-117.5921811,33.928827],[-117.5921803,33.9288273],[-117.5921798,33.9288276],[-117.5921796,33.9288277],[-117.5921793,33.9288278],[-117.5921788,33.928828],[-117.5921783,33.9288283],[-117.592178,33.9288284],[-117.5921775,33.9288286],[-117.5921773,33.9288288],[-117.5921768,33.928829],[-117.5921765,33.9288291],[-117.592176,33.9288294],[-117.5921755,33.9288296],[-117.592175,33.9288298],[-117.5921747,33.9288299],[-117.5921742,33.9288302],[-117.5921737,33.9288304],[-117.5921735,33.9288305],[-117.592173,33.9288308],[-117.5921725,33.928831],[-117.5921717,33.9288313],[-117.5921712,33.9288316],[-117.5921707,33.9288318],[-117.5921704,33.9288319],[-117.5921699,33.9288322],[-117.592169,33.9288326],[-117.5921682,33.928833],[-117.5921674,33.9288333],[-117.5921669,33.9288336],[-117.5921662,33.9288339],[-117.5921657,33.9288342],[-117.5921649,33.9288345],[-117.5921644,33.9288348],[-117.5921636,33.9288351],[-117.5921629,33.9288355],[-117.5921628,33.9288355],[-117.5921624,33.9288357],[-117.5921619,33.9288359],[-117.5921616,33.9288361],[-117.5921611,33.9288363],[-117.5921608,33.9288364],[-117.5921606,33.9288365],[-117.5921601,33.9288368],[-117.5921598,33.9288369],[-117.5921593,33.9288371],[-117.592159,33.9288373],[-117.5921585,33.9288375],[-117.5921583,33.9288376],[-117.5921578,33.9288378],[-117.5921575,33.928838],[-117.592157,33.9288382],[-117.5921565,33.9288384],[-117.592156,33.9288387],[-117.5921558,33.9288388],[-117.5921555,33.9288389],[-117.5921554,33.9288389],[-117.5921481,33.9288424],[-117.5921449,33.9288438],[-117.5921333,33.9288492],[-117.5921302,33.9288507],[-117.5921244,33.9288534],[-117.5921181,33.9288563],[-117.5921065,33.9288617],[-117.5921034,33.9288632],[-117.5920976,33.9288659],[-117.5920918,33.9288686],[-117.5920887,33.9288701],[-117.5920829,33.9288728],[-117.5920771,33.9288755],[-117.5920713,33.9288782],[-117.5920655,33.9288809],[-117.5920566,33.928885],[-117.5920476,33.9288892],[-117.5920361,33.9288946],[-117.5920329,33.9288961],[-117.5920271,33.9288988],[-117.5920213,33.9289015],[-117.5920155,33.9289042],[-117.5920124,33.9289056],[-117.5920066,33.9289083],[-117.5920008,33.928911],[-117.591995,33.9289137],[-117.5919892,33.9289164],[-117.5919861,33.9289179],[-117.5919803,33.9289206],[-117.5919745,33.9289233],[-117.5919687,33.928926],[-117.5919656,33.9289275],[-117.5919598,33.9289302],[-117.591954,33.9289329],[-117.5919508,33.9289343],[-117.5919451,33.928937],[-117.5919388,33.92894],[-117.591933,33.9289427],[-117.5919298,33.9289441],[-117.591924,33.9289468],[-117.5919151,33.928951],[-117.5919093,33.9289537],[-117.5919035,33.9289564],[-117.5919004,33.9289579],[-117.5918972,33.9289593],[-117.5918946,33.9289606],[-117.5918915,33.928962],[-117.5918883,33.9289635],[-117.5918825,33.9289662],[-117.5918767,33.9289689],[-117.5918736,33.9289704],[-117.5918678,33.9289731],[-117.591862,33.9289758],[-117.5918562,33.9289785],[-117.5918531,33.9289799],[-117.5918473,33.9289826],[-117.5918415,33.9289853],[-117.5918357,33.928988],[-117.5918268,33.9289922],[-117.591821,33.9289949],[-117.5918152,33.9289976],[-117.5918094,33.9290003],[-117.5918036,33.929003],[-117.5918005,33.9290045],[-117.5917973,33.9290059],[-117.5917826,33.9290128],[-117.591771,33.9290182],[-117.5917679,33.9290197],[-117.5917563,33.9290251],[-117.5917531,33.9290265],[-117.5917384,33.9290334],[-117.5917326,33.9290361],[-117.5917268,33.9290388],[-117.591721,33.9290415],[-117.5917121,33.9290457],[-117.591709,33.9290471],[-117.5917032,33.9290498],[-117.5916974,33.9290525],[-117.5916916,33.9290552],[-117.5916826,33.9290594],[-117.5916769,33.9290621],[-117.5916679,33.9290663],[-117.5916648,33.9290677],[-117.591659,33.9290704],[-117.5916532,33.9290731],[-117.5916443,33.9290773],[-117.5916327,33.9290827],[-117.5916269,33.9290854],[-117.5916211,33.9290881],[-117.5916153,33.9290908],[-117.5916095,33.9290935],[-117.5916006,33.9290977],[-117.5915948,33.9291004],[-117.5915916,33.9291018],[-117.5915859,33.9291045],[-117.5915801,33.9291072],[-117.5915769,33.9291087],[-117.5915711,33.9291114],[-117.5915622,33.9291156],[-117.5915475,33.9291224],[-117.5915443,33.9291239],[-117.5915296,33.9291308],[-117.5915238,33.9291335],[-117.591518,33.9291362],[-117.5915122,33.9291389],[-117.5915091,33.9291403],[-117.5915033,33.929143],[-117.5915002,33.9291445],[-117.5914944,33.9291472],[-117.5914886,33.9291499],[-117.591477,33.9291553],[-117.5914712,33.929158],[-117.5914565,33.9291649],[-117.5914507,33.9291676],[-117.5914449,33.9291703],[-117.5914391,33.929173],[-117.5914333,33.9291757],[-117.5914302,33.9291771],[-117.5913407,33.9292189],[-117.5913316,33.9292231],[-117.591302,33.9291301],[-117.5913001,33.9291242],[-117.5912982,33.9291183],[-117.5912963,33.9291124],[-117.5912944,33.9291065],[-117.5912926,33.9291006],[-117.5912902,33.9290932],[-117.5912883,33.9290873],[-117.5912865,33.9290814],[-117.5912846,33.9290755],[-117.5912822,33.9290681],[-117.5912804,33.9290622],[-117.5912785,33.9290563],[-117.5912766,33.9290504],[-117.5912747,33.9290445],[-117.5912728,33.9290386],[-117.5912724,33.9290372],[-117.5912705,33.9290313],[-117.59127,33.9290298],[-117.5912681,33.9290239],[-117.5912663,33.929018],[-117.5912658,33.9290165],[-117.5912639,33.9290106],[-117.591262,33.9290047],[-117.5912602,33.9289988],[-117.5912583,33.9289929],[-117.5912564,33.928987],[-117.591254,33.9289796],[-117.5912522,33.9289737],[-117.5912503,33.9289678],[-117.5912484,33.9289619],[-117.5912465,33.928956],[-117.5912447,33.9289501],[-117.5912428,33.9289442],[-117.5912423,33.9289427],[-117.5912386,33.9289309],[-117.5912367,33.928925],[-117.5912348,33.9289191],[-117.5912324,33.9289118],[-117.5912306,33.9289059],[-117.5912287,33.9289],[-117.5912268,33.9288941],[-117.5911972,33.928801],[-117.5911965,33.928799],[-117.5910878,33.9287719],[-117.5910856,33.9287714],[-117.5910787,33.9287696],[-117.5910718,33.9287679],[-117.5910649,33.9287662],[-117.5910628,33.9287657],[-117.5910559,33.928764],[-117.5910537,33.9287634],[-117.5910399,33.92876],[-117.5910308,33.9287577],[-117.5910218,33.9287555],[-117.5910149,33.9287538],[-117.591008,33.928752],[-117.5910011,33.9287503],[-117.590992,33.9287481],[-117.5909851,33.9287463],[-117.5909782,33.9287446],[-117.5909644,33.9287412],[-117.5909575,33.9287395],[-117.5909506,33.9287378],[-117.590841,33.9287105],[-117.5907404,33.928742],[-117.5907337,33.9287441],[-117.5907271,33.9287462],[-117.5907204,33.9287483],[-117.5907071,33.9287525],[-117.5906939,33.9287566],[-117.5906872,33.9287587],[-117.5906848,33.9287595],[-117.5906782,33.9287616],[-117.5906715,33.9287636],[-117.5906649,33.9287657],[-117.5906582,33.9287678],[-117.5906516,33.9287699],[-117.5906359,33.9287748],[-117.5906226,33.928779],[-117.5906202,33.9287798],[-117.5906136,33.9287818],[-117.5906069,33.9287839],[-117.5906024,33.9287853],[-117.5906003,33.928786],[-117.590587,33.9287902],[-117.5905803,33.9287923],[-117.5905737,33.9287943],[-117.590567,33.9287964],[-117.5905514,33.9288014],[-117.5905381,33.9288055],[-117.5905314,33.9288076],[-117.5905248,33.9288097],[-117.5905181,33.9288118],[-117.5905157,33.9288125],[-117.5905091,33.9288146],[-117.5904958,33.9288188],[-117.5904934,33.9288195],[-117.5904867,33.9288216],[-117.5904843,33.9288224],[-117.5904753,33.9288252],[-117.5904687,33.9288273],[-117.5904596,33.9288302],[-117.5904463,33.9288343],[-117.5904439,33.9288351],[-117.5904373,33.9288372],[-117.5904306,33.9288392],[-117.590424,33.9288413],[-117.5904216,33.9288421],[-117.5904125,33.9288449],[-117.5904059,33.928847],[-117.5904035,33.9288478],[-117.5903968,33.9288498],[-117.5903944,33.9288506],[-117.5903878,33.9288527],[-117.5903787,33.9288555],[-117.5903721,33.9288576],[-117.590363,33.9288605],[-117.5903564,33.9288625],[-117.590354,33.9288633],[-117.5903473,33.9288654],[-117.5903407,33.9288675],[-117.5903341,33.9288695],[-117.590325,33.9288724],[-117.590316,33.9288752],[-117.5903093,33.9288773],[-117.590306,33.9288784],[-117.5903027,33.9288794],[-117.590296,33.9288815],[-117.5902894,33.9288836],[-117.5902803,33.9288864],[-117.5902737,33.9288885],[-117.5902646,33.9288913],[-117.590258,33.9288934],[-117.5902514,33.9288955],[-117.5902489,33.9288963],[-117.5902357,33.9289004],[-117.590229,33.9289025],[-117.5902224,33.9289046],[-117.59022,33.9289053],[-117.5902157,33.9289067],[-117.5902133,33.9289074],[-117.5902067,33.9289095],[-117.5902,33.9289116],[-117.5901976,33.9289124],[-117.590191,33.9289144],[-117.5901843,33.9289165],[-117.5901753,33.9289194],[-117.590162,33.9289235],[-117.5901554,33.9289256],[-117.590153,33.9289264],[-117.5901397,33.9289305],[-117.5901373,33.9289313],[-117.5901306,33.9289334],[-117.590124,33.9289355],[-117.5901149,33.9289383],[-117.5901059,33.9289411],[-117.5900992,33.9289432],[-117.5900902,33.9289461],[-117.5900811,33.9289489],[-117.5900721,33.9289518],[-117.5900588,33.9289559],[-117.5900578,33.9289562],[-117.5900498,33.9289588],[-117.5900365,33.9289629],[-117.5900298,33.928965],[-117.5900232,33.9289671],[-117.5900208,33.9289679],[-117.5900141,33.9289699],[-117.5900051,33.9289728],[-117.5899894,33.9289777],[-117.5899827,33.9289798],[-117.5899695,33.928984],[-117.5899628,33.928986],[-117.5899538,33.9289889],[-117.5899471,33.928991],[-117.5899405,33.9289931],[-117.5899314,33.9289959],[-117.5899248,33.928998],[-117.5899181,33.9290001],[-117.5899115,33.9290021],[-117.5899048,33.9290042],[-117.5898958,33.9290071],[-117.5898934,33.9290078],[-117.5898867,33.9290099],[-117.5898777,33.9290127],[-117.5898711,33.9290148],[-117.5898644,33.9290169],[-117.5898578,33.929019],[-117.5898511,33.9290211],[-117.5898487,33.9290218],[-117.5898421,33.9290239],[-117.5898354,33.929026],[-117.5898288,33.9290281],[-117.5898221,33.9290302],[-117.5898155,33.9290323],[-117.5898088,33.9290344],[-117.5896995,33.9290687],[-117.5895857,33.9290589],[-117.5895783,33.9290582],[-117.5895708,33.9290576],[-117.5895633,33.929057],[-117.5895625,33.9290569],[-117.5895567,33.9290564],[-117.589555,33.9290562],[-117.5895476,33.9290556],[-117.5895401,33.929055],[-117.5895326,33.9290543],[-117.5895252,33.9290537],[-117.5895177,33.929053],[-117.5895103,33.9290524],[-117.5895028,33.9290518],[-117.5894945,33.929051],[-117.589487,33.9290504],[-117.5894787,33.9290497],[-117.5894712,33.929049],[-117.5894638,33.9290484],[-117.5894563,33.9290477],[-117.5894488,33.9290471],[-117.5894414,33.9290465],[-117.5894339,33.9290458],[-117.5894208,33.9290447],[-117.5894187,33.9290445],[-117.5894033,33.9290432],[-117.5894006,33.929043],[-117.5893825,33.9290414],[-117.5893622,33.9290397],[-117.5893441,33.9290381],[-117.589326,33.9290365],[-117.5892876,33.9290332],[-117.5892695,33.9290317],[-117.5892332,33.9290285],[-117.5892151,33.929027],[-117.5891969,33.9290254],[-117.5891788,33.9290239],[-117.5891585,33.9290221],[-117.5891404,33.9290206],[-117.5891041,33.9290174],[-117.589086,33.9290159],[-117.5890679,33.9290143],[-117.5890497,33.9290128],[-117.5890316,33.9290112],[-117.5890295,33.929011],[-117.589017,33.9290099],[-117.5890114,33.9290095],[-117.5889932,33.9290079],[-117.5889751,33.9290063],[-117.588957,33.9290048],[-117.5889207,33.9290017],[-117.5889026,33.9290001],[-117.5888663,33.928997],[-117.5888482,33.9289954],[-117.58883,33.9289938],[-117.5888119,33.9289923],[-117.5887938,33.9289907],[-117.5887735,33.928989],[-117.5887554,33.9289874],[-117.5887372,33.9289859],[-117.5887191,33.9289843],[-117.588701,33.9289827],[-117.5886828,33.9289812],[-117.5886466,33.9289781],[-117.5886263,33.9289763],[-117.5886082,33.9289748],[-117.5885901,33.9289732],[-117.5885719,33.9289716],[-117.5885538,33.9289701],[-117.5885357,33.9289685],[-117.5885189,33.9289671],[-117.5885175,33.9289669],[-117.5884994,33.9289654],[-117.5884813,33.9289638],[-117.5884631,33.9289623],[-117.588445,33.9289607],[-117.5884269,33.9289591],[-117.5884087,33.9289576],[-117.5883906,33.928956],[-117.5883725,33.9289545],[-117.5883543,33.9289529],[-117.5883362,33.9289513],[-117.5883159,33.9289496],[-117.5882978,33.928948],[-117.588189,33.9289387],[-117.5881709,33.9289371],[-117.5881527,33.9289355],[-117.5881346,33.928934],[-117.5881165,33.9289324],[-117.5880983,33.9289309],[-117.5880802,33.9289293],[-117.5880621,33.9289277],[-117.5880439,33.9289262],[-117.5880258,33.9289246],[-117.5880077,33.9289231],[-117.5879895,33.9289215],[-117.5879512,33.9289182],[-117.5879149,33.9289151],[-117.5878968,33.9289135],[-117.5878924,33.9289131],[-117.5878605,33.9289104],[-117.5878424,33.9289088],[-117.5878061,33.9289057],[-117.587788,33.9289042],[-117.5877698,33.9289026],[-117.5877517,33.928901],[-117.5877335,33.9288995],[-117.5877154,33.9288979],[-117.5876973,33.9288963],[-117.5876791,33.9288948],[-117.587661,33.9288932],[-117.5876429,33.9288917],[-117.5876247,33.9288901],[-117.5876066,33.9288885],[-117.5875885,33.928887],[-117.5875522,33.9288839],[-117.5875341,33.9288823],[-117.5875159,33.9288807],[-117.5874978,33.9288792],[-117.5874797,33.9288776],[-117.5874594,33.9288759],[-117.5874413,33.9288743],[-117.587405,33.9288712],[-117.5873848,33.9288694],[-117.5873667,33.9288679],[-117.5873485,33.9288663],[-117.5873304,33.9288648],[-117.5873123,33.9288632],[-117.5872941,33.9288616],[-117.587276,33.9288601],[-117.5872711,33.9288597],[-117.5872578,33.9288585],[-117.5872397,33.928857],[-117.5872034,33.9288538],[-117.5871853,33.9288523],[-117.5871672,33.9288507],[-117.587149,33.9288492],[-117.5871309,33.9288476],[-117.5871128,33.928846],[-117.5870765,33.9288429],[-117.5870744,33.9288427],[-117.5870563,33.9288412],[-117.5870381,33.9288396],[-117.58702,33.928838],[-117.5870019,33.9288365],[-117.5869998,33.9288363],[-117.5869816,33.9288347],[-117.5869635,33.9288332],[-117.5869432,33.9288314],[-117.586923,33.9288297],[-117.5869049,33.9288281],[-117.5869028,33.9288279],[-117.5868846,33.9288264],[-117.5868665,33.9288248],[-117.5868484,33.9288233],[-117.5868281,33.9288215],[-117.58681,33.92882],[-117.5867919,33.9288184],[-117.5867737,33.9288168],[-117.5867556,33.9288153],[-117.5867375,33.9288137],[-117.5867193,33.9288122],[-117.5867012,33.9288106],[-117.586683,33.928809],[-117.5866694,33.9288079],[-117.5866649,33.9288075],[-117.5866468,33.9288059],[-117.5866286,33.9288044],[-117.5865924,33.9288012],[-117.5865721,33.9287995],[-117.586554,33.9287979],[-117.5865359,33.9287964],[-117.5865177,33.9287948],[-117.5864996,33.9287932],[-117.5864815,33.9287917],[-117.5862016,33.9287676],[-117.5860273,33.9289455],[-117.5860234,33.9289494],[-117.5860201,33.9289528],[-117.5860129,33.9289602],[-117.5860071,33.9289661],[-117.5860044,33.9289689],[-117.5859958,33.9289776],[-117.5859907,33.9289828],[-117.5859873,33.9289863],[-117.5859833,33.9289904],[-117.5859787,33.9289951],[-117.5859744,33.9289995],[-117.5859702,33.9290038],[-117.5859669,33.9290071],[-117.5859616,33.9290125],[-117.5859544,33.9290198],[-117.5859506,33.9290238],[-117.5859459,33.9290286],[-117.5859431,33.9290314],[-117.5859373,33.9290373],[-117.5859357,33.929039],[-117.5859302,33.9290446],[-117.5859268,33.9290481],[-117.5859216,33.9290534],[-117.5859144,33.9290607],[-117.5859104,33.9290648],[-117.5859015,33.9290739],[-117.5858987,33.9290767],[-117.5858941,33.9290815],[-117.5858902,33.9290854],[-117.5858866,33.9290891],[-117.585883,33.9290928],[-117.5858777,33.9290982],[-117.5858744,33.9291015],[-117.5858702,33.9291058],[-117.5858613,33.9291149],[-117.5858587,33.9291175],[-117.5858502,33.9291263],[-117.585845,33.9291316],[-117.585843,33.9291336],[-117.5858358,33.9291409],[-117.5858301,33.9291468],[-117.5858273,33.9291496],[-117.5858226,33.9291544],[-117.5858187,33.9291584],[-117.5858137,33.9291635],[-117.5858102,33.9291671],[-117.5858063,33.9291711],[-117.585803,33.9291744],[-117.5857944,33.9291831],[-117.5857899,33.9291878],[-117.5857859,33.9291919],[-117.585781,33.9291969],[-117.5857787,33.9291992],[-117.5857736,33.9292045],[-117.5857702,33.9292079],[-117.5857647,33.9292136],[-117.5857572,33.9292212],[-117.5857545,33.929224],[-117.5857473,33.9292313],[-117.5857408,33.9292379],[-117.5857387,33.92924],[-117.5857319,33.9292469],[-117.5857316,33.9292473],[-117.5857156,33.9292636],[-117.5857073,33.9292721],[-117.5857001,33.9292794],[-117.5856992,33.9292803],[-117.5856916,33.9292882],[-117.585683,33.9292969],[-117.5856829,33.929297],[-117.5856673,33.9293129],[-117.5856516,33.929329],[-117.585643,33.9293377],[-117.5856345,33.9293464],[-117.5856273,33.9293538],[-117.5856187,33.9293625],[-117.5856102,33.9293712],[-117.5856016,33.92938],[-117.5855859,33.929396],[-117.5855702,33.929412],[-117.585563,33.9294194],[-117.5855473,33.9294354],[-117.5855159,33.9294675],[-117.5855073,33.9294762],[-117.5855001,33.9294836],[-117.5854916,33.9294923],[-117.5854844,33.9294996],[-117.5854759,33.9295083],[-117.5854601,33.9295244],[-117.5854444,33.9295404],[-117.5854359,33.9295492],[-117.5854287,33.9295565],[-117.58542,33.9295653],[-117.585413,33.9295725],[-117.5854111,33.9295744],[-117.5854044,33.9295813],[-117.5853887,33.9295973],[-117.5853873,33.9295987],[-117.5853784,33.9296078],[-117.585373,33.9296133],[-117.5853695,33.9296169],[-117.5853606,33.9296259],[-117.5853573,33.9296294],[-117.5853487,33.9296381],[-117.5853443,33.9296426],[-117.5853415,33.9296454],[-117.5853354,33.9296517],[-117.5853258,33.9296615],[-117.585319,33.9296684],[-117.5853173,33.9296702],[-117.5853101,33.9296775],[-117.5853101,33.9296775],[-117.5853015,33.9296863],[-117.5853012,33.9296866],[-117.5852849,33.9297033],[-117.5852786,33.9297096],[-117.5852685,33.92972],[-117.5852596,33.929729],[-117.5852544,33.9297344],[-117.5852507,33.9297381],[-117.5852433,33.9297457],[-117.5852344,33.9297548],[-117.5852315,33.9297578],[-117.5852255,33.9297639],[-117.5852243,33.9297651],[-117.5852166,33.929773],[-117.5852091,33.9297806],[-117.5852086,33.9297811],[-117.5851928,33.9297973],[-117.5851915,33.9297986],[-117.5851853,33.9298049],[-117.5851843,33.9298059],[-117.5851764,33.929814],[-117.5851758,33.9298146],[-117.585169,33.9298216],[-117.5851672,33.9298234],[-117.58516,33.9298307],[-117.5851526,33.9298383],[-117.5851515,33.9298394],[-117.5851443,33.9298467],[-117.5851437,33.9298474],[-117.5851363,33.929855],[-117.5851358,33.9298555],[-117.5851272,33.9298642],[-117.58512,33.9298715],[-117.5851199,33.9298717],[-117.585111,33.9298807],[-117.5851043,33.9298876],[-117.5851021,33.9298898],[-117.5850958,33.9298963],[-117.5850886,33.9299036],[-117.5850857,33.9299065],[-117.5850729,33.9299197],[-117.5850605,33.9299323],[-117.5850572,33.9299357],[-117.585053,33.9299399],[-117.5850441,33.929949],[-117.5850414,33.9299518],[-117.5850352,33.9299581],[-117.5850329,33.9299605],[-117.5850189,33.9299748],[-117.5850172,33.9299765],[-117.58501,33.9299838],[-117.5850086,33.9299853],[-117.5850025,33.9299915],[-117.5850014,33.9299926],[-117.5849936,33.9300005],[-117.5849862,33.9300081],[-117.5849843,33.93001],[-117.5849787,33.9300158],[-117.5849772,33.9300174],[-117.5849686,33.9300261],[-117.5849624,33.9300325],[-117.5849601,33.9300348],[-117.5849549,33.9300401],[-117.5849529,33.9300421],[-117.5849443,33.9300509],[-117.5849386,33.9300568],[-117.5849358,33.9300596],[-117.5849311,33.9300644],[-117.5849222,33.9300735],[-117.5849201,33.9300756],[-117.5849115,33.9300844],[-117.5849058,33.9300901],[-117.5848958,33.9301004],[-117.5848895,33.9301068],[-117.5848872,33.9301091],[-117.5848801,33.9301165],[-117.5848731,33.9301235],[-117.5848715,33.9301252],[-117.5848657,33.9301311],[-117.5848568,33.9301402],[-117.5848558,33.9301412],[-117.5848493,33.9301478],[-117.5848404,33.9301569],[-117.5848401,33.9301573],[-117.5848315,33.930166],[-117.5848243,33.9301733],[-117.5848241,33.9301736],[-117.5848152,33.9301827],[-117.5848086,33.9301894],[-117.5848077,33.9301903],[-117.5848001,33.9301981],[-117.5847929,33.9302054],[-117.5847914,33.930207],[-117.5847844,33.9302142],[-117.5847772,33.9302215],[-117.584775,33.9302237],[-117.5847615,33.9302375],[-117.5847587,33.9302404],[-117.5847457,33.9302536],[-117.5847423,33.9302571],[-117.5847372,33.9302623],[-117.58473,33.9302696],[-117.5847259,33.9302738],[-117.584717,33.9302828],[-117.5847129,33.9302871],[-117.5847057,33.9302944],[-117.5847007,33.9302995],[-117.5846972,33.9303031],[-117.58469,33.9303104],[-117.5846858,33.9303148],[-117.5846769,33.9303238],[-117.5846743,33.9303265],[-117.5846694,33.9303315],[-117.5846605,33.9303405],[-117.5846586,33.9303425],[-117.5846531,33.9303482],[-117.58465,33.9303513],[-117.5846456,33.9303558],[-117.5846429,33.9303586],[-117.5846382,33.9303634],[-117.5846343,33.9303673],[-117.5846218,33.9303801],[-117.5846186,33.9303834],[-117.5846129,33.9303892],[-117.5846114,33.9303907],[-117.5845965,33.9304058],[-117.5845957,33.9304067],[-117.5845802,33.9304225],[-117.58458,33.9304228],[-117.5845742,33.9304287],[-117.5845728,33.9304301],[-117.5845713,33.9304316],[-117.5845642,33.9304388],[-117.5845489,33.9304545],[-117.5845485,33.9304549],[-117.5845413,33.9304622],[-117.58454,33.9304635],[-117.5845328,33.9304709],[-117.5845311,33.9304726],[-117.5845256,33.9304782],[-117.5845171,33.930487],[-117.5845133,33.9304908],[-117.5845099,33.9304943],[-117.5845044,33.9304999],[-117.5844942,33.9305103],[-117.5844895,33.9305151],[-117.5844806,33.9305242],[-117.5844785,33.9305264],[-117.5844717,33.9305332],[-117.5844699,33.9305351],[-117.5844643,33.9305409],[-117.5844627,33.9305424],[-117.5844568,33.9305485],[-117.5844479,33.9305576],[-117.584447,33.9305585],[-117.5844398,33.9305658],[-117.5844316,33.9305742],[-117.5844313,33.9305745],[-117.5844227,33.9305832],[-117.5844156,33.9305906],[-117.5844152,33.9305909],[-117.584407,33.9305993],[-117.5844063,33.9306],[-117.5843998,33.9306066],[-117.5843988,33.9306076],[-117.5843913,33.9306153],[-117.5843841,33.9306227],[-117.5843736,33.9306334],[-117.5843684,33.9306387],[-117.5843647,33.9306425],[-117.5843612,33.930646],[-117.5843572,33.9306501],[-117.5843483,33.9306592],[-117.5843455,33.9306621],[-117.5843409,33.9306668],[-117.584337,33.9306708],[-117.5843298,33.9306781],[-117.5843245,33.9306835],[-117.5843171,33.9306911],[-117.5843141,33.9306942],[-117.5843082,33.9307002],[-117.5843055,33.9307029],[-117.5842983,33.9307102],[-117.5842918,33.9307169],[-117.5842826,33.9307263],[-117.5842755,33.9307336],[-117.5842666,33.9307426],[-117.5842597,33.9307496],[-117.5842577,33.9307517],[-117.584244,33.9307657],[-117.5842355,33.9307744],[-117.5842324,33.9307775],[-117.5842269,33.9307831],[-117.5842197,33.9307904],[-117.5842161,33.9307942],[-117.5842112,33.9307992],[-117.584204,33.9308065],[-117.5841997,33.9308109],[-117.5841955,33.9308152],[-117.5841869,33.9308239],[-117.5841834,33.9308276],[-117.5841797,33.9308313],[-117.5841656,33.9308457],[-117.584164,33.9308473],[-117.5841555,33.930856],[-117.5841469,33.9308648],[-117.5841417,33.93087],[-117.5841397,33.9308721],[-117.5841326,33.9308794],[-117.5841254,33.9308867],[-117.584124,33.9308881],[-117.5841179,33.9308943],[-117.584109,33.9309034],[-117.5841083,33.9309042],[-117.5841011,33.9309115],[-117.5840941,33.9309187],[-117.5840854,33.9309275],[-117.5840852,33.9309277],[-117.5840782,33.9309349],[-117.5840703,33.930943],[-117.5840625,33.9309509],[-117.5840614,33.930952],[-117.584054,33.9309596],[-117.5840454,33.9309684],[-117.5840451,33.9309687],[-117.5840369,33.9309771],[-117.5840297,33.9309844],[-117.5840287,33.9309854],[-117.5840211,33.9309932],[-117.5840198,33.9309945],[-117.584014,33.9310005],[-117.5840054,33.9310092],[-117.5840034,33.9310112],[-117.583996,33.9310188],[-117.5839897,33.9310252],[-117.5839885,33.9310264],[-117.5839811,33.931034],[-117.5839796,33.9310355],[-117.5839654,33.93105],[-117.5839633,33.9310522],[-117.5839582,33.9310573],[-117.5839469,33.9310689],[-117.5839395,33.9310765],[-117.5839354,33.9310807],[-117.5839306,33.9310856],[-117.5839282,33.931088],[-117.5839142,33.9311023],[-117.5839125,33.9311041],[-117.5839053,33.9311114],[-117.5839039,33.9311128],[-117.583889,33.9311281],[-117.583881,33.9311362],[-117.5838726,33.9311447],[-117.5838725,33.9311449],[-117.5838653,33.9311522],[-117.5838567,33.9311609],[-117.5838474,33.9311705],[-117.583841,33.931177],[-117.583831,33.9311872],[-117.5838253,33.931193],[-117.5838167,33.9312018],[-117.5838146,33.9312039],[-117.5838096,33.9312091],[-117.5837983,33.9312206],[-117.5837939,33.9312251],[-117.5837853,33.9312339],[-117.5837805,33.9312388],[-117.5837781,33.9312412],[-117.5837696,33.9312499],[-117.5837641,33.9312555],[-117.5837552,33.9312645],[-117.5837478,33.9312721],[-117.5837467,33.9312733],[-117.5837418,33.9312783],[-117.5837395,33.9312806],[-117.5837329,33.9312874],[-117.583731,33.9312893],[-117.5837254,33.931295],[-117.5837238,33.9312966],[-117.5837165,33.9313041],[-117.5837152,33.9313054],[-117.5837091,33.9313117],[-117.5836995,33.9313214],[-117.5836913,33.9313298],[-117.583691,33.9313301],[-117.5836838,33.9313374],[-117.5836824,33.9313389],[-117.5836752,33.9313462],[-117.5836681,33.9313535],[-117.5836675,33.9313541],[-117.5836595,33.9313622],[-117.5836422,33.9313799],[-117.5836366,33.9313856],[-117.5836281,33.9313943],[-117.5836258,33.9313966],[-117.5836169,33.9314057],[-117.5836124,33.9314104],[-117.5836095,33.9314133],[-117.5836006,33.9314224],[-117.5835966,33.9314264],[-117.5835917,33.9314315],[-117.5835895,33.9314337],[-117.5835823,33.9314411],[-117.5835753,33.9314482],[-117.5835737,33.9314498],[-117.5835666,33.9314571],[-117.583559,33.9314648],[-117.583558,33.9314658],[-117.5835508,33.9314732],[-117.5835501,33.9314739],[-117.5835423,33.9314819],[-117.5835412,33.931483],[-117.5835337,33.9314906],[-117.5835266,33.9314979],[-117.5835248,33.9314997],[-117.583518,33.9315067],[-117.5835174,33.9315073],[-117.5835108,33.931514],[-117.5835085,33.9315164],[-117.583501,33.931524],[-117.5834951,33.93153],[-117.5834936,33.9315316],[-117.5834847,33.9315407],[-117.5834794,33.9315461],[-117.5834758,33.9315498],[-117.5834708,33.9315548],[-117.5834683,33.9315574],[-117.5834551,33.9315708],[-117.583452,33.9315741],[-117.5834431,33.9315832],[-117.5834408,33.9315855],[-117.5834342,33.9315922],[-117.5834267,33.9315999],[-117.5834237,33.9316029],[-117.5834178,33.9316089],[-117.5834103,33.9316166],[-117.5834093,33.9316176],[-117.583394,33.9316332],[-117.5833936,33.9316336],[-117.5833865,33.9316409],[-117.5833776,33.9316499],[-117.5833707,33.931657],[-117.5833687,33.931659],[-117.5833622,33.9316657],[-117.5833613,33.9316666],[-117.5833538,33.9316742],[-117.5833465,33.9316818],[-117.5833393,33.9316891],[-117.5833375,33.9316909],[-117.58333,33.9316985],[-117.5833236,33.9317051],[-117.5833211,33.9317076],[-117.5833137,33.9317152],[-117.5833078,33.9317212],[-117.5833062,33.9317229],[-117.5832987,33.9317305],[-117.5832921,33.9317372],[-117.5832898,33.9317395],[-117.5832849,33.9317445],[-117.5832824,33.9317472],[-117.5832749,33.9317548],[-117.5832692,33.9317606],[-117.5832675,33.9317624],[-117.5832586,33.9317715],[-117.5832511,33.9317791],[-117.5832449,33.9317854],[-117.5832437,33.9317867],[-117.5832378,33.9317927],[-117.5832348,33.9317958],[-117.5832221,33.9318087],[-117.5832184,33.9318125],[-117.5832135,33.9318175],[-117.583205,33.9318262],[-117.583202,33.9318292],[-117.5831978,33.9318335],[-117.5831946,33.9318368],[-117.5831892,33.9318422],[-117.5831857,33.9318458],[-117.5831735,33.9318583],[-117.5831663,33.9318656],[-117.5831578,33.9318743],[-117.5831492,33.9318831],[-117.5831335,33.9318991],[-117.583125,33.9319078],[-117.5831164,33.9319166],[-117.5831078,33.9319253],[-117.5830921,33.9319413],[-117.5830836,33.9319501],[-117.5830832,33.9319504],[-117.5830764,33.9319574],[-117.5830678,33.9319661],[-117.5830594,33.9319747],[-117.5830593,33.9319749],[-117.5830521,33.9319822],[-117.583052,33.9319823],[-117.5830436,33.9319909],[-117.5830356,33.931999],[-117.583035,33.9319996],[-117.5830265,33.9320084],[-117.5830193,33.9320157],[-117.5830179,33.9320171],[-117.5830118,33.9320233],[-117.5830094,33.9320258],[-117.5830043,33.9320309],[-117.5830008,33.9320345],[-117.5829954,33.93204],[-117.5829936,33.9320419],[-117.582988,33.9320476],[-117.5829851,33.9320506],[-117.5829791,33.9320567],[-117.5829765,33.9320593],[-117.5829702,33.9320658],[-117.5829627,33.9320734],[-117.5829608,33.9320754],[-117.5829538,33.9320825],[-117.5829523,33.9320841],[-117.5829451,33.9320914],[-117.5829389,33.9320977],[-117.58293,33.9321068],[-117.5829294,33.9321075],[-117.5829222,33.9321148],[-117.5829211,33.9321159],[-117.5829051,33.9321322],[-117.5829048,33.9321326],[-117.5828979,33.9321396],[-117.5828894,33.9321483],[-117.5828884,33.9321493],[-117.5828822,33.9321556],[-117.5828795,33.9321583],[-117.5828736,33.9321643],[-117.5828632,33.932175],[-117.5828579,33.9321804],[-117.5828543,33.9321841],[-117.5828454,33.9321932],[-117.5828422,33.9321964],[-117.582835,33.9322037],[-117.582829,33.9322099],[-117.5828193,33.9322198],[-117.5828127,33.9322266],[-117.5828108,33.9322285],[-117.5828038,33.9322357],[-117.5828036,33.9322358],[-117.5827964,33.9322432],[-117.5827879,33.9322519],[-117.5827793,33.9322606],[-117.5827785,33.9322614],[-117.5827721,33.9322679],[-117.582771,33.932269],[-117.5827636,33.9322767],[-117.5827621,33.9322781],[-117.582755,33.9322854],[-117.5827547,33.9322857],[-117.5827465,33.9322941],[-117.5827383,33.9323024],[-117.5827309,33.93231],[-117.5827308,33.9323102],[-117.582722,33.9323191],[-117.5827145,33.9323267],[-117.5827056,33.9323358],[-117.5826979,33.9323437],[-117.5826967,33.9323449],[-117.5826908,33.932351],[-117.5826878,33.932354],[-117.5826822,33.9323597],[-117.5826804,33.9323616],[-117.5826736,33.9323685],[-117.5826715,33.9323707],[-117.5826651,33.9323772],[-117.582664,33.9323783],[-117.5826579,33.9323845],[-117.5826551,33.9323874],[-117.5826494,33.9323932],[-117.5826477,33.932395],[-117.5826408,33.932402],[-117.5826402,33.9324026],[-117.5826323,33.9324107],[-117.5826238,33.9324193],[-117.5826237,33.9324194],[-117.5826152,33.9324281],[-117.582615,33.9324284],[-117.582608,33.9324355],[-117.5826061,33.9324374],[-117.5825994,33.9324442],[-117.5825986,33.9324451],[-117.5825897,33.9324541],[-117.5825837,33.9324602],[-117.5825808,33.9324632],[-117.5825752,33.932469],[-117.5825719,33.9324723],[-117.5825666,33.9324777],[-117.5825644,33.9324799],[-117.5825555,33.932489],[-117.5825509,33.9324937],[-117.5825423,33.9325025],[-117.5825392,33.9325057],[-117.5825338,33.9325112],[-117.5825266,33.9325185],[-117.5825214,33.9325238],[-117.5825125,33.9325329],[-117.5825095,33.932536],[-117.582505,33.9325405],[-117.5825023,33.9325433],[-117.5824976,33.9325481],[-117.5824938,33.932552],[-117.5824887,33.9325572],[-117.5824852,33.9325608],[-117.5824798,33.9325663],[-117.5824781,33.9325681],[-117.5824709,33.9325754],[-117.5824634,33.932583],[-117.5824552,33.9325914],[-117.5824545,33.9325921],[-117.5824466,33.9326002],[-117.5824456,33.9326012],[-117.5824394,33.9326075],[-117.5824367,33.9326102],[-117.5824204,33.9326269],[-117.5824152,33.9326323],[-117.5824115,33.932636],[-117.582408,33.9326396],[-117.5824026,33.9326451],[-117.5823994,33.9326483],[-117.5823966,33.9326512],[-117.5823951,33.9326527],[-117.5823837,33.9326644],[-117.5823788,33.9326694],[-117.5823766,33.9326717],[-117.5823713,33.932677],[-117.582368,33.9326804],[-117.5823624,33.9326861],[-117.5823608,33.9326877],[-117.5823535,33.9326952],[-117.5823446,33.9327043],[-117.5823372,33.9327119],[-117.5823366,33.9327125],[-117.5823294,33.9327198],[-117.5823208,33.9327286],[-117.5823137,33.9327359],[-117.5823119,33.9327376],[-117.5823065,33.9327432],[-117.5822979,33.9327519],[-117.5822956,33.9327543],[-117.5822867,33.9327634],[-117.5822822,33.932768],[-117.5822737,33.9327767],[-117.5822703,33.9327801],[-117.5822665,33.932784],[-117.5822614,33.9327892],[-117.5822579,33.9327927],[-117.5822494,33.9328015],[-117.5822451,33.9328059],[-117.5822408,33.9328102],[-117.5822362,33.932815],[-117.5822323,33.9328189],[-117.5822287,33.9328226],[-117.5822198,33.9328317],[-117.5822166,33.932835],[-117.5822109,33.9328407],[-117.582208,33.9328437],[-117.5822034,33.9328483],[-117.5821994,33.9328524],[-117.5821945,33.9328574],[-117.5821923,33.9328597],[-117.5821871,33.932865],[-117.5821837,33.9328685],[-117.5821782,33.9328741],[-117.5821766,33.9328758],[-117.5821707,33.9328817],[-117.582168,33.9328845],[-117.5821633,33.9328893],[-117.5821608,33.9328918],[-117.5821558,33.932897],[-117.5821523,33.9329006],[-117.5821469,33.932906],[-117.5821451,33.9329079],[-117.5821395,33.9329137],[-117.5821306,33.9329227],[-117.5821294,33.9329239],[-117.5821231,33.9329303],[-117.5821222,33.9329313],[-117.5821142,33.9329394],[-117.5821137,33.93294],[-117.5821067,33.932947],[-117.5821065,33.9329473],[-117.5820993,33.9329546],[-117.5820979,33.932956],[-117.5820908,33.9329633],[-117.5820904,33.9329637],[-117.5820822,33.9329721],[-117.5820815,33.9329728],[-117.582074,33.9329804],[-117.5820666,33.932988],[-117.5820577,33.9329971],[-117.5820502,33.9330047],[-117.5820428,33.9330123],[-117.5820339,33.9330214],[-117.5820264,33.933029],[-117.5820175,33.9330381],[-117.5820118,33.933044],[-117.5820101,33.9330457],[-117.5820083,33.9330475],[-117.5820072,33.9330486],[-117.5820061,33.9330498],[-117.5820055,33.9330504],[-117.5820049,33.933051],[-117.5820044,33.9330515],[-117.5820038,33.9330521],[-117.5820032,33.9330527],[-117.5820025,33.9330534],[-117.582002,33.933054],[-117.5820014,33.9330546],[-117.5820012,33.9330548],[-117.5820007,33.9330553],[-117.5820001,33.9330558],[-117.5819996,33.9330564],[-117.5819984,33.9330576],[-117.5819965,33.9330596],[-117.5819953,33.9330608],[-117.5819947,33.9330614],[-117.5819941,33.933062],[-117.5819929,33.9330633],[-117.5819923,33.9330638],[-117.5819923,33.9330639],[-117.581991,33.9330651],[-117.5819898,33.9330664],[-117.581988,33.9330683],[-117.5819867,33.9330695],[-117.5819862,33.9330701],[-117.5819849,33.9330714],[-117.5819848,33.9330715],[-117.5819837,33.9330727],[-117.5819824,33.9330739],[-117.5819812,33.9330752],[-117.5819806,33.9330758],[-117.5819793,33.9330771],[-117.5819788,33.9330777],[-117.5819775,33.9330789],[-117.5819764,33.9330801],[-117.5819759,33.9330806],[-117.5819752,33.9330813],[-117.581974,33.9330825],[-117.5819727,33.9330838],[-117.5819721,33.9330845],[-117.5819702,33.9330864],[-117.5819696,33.933087],[-117.5819677,33.9330889],[-117.5819671,33.9330896],[-117.5819658,33.9330909],[-117.5819652,33.9330915],[-117.581964,33.9330927],[-117.5819633,33.9330934],[-117.5819621,33.9330947],[-117.5819608,33.933096],[-117.5819602,33.9330966],[-117.5819596,33.9330973],[-117.581959,33.9330978],[-117.5819583,33.9330985],[-117.5819571,33.9330998],[-117.5819552,33.9331017],[-117.581954,33.9331029],[-117.5819526,33.9331043],[-117.5819514,33.9331056],[-117.5819501,33.9331069],[-117.5819489,33.9331081],[-117.5819476,33.9331094],[-117.5819464,33.9331107],[-117.5819451,33.933112],[-117.5819445,33.9331127],[-117.5819439,33.9331133],[-117.5819425,33.9331146],[-117.5819413,33.9331159],[-117.5819393,33.9331179],[-117.5819381,33.9331192],[-117.5819368,33.9331204],[-117.5819356,33.9331217],[-117.5819338,33.9331236],[-117.5819318,33.9331255],[-117.5819305,33.9331269],[-117.5819291,33.9331283],[-117.5819266,33.9331309],[-117.5819254,33.9331321],[-117.5819241,33.9331334],[-117.5819222,33.9331354],[-117.581921,33.9331367],[-117.5819203,33.9331374],[-117.5819197,33.9331379],[-117.5819185,33.9331392],[-117.5819179,33.9331398],[-117.5819172,33.9331405],[-117.581916,33.9331418],[-117.5819147,33.933143],[-117.5819135,33.9331443],[-117.581911,33.9331469],[-117.5819103,33.9331476],[-117.581909,33.9331488],[-117.5819077,33.9331502],[-117.5819052,33.9331528],[-117.5819032,33.9331547],[-117.5819013,33.9331567],[-117.5819006,33.9331574],[-117.5818987,33.9331594],[-117.5818969,33.9331612],[-117.5818962,33.9331619],[-117.5818944,33.9331638],[-117.581893,33.9331652],[-117.5818918,33.9331664],[-117.5818912,33.933167],[-117.5818905,33.9331677],[-117.5818898,33.9331684],[-117.5818893,33.933169],[-117.581888,33.9331703],[-117.5818874,33.9331709],[-117.5818868,33.9331715],[-117.5818855,33.9331728],[-117.5818837,33.9331747],[-117.5818825,33.933176],[-117.5818811,33.9331773],[-117.5818798,33.9331786],[-117.5818793,33.9331792],[-117.5818787,33.9331798],[-117.5818769,33.9331816],[-117.5818755,33.933183],[-117.5818743,33.9331843],[-117.5818725,33.9331862],[-117.5818718,33.9331869],[-117.5818705,33.9331881],[-117.581868,33.9331907],[-117.5818661,33.9331926],[-117.581866,33.9331928],[-117.5818643,33.9331945],[-117.5818629,33.9331959],[-117.5818617,33.9331972],[-117.5818604,33.9331984],[-117.5818597,33.9331991],[-117.5818588,33.9332001],[-117.5818586,33.9332003],[-117.5818579,33.933201],[-117.5818567,33.9332023],[-117.5818554,33.9332035],[-117.5818548,33.9332041],[-117.5818542,33.9332048],[-117.5818536,33.9332054],[-117.5818518,33.9332073],[-117.5818511,33.933208],[-117.5818504,33.9332086],[-117.5818492,33.9332099],[-117.5818485,33.9332106],[-117.5818472,33.9332119],[-117.581846,33.9332132],[-117.5818453,33.9332139],[-117.5818447,33.9332144],[-117.5818435,33.9332157],[-117.5818428,33.9332164],[-117.5818421,33.9332171],[-117.5818417,33.9332175],[-117.5818408,33.9332185],[-117.5818395,33.9332198],[-117.5818388,33.9332205],[-117.5818375,33.9332218],[-117.5818368,33.9332225],[-117.5818361,33.9332232],[-117.5818356,33.9332238],[-117.5818342,33.9332252],[-117.5818335,33.9332259],[-117.5818332,33.9332263],[-117.5818323,33.9332272],[-117.581831,33.9332285],[-117.5818303,33.9332291],[-117.5818297,33.9332298],[-117.581829,33.9332305],[-117.581827,33.9332325],[-117.5818252,33.9332344],[-117.581824,33.9332356],[-117.5818233,33.9332363],[-117.5818226,33.933237],[-117.581822,33.9332376],[-117.5818201,33.9332396],[-117.5818194,33.9332403],[-117.5818189,33.9332408],[-117.5818182,33.9332415],[-117.5818176,33.9332421],[-117.5818174,33.9332423],[-117.5818169,33.9332428],[-117.5818163,33.9332435],[-117.581815,33.9332448],[-117.5818131,33.9332468],[-117.5818124,33.9332474],[-117.5818117,33.9332481],[-117.581811,33.9332488],[-117.5818104,33.9332495],[-117.5818103,33.9332496],[-117.5818098,33.9332501],[-117.5818091,33.9332508],[-117.5818084,33.9332515],[-117.5818077,33.9332522],[-117.5818065,33.9332535],[-117.5818058,33.9332542],[-117.5818033,33.9332567],[-117.5818021,33.933258],[-117.5818017,33.9332584],[-117.5818015,33.9332586],[-117.5818008,33.9332593],[-117.5818003,33.9332598],[-117.5817997,33.9332604],[-117.581799,33.9332611],[-117.5817978,33.9332624],[-117.5817971,33.9332631],[-117.5817965,33.9332637],[-117.5817953,33.9332649],[-117.5817946,33.9332656],[-117.5817933,33.9332669],[-117.5817932,33.9332671],[-117.5817928,33.9332675],[-117.5817921,33.9332682],[-117.5817915,33.9332688],[-117.5817908,33.9332695],[-117.5817903,33.9332701],[-117.5817897,33.9332706],[-117.581789,33.9332713],[-117.5817883,33.933272],[-117.5817876,33.9332727],[-117.581787,33.9332734],[-117.5817863,33.9332741],[-117.581786,33.9332744],[-117.5817857,33.9332747],[-117.5817845,33.933276],[-117.5817839,33.9332765],[-117.5817832,33.9332772],[-117.5817826,33.9332778],[-117.581782,33.9332785],[-117.5817801,33.9332804],[-117.5817795,33.9332811],[-117.5817782,33.9332823],[-117.5817775,33.933283],[-117.5817774,33.9332831],[-117.5817769,33.9332837],[-117.5817762,33.9332844],[-117.5817755,33.9332851],[-117.5817753,33.9332853],[-117.5817742,33.9332864],[-117.5817737,33.933287],[-117.581773,33.9332877],[-117.5817723,33.9332884],[-117.5817716,33.933289],[-117.581771,33.9332897],[-117.5817704,33.9332903],[-117.5817703,33.9332904],[-117.5817697,33.933291],[-117.581769,33.9332917],[-117.5817683,33.9332924],[-117.5817671,33.9332937],[-117.5817664,33.9332944],[-117.5817657,33.9332951],[-117.5817651,33.9332958],[-117.5817638,33.933297],[-117.5817626,33.9332983],[-117.5817619,33.933299],[-117.5817617,33.9332992],[-117.5817612,33.9332997],[-117.5817605,33.9333004],[-117.5817598,33.9333011],[-117.581759,33.933302],[-117.5817586,33.9333024],[-117.581758,33.9333029],[-117.5817573,33.9333036],[-117.5817561,33.9333049],[-117.5817555,33.9333055],[-117.5817548,33.9333062],[-117.5817543,33.9333068],[-117.5817536,33.9333075],[-117.581753,33.933308],[-117.5817523,33.9333087],[-117.5817518,33.9333093],[-117.5817515,33.9333096],[-117.5817505,33.9333106],[-117.58175,33.9333112],[-117.5817493,33.9333119],[-117.5817487,33.9333125],[-117.5817481,33.933313],[-117.5817475,33.9333137],[-117.5817469,33.9333143],[-117.5817463,33.9333149],[-117.581746,33.9333152],[-117.5817457,33.9333155],[-117.5817452,33.9333161],[-117.5817439,33.9333173],[-117.5817434,33.9333179],[-117.5817426,33.9333187],[-117.5817388,33.9333225],[-117.5817277,33.9333339],[-117.5817262,33.9333354],[-117.5817231,33.9333386],[-117.5817113,33.9333506],[-117.5817024,33.9333597],[-117.5816988,33.9333634],[-117.581695,33.9333673],[-117.5816917,33.9333707],[-117.5816875,33.9333749],[-117.5816831,33.9333794],[-117.5816786,33.933384],[-117.5816712,33.9333916],[-117.5816674,33.9333955],[-117.5816637,33.9333992],[-117.5816588,33.9334042],[-117.5816503,33.9334129],[-117.5816473,33.9334159],[-117.5816417,33.9334216],[-117.5816399,33.9334235],[-117.5816332,33.9334304],[-117.581631,33.9334326],[-117.5816221,33.9334417],[-117.5816174,33.9334464],[-117.5816146,33.9334493],[-117.5816089,33.9334551],[-117.5816057,33.9334584],[-117.5816017,33.9334625],[-117.5815983,33.933466],[-117.5815932,33.9334712],[-117.5815908,33.9334736],[-117.5815846,33.9334799],[-117.5815834,33.9334812],[-117.5815759,33.9334888],[-117.5815689,33.933496],[-117.5815595,33.9335055],[-117.5815532,33.933512],[-117.5815521,33.9335131],[-117.5815446,33.9335207],[-117.5815432,33.9335222],[-117.5815361,33.9335295],[-117.5815357,33.9335298],[-117.5815275,33.9335382],[-117.5815268,33.9335389],[-117.5815203,33.9335455],[-117.5815194,33.9335465],[-117.5815119,33.9335541],[-117.5815118,33.9335543],[-117.5815032,33.933563],[-117.581503,33.9335632],[-117.5814947,33.9335717],[-117.5814867,33.9335799],[-117.5814861,33.9335804],[-117.5814789,33.9335878],[-117.5814778,33.933589],[-117.5814703,33.9335966],[-117.5814632,33.9336038],[-117.5814547,33.9336125],[-117.5814539,33.9336133],[-117.5814475,33.9336199],[-117.5814465,33.9336209],[-117.5814389,33.9336286],[-117.5814376,33.93363],[-117.5814301,33.9336376],[-117.5814232,33.9336446],[-117.5814212,33.9336467],[-117.5814161,33.9336519],[-117.5814138,33.9336543],[-117.5814075,33.9336607],[-117.581399,33.9336694],[-117.5813885,33.93368],[-117.5813832,33.9336855],[-117.5813796,33.9336891],[-117.5813747,33.9336942],[-117.5813722,33.9336967],[-117.5813661,33.9337029],[-117.5813647,33.9337043],[-117.5813576,33.9337116],[-117.5813558,33.9337134],[-117.5813504,33.933719],[-117.5813484,33.933721],[-117.5813418,33.9337277],[-117.5813395,33.9337301],[-117.581332,33.9337377],[-117.5813245,33.9337453],[-117.5813156,33.9337544],[-117.5813082,33.933762],[-117.5812993,33.9337711],[-117.5812918,33.9337787],[-117.5812755,33.9337954],[-117.5812666,33.9338045],[-117.5812591,33.9338121],[-117.5812502,33.9338212],[-117.5812428,33.9338288],[-117.5812353,33.9338364],[-117.5812189,33.9338531],[-117.5812026,33.9338698],[-117.5811951,33.9338774],[-117.5811877,33.933885],[-117.5811802,33.9338926],[-117.5811639,33.9339093],[-117.581155,33.9339184],[-117.5811461,33.9339275],[-117.5811386,33.9339351],[-117.5811222,33.9339518],[-117.5811134,33.9339609],[-117.5810881,33.9339867],[-117.5810841,33.9339907],[-117.5810792,33.9339957],[-117.5810628,33.9340124],[-117.5810625,33.9340127],[-117.581045,33.9340306],[-117.5810435,33.9340322],[-117.581043,33.9340327],[-117.5810425,33.9340332],[-117.581042,33.9340337],[-117.5810405,33.9340352],[-117.5810385,33.9340373],[-117.5810381,33.9340377],[-117.5810371,33.9340387],[-117.5810366,33.9340392],[-117.5810361,33.9340397],[-117.5810351,33.9340408],[-117.5810346,33.9340412],[-117.5810341,33.9340418],[-117.5810336,33.9340423],[-117.5810331,33.9340428],[-117.5810326,33.9340433],[-117.5810321,33.9340438],[-117.5810316,33.9340443],[-117.5810312,33.9340448],[-117.5810306,33.9340453],[-117.5810301,33.9340459],[-117.5810295,33.9340464],[-117.5810285,33.9340474],[-117.5810276,33.9340484],[-117.5810271,33.9340489],[-117.5810261,33.9340499],[-117.5810256,33.9340505],[-117.5810251,33.9340509],[-117.5810246,33.9340515],[-117.581024,33.9340521],[-117.5810236,33.9340525],[-117.581023,33.9340531],[-117.5810225,33.9340536],[-117.5810219,33.9340542],[-117.5810215,33.9340546],[-117.5810212,33.9340549],[-117.5810209,33.9340552],[-117.5810199,33.9340562],[-117.5810189,33.9340572],[-117.5810179,33.9340583],[-117.5810169,33.9340593],[-117.5810159,33.9340604],[-117.5810153,33.9340609],[-117.5810149,33.9340614],[-117.5810143,33.9340619],[-117.5810139,33.9340624],[-117.5810133,33.934063],[-117.5810128,33.9340635],[-117.5810122,33.9340641],[-117.5810117,33.9340646],[-117.5810112,33.9340652],[-117.5810107,33.9340656],[-117.5810102,33.9340662],[-117.5810096,33.9340668],[-117.5810091,33.9340673],[-117.5810081,33.9340683],[-117.5810075,33.9340689],[-117.5810065,33.9340699],[-117.581006,33.9340705],[-117.5810055,33.9340709],[-117.581005,33.9340715],[-117.5810045,33.934072],[-117.581004,33.9340725],[-117.5810035,33.934073],[-117.581003,33.9340735],[-117.581002,33.9340745],[-117.5810015,33.9340751],[-117.581001,33.9340755],[-117.5810005,33.9340761],[-117.5809995,33.9340771],[-117.580999,33.9340776],[-117.580998,33.9340786],[-117.5809975,33.9340791],[-117.5809965,33.9340802],[-117.5809955,33.9340812],[-117.5809946,33.9340821],[-117.580994,33.9340827],[-117.580993,33.9340837],[-117.5809926,33.9340841],[-117.5809916,33.9340852],[-117.5809901,33.9340866],[-117.5809891,33.9340877],[-117.5809887,33.9340881],[-117.5809877,33.9340891],[-117.5809867,33.9340902],[-117.5809861,33.9340907],[-117.5809857,33.9340912],[-117.5809851,33.9340917],[-117.5809841,33.9340928],[-117.5809837,33.9340932],[-117.5809821,33.9340948],[-117.5809817,33.9340953],[-117.5809811,33.9340958],[-117.5809807,33.9340963],[-117.5809797,33.9340973],[-117.5809792,33.9340978],[-117.5809787,33.9340983],[-117.5809782,33.9340988],[-117.5809777,33.9340993],[-117.5809767,33.9341003],[-117.5809762,33.9341008],[-117.5809752,33.9341018],[-117.5809747,33.9341024],[-117.5809742,33.9341028],[-117.5809737,33.9341034],[-117.5809732,33.934104],[-117.5809722,33.934105],[-117.5809712,33.934106],[-117.5809702,33.934107],[-117.5809697,33.9341075],[-117.5809687,33.9341085],[-117.5809683,33.934109],[-117.5809677,33.9341095],[-117.5809667,33.9341105],[-117.5809662,33.9341111],[-117.5809657,33.9341115],[-117.5809652,33.9341121],[-117.5809647,33.9341126],[-117.5809642,33.9341131],[-117.5809636,33.9341137],[-117.5809632,33.9341141],[-117.5809622,33.9341152],[-117.5809616,33.9341157],[-117.5809612,33.9341162],[-117.5809607,33.9341166],[-117.5809597,33.9341177],[-117.5809592,33.9341182],[-117.5809582,33.9341192],[-117.5809572,33.9341202],[-117.5809567,33.9341208],[-117.5809562,33.9341213],[-117.5809558,33.9341217],[-117.5809548,33.9341227],[-117.5809542,33.9341233],[-117.5809538,33.9341238],[-117.5809528,33.9341248],[-117.5809523,33.9341252],[-117.5809518,33.9341257],[-117.5809509,33.9341267],[-117.5809499,33.9341277],[-117.5809489,33.9341288],[-117.5809483,33.9341293],[-117.5809478,33.9341299],[-117.5809473,33.9341303],[-117.5809468,33.9341309],[-117.5809462,33.9341314],[-117.5809458,33.9341319],[-117.5809453,33.9341324],[-117.5809448,33.9341329],[-117.5809442,33.9341335],[-117.5809438,33.9341339],[-117.5809432,33.9341345],[-117.5809422,33.9341355],[-117.5809418,33.934136],[-117.5809408,33.934137],[-117.5809403,33.9341375],[-117.5809393,33.9341385],[-117.5809383,33.9341395],[-117.5809379,33.93414],[-117.5809374,33.9341404],[-117.5809359,33.934142],[-117.5809354,33.9341425],[-117.5809344,33.9341435],[-117.580934,33.9341439],[-117.5809334,33.9341445],[-117.5809329,33.934145],[-117.5809324,33.9341455],[-117.5809319,33.9341461],[-117.5809314,33.9341465],[-117.5809309,33.9341471],[-117.5809304,33.9341475],[-117.5809299,33.9341481],[-117.5809289,33.9341491],[-117.5809285,33.9341496],[-117.5809275,33.9341506],[-117.580927,33.9341511],[-117.580926,33.9341521],[-117.5809255,33.9341526],[-117.5809245,33.9341537],[-117.5809239,33.9341542],[-117.5809235,33.9341547],[-117.5809229,33.9341552],[-117.5809219,33.9341562],[-117.5809209,33.9341573],[-117.5809204,33.9341578],[-117.5809198,33.9341584],[-117.5809188,33.9341594],[-117.5809183,33.9341599],[-117.5809178,33.9341604],[-117.5809168,33.9341615],[-117.5809158,33.9341625],[-117.5809152,33.9341631],[-117.5809142,33.9341641],[-117.5809137,33.9341647],[-117.5809132,33.9341651],[-117.5809127,33.9341657],[-117.5809111,33.9341672],[-117.5809106,33.9341678],[-117.5809101,33.9341683],[-117.5809096,33.9341688],[-117.5809086,33.9341698],[-117.5809081,33.9341704],[-117.5809075,33.9341709],[-117.580907,33.9341715],[-117.5809065,33.934172],[-117.580906,33.9341725],[-117.580905,33.9341735],[-117.5809044,33.9341741],[-117.5809039,33.9341746],[-117.5809029,33.9341757],[-117.5809014,33.9341772],[-117.5809004,33.9341782],[-117.5808999,33.9341787],[-117.5808994,33.9341793],[-117.5808984,33.9341803],[-117.5808979,33.9341807],[-117.5808964,33.9341823],[-117.5808958,33.9341829],[-117.5808954,33.9341833],[-117.5808948,33.9341839],[-117.5808944,33.9341844],[-117.5808938,33.9341849],[-117.5808934,33.9341854],[-117.5808928,33.9341859],[-117.5808923,33.9341865],[-117.5808918,33.9341869],[-117.5808913,33.9341875],[-117.5808908,33.9341881],[-117.5808898,33.9341891],[-117.5808887,33.9341902],[-117.5808877,33.9341912],[-117.5808867,33.9341922],[-117.5808857,33.9341932],[-117.5808851,33.9341938],[-117.5808847,33.9341943],[-117.5808841,33.9341948],[-117.5808837,33.9341953],[-117.5808821,33.9341968],[-117.5808817,33.9341973],[-117.5808812,33.9341979],[-117.5808796,33.9341994],[-117.5808786,33.9342004],[-117.5808782,33.9342009],[-117.5808776,33.9342015],[-117.5808772,33.9342019],[-117.5808762,33.9342029],[-117.5808756,33.9342035],[-117.5808746,33.9342045],[-117.5808741,33.9342051],[-117.5808736,33.9342055],[-117.5808731,33.9342061],[-117.5808721,33.9342071],[-117.5808716,33.9342076],[-117.5808706,33.9342086],[-117.5808701,33.9342091],[-117.5808692,33.9342101],[-117.5808686,33.9342106],[-117.5808682,33.9342111],[-117.5808676,33.9342116],[-117.5808666,33.9342127],[-117.5808662,33.9342131],[-117.5808652,33.9342141],[-117.5808642,33.9342152],[-117.5808637,33.9342157],[-117.5808631,33.9342163],[-117.5808621,33.9342173],[-117.5808617,33.9342178],[-117.5808607,33.9342188],[-117.5808602,33.9342192],[-117.5808597,33.9342198],[-117.5808592,33.9342203],[-117.5808587,33.9342208],[-117.5808581,33.9342214],[-117.5808571,33.9342224],[-117.5808566,33.9342229],[-117.5808556,33.934224],[-117.580855,33.9342245],[-117.5808545,33.9342251],[-117.5808535,33.9342261],[-117.5808525,33.9342271],[-117.5808515,33.9342281],[-117.5808511,33.9342286],[-117.5808501,33.9342296],[-117.580849,33.9342307],[-117.5808485,33.9342312],[-117.5808475,33.9342322],[-117.580847,33.9342327],[-117.5808465,33.9342332],[-117.5808455,33.9342342],[-117.5808451,33.9342347],[-117.5808441,33.9342357],[-117.5808425,33.9342373],[-117.580842,33.9342378],[-117.580841,33.9342388],[-117.5808405,33.9342393],[-117.58084,33.9342399],[-117.5808394,33.9342404],[-117.580839,33.9342409],[-117.5808385,33.9342414],[-117.5808379,33.934242],[-117.5808369,33.934243],[-117.5808364,33.9342436],[-117.5808358,33.9342441],[-117.5808353,33.9342447],[-117.5808343,33.9342457],[-117.5808338,33.9342462],[-117.5808328,33.9342472],[-117.5808323,33.9342477],[-117.5808313,33.9342487],[-117.5808308,33.9342492],[-117.5808298,33.9342502],[-117.5808288,33.9342512],[-117.5808283,33.9342518],[-117.5808273,33.9342528],[-117.5808268,33.9342534],[-117.5808258,33.9342544],[-117.5808253,33.9342548],[-117.5808238,33.9342564],[-117.5808228,33.9342574],[-117.5808213,33.9342589],[-117.5808199,33.9342604],[-117.5808193,33.934261],[-117.5808188,33.9342615],[-117.5808178,33.9342625],[-117.5808172,33.9342631],[-117.5808168,33.9342635],[-117.5808162,33.9342641],[-117.5808148,33.9342656],[-117.5808143,33.9342661],[-117.5808133,33.9342672],[-117.5808128,33.9342676],[-117.5808113,33.9342692],[-117.5808108,33.9342697],[-117.5808103,33.9342702],[-117.5808093,33.9342712],[-117.5808083,33.9342722],[-117.5808073,33.9342733],[-117.5808068,33.9342737],[-117.5808053,33.9342753],[-117.5808048,33.9342758],[-117.5808043,33.9342763],[-117.5808033,33.9342773],[-117.5808027,33.9342779],[-117.5808012,33.9342795],[-117.5808002,33.9342805],[-117.5807991,33.9342816],[-117.5807987,33.934282],[-117.5807981,33.9342826],[-117.5807977,33.9342831],[-117.5807971,33.9342836],[-117.5807966,33.9342842],[-117.5807956,33.9342852],[-117.580795,33.9342857],[-117.580794,33.9342868],[-117.5807935,33.9342873],[-117.580793,33.9342878],[-117.5807925,33.9342883],[-117.580792,33.9342889],[-117.580791,33.9342899],[-117.5807904,33.9342905],[-117.58079,33.9342909],[-117.5807894,33.9342915],[-117.580789,33.9342919],[-117.5807884,33.9342925],[-117.5807879,33.934293],[-117.5807869,33.9342941],[-117.5807863,33.9342946],[-117.5807859,33.9342951],[-117.5807849,33.9342961],[-117.5807844,33.9342966],[-117.5807839,33.9342971],[-117.5807829,33.9342981],[-117.5807814,33.9342996],[-117.5807809,33.9343002],[-117.58078,33.9343011],[-117.580779,33.9343021],[-117.5807785,33.9343026],[-117.580778,33.9343031],[-117.5807774,33.9343037],[-117.5807765,33.9343047],[-117.580776,33.9343052],[-117.580775,33.9343062],[-117.580774,33.9343072],[-117.580773,33.9343082],[-117.5807725,33.9343088],[-117.580772,33.9343092],[-117.5807715,33.9343098],[-117.5807709,33.9343104],[-117.5807704,33.9343109],[-117.5807699,33.9343114],[-117.5807694,33.9343119],[-117.5807689,33.9343124],[-117.5807684,33.9343129],[-117.5807679,33.9343134],[-117.5807674,33.934314],[-117.5807659,33.9343154],[-117.5807645,33.9343169],[-117.5807635,33.9343179],[-117.5807625,33.934319],[-117.580762,33.9343194],[-117.5807615,33.93432],[-117.580761,33.9343204],[-117.5807606,33.9343209],[-117.58076,33.9343215],[-117.580759,33.9343225],[-117.580758,33.9343235],[-117.5807575,33.9343241],[-117.580757,33.9343245],[-117.580756,33.9343256],[-117.580755,33.9343266],[-117.5807545,33.9343271],[-117.580754,33.9343277],[-117.580753,33.9343287],[-117.5807525,33.9343291],[-117.580752,33.9343297],[-117.580751,33.9343307],[-117.5807505,33.9343312],[-117.58075,33.9343317],[-117.580749,33.9343327],[-117.5807485,33.9343332],[-117.580748,33.9343338],[-117.580747,33.9343348],[-117.580746,33.9343358],[-117.5807455,33.9343363],[-117.580745,33.9343368],[-117.580744,33.9343378],[-117.5807425,33.9343393],[-117.5807415,33.9343403],[-117.580741,33.9343409],[-117.58074,33.9343419],[-117.5807395,33.9343424],[-117.5807385,33.9343435],[-117.5807369,33.9343451],[-117.5807355,33.9343465],[-117.580735,33.934347],[-117.5807335,33.9343486],[-117.580733,33.934349],[-117.5807325,33.9343496],[-117.580731,33.9343511],[-117.5807306,33.9343515],[-117.5807296,33.9343526],[-117.5807286,33.9343536],[-117.5807276,33.9343546],[-117.5807271,33.9343551],[-117.5807266,33.9343556],[-117.5807261,33.9343561],[-117.5807246,33.9343576],[-117.5807241,33.9343581],[-117.5807236,33.9343587],[-117.5807221,33.9343601],[-117.5807216,33.9343607],[-117.5807211,33.9343612],[-117.5807197,33.9343626],[-117.5807191,33.9343632],[-117.5807187,33.9343637],[-117.5807177,33.9343647],[-117.5807167,33.9343657],[-117.5807158,33.9343666],[-117.5807152,33.9343672],[-117.5807142,33.9343682],[-117.5807138,33.9343687],[-117.5807128,33.9343697],[-117.5807113,33.9343712],[-117.5807108,33.9343717],[-117.5807103,33.9343722],[-117.5807089,33.9343737],[-117.5807073,33.9343752],[-117.5807064,33.9343763],[-117.5807049,33.9343777],[-117.5807044,33.9343783],[-117.5807039,33.9343788],[-117.5807029,33.9343798],[-117.5807018,33.9343809],[-117.5807015,33.9343813],[-117.5807005,33.9343823],[-117.5807,33.9343827],[-117.580699,33.9343838],[-117.580698,33.9343848],[-117.5806971,33.9343857],[-117.5806966,33.9343862],[-117.5806961,33.9343867],[-117.5806951,33.9343877],[-117.5806946,33.9343882],[-117.5806936,33.9343893],[-117.5806931,33.9343898],[-117.5806929,33.9343899],[-117.5806926,33.9343903],[-117.5806916,33.9343913],[-117.580691,33.9343919],[-117.5806906,33.9343924],[-117.58069,33.9343929],[-117.5806895,33.9343935],[-117.5806885,33.9343945],[-117.5806879,33.934395],[-117.5806875,33.9343955],[-117.5806865,33.9343965],[-117.580686,33.934397],[-117.5806855,33.9343976],[-117.580685,33.934398],[-117.5806845,33.9343986],[-117.580684,33.934399],[-117.580683,33.9344],[-117.5806825,33.9344006],[-117.580682,33.9344011],[-117.580681,33.9344022],[-117.58068,33.9344032],[-117.580679,33.9344042],[-117.5806784,33.9344048],[-117.580678,33.9344052],[-117.5806774,33.9344058],[-117.5806769,33.9344063],[-117.5806766,33.9344066],[-117.5806764,33.9344068],[-117.5806759,33.9344073],[-117.5806754,33.9344078],[-117.5806749,33.9344084],[-117.5806743,33.9344089],[-117.5806739,33.9344094],[-117.5806733,33.9344099],[-117.5806729,33.9344104],[-117.5806723,33.934411],[-117.5806718,33.9344115],[-117.5806708,33.9344125],[-117.5806703,33.9344131],[-117.5806697,33.9344136],[-117.5806692,33.9344142],[-117.5806691,33.9344143],[-117.5806686,33.9344147],[-117.5806681,33.9344153],[-117.5806676,33.9344158],[-117.580667,33.9344164],[-117.5806665,33.934417],[-117.5806655,33.934418],[-117.5806649,33.9344185],[-117.5806645,33.934419],[-117.5806634,33.9344201],[-117.5806628,33.9344207],[-117.5806623,33.9344212],[-117.5806613,33.9344222],[-117.5806603,33.9344232],[-117.5806602,33.9344233],[-117.5806593,33.9344243],[-117.5806583,33.9344253],[-117.5806563,33.9344273],[-117.5806553,33.9344283],[-117.5806548,33.9344289],[-117.5806542,33.9344294],[-117.5806538,33.9344299],[-117.5806517,33.934432],[-117.5806506,33.9344331],[-117.5806492,33.9344346],[-117.5806475,33.9344363],[-117.5806451,33.9344388],[-117.5806441,33.9344398],[-117.5806424,33.9344415],[-117.5806421,33.9344418],[-117.5806401,33.9344439],[-117.5806391,33.9344449],[-117.5806356,33.9344485],[-117.5806351,33.934449],[-117.5806326,33.9344515],[-117.5806317,33.9344525],[-117.5806297,33.9344545],[-117.5806282,33.934456],[-117.5806267,33.9344576],[-117.5806261,33.9344582],[-117.5806257,33.9344586],[-117.5806247,33.9344596],[-117.5806231,33.9344612],[-117.5806221,33.9344622],[-117.5806216,33.9344627],[-117.5806211,33.9344633],[-117.5806201,33.9344643],[-117.5806195,33.9344649],[-117.580619,33.9344654],[-117.580618,33.9344664],[-117.5806174,33.934467],[-117.5806172,33.9344673],[-117.5806169,33.9344676],[-117.5806164,33.9344681],[-117.5806159,33.9344686],[-117.5806154,33.9344691],[-117.5806148,33.9344697],[-117.5806143,33.9344702],[-117.5806137,33.9344708],[-117.5806132,33.9344713],[-117.5806122,33.9344724],[-117.5806111,33.9344735],[-117.5806106,33.9344739],[-117.5806101,33.9344745],[-117.5806097,33.9344749],[-117.5806096,33.934475],[-117.5806086,33.9344761],[-117.580608,33.9344766],[-117.5806075,33.9344772],[-117.580607,33.9344776],[-117.5806065,33.9344782],[-117.5806059,33.9344787],[-117.5806054,33.9344793],[-117.5806049,33.9344798],[-117.5806043,33.9344804],[-117.5806008,33.934484],[-117.5805919,33.934493],[-117.5805845,33.9345007],[-117.5805681,33.9345173],[-117.5805592,33.9345264],[-117.5805517,33.934534],[-117.5805428,33.9345431],[-117.5805339,33.9345522],[-117.5805251,33.9345613],[-117.5805162,33.9345704],[-117.5805073,33.9345794],[-117.5804998,33.9345871],[-117.5804909,33.9345961],[-117.5804731,33.9346143],[-117.5804642,33.9346234],[-117.5804478,33.9346401],[-117.5804404,33.9346477],[-117.5804315,33.9346568],[-117.5804151,33.9346735],[-117.5804062,33.9346825],[-117.5803988,33.9346901],[-117.5803899,33.9346992],[-117.580381,33.9347083],[-117.5803786,33.9347108],[-117.5803721,33.9347174],[-117.5803632,33.9347265],[-117.5803543,33.9347356],[-117.5803454,33.9347446],[-117.5803379,33.9347522],[-117.580329,33.9347613],[-117.5803216,33.9347689],[-117.5803127,33.934778],[-117.5803038,33.9347871],[-117.5802978,33.9347932],[-117.58028,33.9348114],[-117.5802636,33.9348281],[-117.5802473,33.9348448],[-117.5802398,33.9348524],[-117.580222,33.9348706],[-117.5802131,33.9348796],[-117.5802056,33.9348873],[-117.5801893,33.9349039],[-117.5801804,33.934913],[-117.5801729,33.9349206],[-117.5801728,33.9349208],[-117.5801655,33.9349282],[-117.580158,33.9349359],[-117.5801506,33.9349435],[-117.5801431,33.9349511],[-117.5801342,33.9349602],[-117.5801267,33.9349678],[-117.5801193,33.9349754],[-117.5801118,33.934983],[-117.5801029,33.9349921],[-117.580094,33.9350012],[-117.5800866,33.9350088],[-117.5800791,33.9350164],[-117.5800702,33.9350255],[-117.5800628,33.9350331],[-117.5800539,33.9350422],[-117.5800464,33.9350498],[-117.5800389,33.9350574],[-117.58003,33.9350665],[-117.5800227,33.9350739],[-117.5800211,33.9350755],[-117.5800137,33.9350832],[-117.5799973,33.9350998],[-117.5799899,33.9351075],[-117.579981,33.9351165],[-117.5799735,33.9351242],[-117.5799646,33.9351332],[-117.5799572,33.9351408],[-117.5799408,33.9351575],[-117.5799319,33.9351666],[-117.5799155,33.9351833],[-117.5799081,33.9351909],[-117.5798992,33.9352],[-117.5798828,33.9352167],[-117.5798739,33.9352258],[-117.5798699,33.9352299],[-117.5798665,33.9352334],[-117.579859,33.935241],[-117.5798501,33.9352501],[-117.5798427,33.9352577],[-117.5798263,33.9352744],[-117.5798099,33.9352911],[-117.5798025,33.9352987],[-117.5797861,33.9353154],[-117.5797787,33.935323],[-117.5796065,33.9354987],[-117.5796037,33.9355015],[-117.5794659,33.9356422],[-117.5793493,33.9357612],[-117.5792184,33.9358736],[-117.5792116,33.9358794],[-117.5792048,33.9358852],[-117.579198,33.9358911],[-117.5791912,33.9358969],[-117.5791844,33.9359027],[-117.5791776,33.9359085],[-117.5791709,33.9359143],[-117.5791641,33.9359202],[-117.5791573,33.935926],[-117.5791505,33.9359318],[-117.5791437,33.9359376],[-117.5791302,33.9359493],[-117.5791166,33.9359609],[-117.5791098,33.9359667],[-117.5790963,33.9359784],[-117.5790827,33.93599],[-117.5790759,33.9359959],[-117.5790669,33.9360036],[-117.5790556,33.9360133],[-117.5790352,33.9360308],[-117.5790284,33.9360366],[-117.5790149,33.9360483],[-117.5790081,33.9360541],[-117.5789877,33.9360716],[-117.5789742,33.9360832],[-117.5789674,33.936089],[-117.5789606,33.9360948],[-117.5789538,33.9361007],[-117.578947,33.9361065],[-117.5789403,33.9361123],[-117.5789335,33.9361181],[-117.5789267,33.936124],[-117.5789131,33.9361356],[-117.5789063,33.9361414],[-117.5788996,33.9361472],[-117.5788928,33.9361531],[-117.578886,33.9361589],[-117.5788792,33.9361647],[-117.5787333,33.9362899],[-117.5785622,33.9363717],[-117.5785355,33.9363844],[-117.5785146,33.9363944],[-117.5784984,33.9364021],[-117.5784775,33.9364121],[-117.5784717,33.9364149],[-117.5784613,33.9364199],[-117.5784508,33.9364249],[-117.5784404,33.9364298],[-117.57843,33.9364348],[-117.5784263,33.9364366],[-117.5781589,33.9365393],[-117.5765694,33.9372985],[-117.5765219,33.9373211],[-117.5738746,33.9385855],[-117.5738273,33.9386081],[-117.5727079,33.9391421],[-117.5719203,33.9395124],[-117.5712983,33.9398153],[-117.5706825,33.9400489],[-117.5695853,33.9406683],[-117.5695405,33.9406936],[-117.5683412,33.9413707],[-117.567912,33.9417227],[-117.5678164,33.941801],[-117.5676102,33.9419041],[-117.5675627,33.941928],[-117.5671856,33.9421092],[-117.5665907,33.942379],[-117.5660724,33.9429244],[-117.5660501,33.9429484],[-117.5654124,33.9435466],[-117.5653807,33.9435764],[-117.5650959,33.9438435],[-117.564971,33.9439606],[-117.5648919,33.9440348],[-117.5645836,33.944324],[-117.564392,33.9445038],[-117.5643729,33.9445217],[-117.5643389,33.9445569],[-117.5641672,33.9447347],[-117.5634121,33.9454469],[-117.5632893,33.9455927],[-117.5632829,33.9456003],[-117.5632783,33.9456058],[-117.5632719,33.9456134],[-117.5632672,33.9456189],[-117.563199,33.9456999],[-117.5631422,33.9457673],[-117.5630496,33.9457963],[-117.5629597,33.9458244],[-117.5629476,33.9458282],[-117.5629354,33.945832],[-117.5629233,33.9458358],[-117.5629112,33.9458396],[-117.5628991,33.9458434],[-117.5628869,33.9458471],[-117.5628748,33.9458509],[-117.5628627,33.9458547],[-117.5628506,33.9458585],[-117.5628384,33.9458623],[-117.5628263,33.9458661],[-117.5628142,33.9458699],[-117.562802,33.9458737],[-117.5627899,33.9458775],[-117.5627778,33.9458813],[-117.5627657,33.9458851],[-117.5627492,33.9458902],[-117.562737,33.945894],[-117.5627249,33.9458978],[-117.5627128,33.9459016],[-117.5627007,33.9459054],[-117.5626842,33.9459105],[-117.562672,33.9459143],[-117.5626599,33.9459181],[-117.5626478,33.9459219],[-117.5626357,33.9459257],[-117.5626235,33.9459295],[-117.5626114,33.9459333],[-117.5625993,33.9459371],[-117.5625872,33.9459409],[-117.5623855,33.9460039],[-117.562187,33.9459913],[-117.5621734,33.9459905],[-117.5621597,33.9459896],[-117.5621323,33.9459879],[-117.5621174,33.9459869],[-117.5621038,33.9459861],[-117.5620901,33.9459852],[-117.5620764,33.9459843],[-117.5620627,33.9459835],[-117.5620491,33.9459826],[-117.5620354,33.9459817],[-117.5620217,33.9459809],[-117.5620081,33.94598],[-117.5619944,33.9459791],[-117.5619807,33.9459783],[-117.561967,33.9459774],[-117.5619534,33.9459765],[-117.5619397,33.9459757],[-117.561926,33.9459748],[-117.5619123,33.9459739],[-117.561885,33.9459722],[-117.5618713,33.9459713],[-117.5618576,33.9459705],[-117.561844,33.9459696],[-117.5618303,33.9459687],[-117.5618166,33.9459679],[-117.5618029,33.945967],[-117.5617893,33.9459661],[-117.5617756,33.9459653],[-117.5617619,33.9459644],[-117.5617346,33.9459627],[-117.5616935,33.9459601],[-117.5616799,33.9459592],[-117.5616662,33.9459583],[-117.5616525,33.9459575],[-117.5616388,33.9459566],[-117.561624,33.9459557],[-117.5616103,33.9459548],[-117.5615954,33.9459539],[-117.5615817,33.945953],[-117.561568,33.9459521],[-117.5615544,33.9459513],[-117.5615407,33.9459504],[-117.561527,33.9459495],[-117.5614997,33.9459478],[-117.561486,33.9459469],[-117.5614723,33.9459461],[-117.5614587,33.9459452],[-117.5614313,33.9459435],[-117.5614176,33.9459426],[-117.5613903,33.9459409],[-117.5613766,33.94594],[-117.5613493,33.9459383],[-117.5613356,33.9459374],[-117.5613207,33.9459365],[-117.561307,33.9459356],[-117.5612933,33.9459347],[-117.5612797,33.9459339],[-117.561266,33.945933],[-117.5612523,33.9459321],[-117.5612387,33.9459313],[-117.561225,33.9459304],[-117.5612113,33.9459295],[-117.5611976,33.9459287],[-117.561184,33.9459278],[-117.5611703,33.9459269],[-117.5611566,33.9459261],[-117.561128,33.9459242],[-117.5611144,33.9459234],[-117.5611007,33.9459225],[-117.5610733,33.9459208],[-117.5610597,33.9459199],[-117.5610311,33.9459181],[-117.5610174,33.9459172],[-117.5610038,33.9459164],[-117.5609901,33.9459155],[-117.5609615,33.9459137],[-117.5609479,33.9459128],[-117.5609342,33.945912],[-117.5609205,33.9459111],[-117.5609068,33.9459102],[-117.5608932,33.9459094],[-117.5608646,33.9459076],[-117.5608509,33.9459067],[-117.5608372,33.9459058],[-117.5606363,33.9458931],[-117.560439,33.9458392],[-117.5604266,33.9458358],[-117.5604143,33.9458325],[-117.5604019,33.9458291],[-117.5603895,33.9458257],[-117.5603771,33.9458223],[-117.5603647,33.9458189],[-117.5603605,33.9458178],[-117.5603357,33.945811],[-117.5603191,33.9458065],[-117.5603068,33.9458031],[-117.5602944,33.9457997],[-117.560282,33.9457963],[-117.5602778,33.9457952],[-117.5602654,33.9457918],[-117.560253,33.9457884],[-117.5602406,33.945785],[-117.560224,33.9457805],[-117.5602116,33.9457771],[-117.560195,33.9457726],[-117.5601826,33.9457692],[-117.5601784,33.945768],[-117.560166,33.9457647],[-117.5601536,33.9457613],[-117.5601494,33.9457601],[-117.560137,33.9457568],[-117.5601351,33.9457562],[-117.5601247,33.9457534],[-117.5599317,33.9457007],[-117.5599256,33.945699],[-117.5597462,33.9456017],[-117.5595798,33.9455114],[-117.5595722,33.9455073],[-117.5593964,33.9454768],[-117.5593832,33.9454745],[-117.5593672,33.9454717],[-117.559354,33.9454694],[-117.5593408,33.9454672],[-117.5593277,33.9454649],[-117.5593145,33.9454626],[-117.5593014,33.9454603],[-117.5592882,33.945458],[-117.5592853,33.9454575],[-117.5592721,33.9454552],[-117.559259,33.9454529],[-117.5592458,33.9454507],[-117.5592327,33.9454484],[-117.5592195,33.9454461],[-117.5592063,33.9454438],[-117.5591932,33.9454415],[-117.55918,33.9454392],[-117.5591669,33.945437],[-117.5591537,33.9454347],[-117.5591405,33.9454324],[-117.5591274,33.9454301],[-117.5591142,33.9454278],[-117.5591011,33.9454255],[-117.5590879,33.9454232],[-117.5590747,33.945421],[-117.5590616,33.9454187],[-117.5590484,33.9454164],[-117.5590353,33.9454141],[-117.5590221,33.9454118],[-117.5590089,33.9454095],[-117.5589958,33.9454073],[-117.5589826,33.945405],[-117.5589695,33.9454027],[-117.5589563,33.9454004],[-117.5589432,33.9453981],[-117.55893,33.9453958],[-117.5589168,33.9453935],[-117.5589037,33.9453913],[-117.5588905,33.945389],[-117.5588774,33.9453867],[-117.5588671,33.9453849],[-117.5588642,33.9453844],[-117.5586602,33.945349],[-117.5586573,33.9453485],[-117.5586568,33.9453488],[-117.5586109,33.9453788],[-117.5585971,33.9453879],[-117.5585848,33.9453959],[-117.5585836,33.9453967],[-117.5585738,33.9454031],[-117.5585674,33.9454072],[-117.5585628,33.9454103],[-117.5585628,33.9454116],[-117.5585628,33.9454117],[-117.5585628,33.9454118],[-117.5585628,33.9454119],[-117.5585628,33.945412],[-117.5585628,33.9454121],[-117.5585628,33.9454122],[-117.5585628,33.9454122],[-117.5585628,33.9454123],[-117.5585628,33.9454124],[-117.5585628,33.9454125],[-117.5585628,33.9454126],[-117.5585628,33.9454127],[-117.5585628,33.9454128],[-117.5585628,33.9454128],[-117.5585628,33.9454129],[-117.5585628,33.945413],[-117.5585628,33.9454132],[-117.5585628,33.9454133],[-117.5585628,33.9454134],[-117.5585628,33.9454135],[-117.5585628,33.9454135],[-117.5585628,33.9454136],[-117.5585628,33.9454137],[-117.5585628,33.9454138],[-117.5585628,33.9454139],[-117.5585628,33.945414],[-117.5585628,33.9454141],[-117.5585628,33.9454142],[-117.5585628,33.9454142],[-117.5585628,33.9454143],[-117.5585628,33.9454145],[-117.5585628,33.9454146],[-117.5585628,33.9454147],[-117.5585628,33.9454148],[-117.5585628,33.9454149],[-117.5585628,33.9454149],[-117.5585628,33.945415],[-117.5585628,33.9454151],[-117.5585628,33.9454152],[-117.5585628,33.9454153],[-117.5585628,33.9454154],[-117.5585628,33.9454156],[-117.5585628,33.9454156],[-117.5585628,33.9454157],[-117.5585628,33.9454158],[-117.5585628,33.9454159],[-117.5585628,33.945416],[-117.5585628,33.9454161],[-117.5585628,33.9454162],[-117.5585628,33.9454163],[-117.5585628,33.9454163],[-117.5585628,33.9454164],[-117.5585628,33.9454165],[-117.5585628,33.9454166],[-117.5585628,33.9454167],[-117.5585628,33.9454168],[-117.5585628,33.945417],[-117.5585628,33.945417],[-117.5585628,33.9454171],[-117.5585628,33.9454172],[-117.5585628,33.9454173],[-117.5585628,33.9454174],[-117.5585628,33.9454174],[-117.5585628,33.9454175],[-117.5585628,33.9454176],[-117.5585628,33.9454177],[-117.5585628,33.9454177],[-117.5585628,33.9454178],[-117.5585628,33.945418],[-117.5585628,33.9454181],[-117.5585628,33.9454182],[-117.5585628,33.9454183],[-117.5585628,33.9454184],[-117.5585628,33.9454184],[-117.5585628,33.9454185],[-117.5585628,33.9454186],[-117.5585628,33.9454188],[-117.5585628,33.9454189],[-117.5585628,33.945419],[-117.5585628,33.9454191],[-117.5585628,33.9454191],[-117.5585628,33.9454192],[-117.5585628,33.9454194],[-117.5585628,33.9454195],[-117.5585628,33.9454197],[-117.5585628,33.9454198],[-117.5585628,33.9454198],[-117.5585628,33.9454199],[-117.5585628,33.94542],[-117.5585628,33.9454202],[-117.5585628,33.9454203],[-117.5585628,33.9454204],[-117.5585628,33.9454204],[-117.5585628,33.9454205],[-117.5585628,33.9454206],[-117.5585628,33.9454207],[-117.5585628,33.9454208],[-117.5585628,33.9454209],[-117.5585628,33.9454209],[-117.5585628,33.945421],[-117.5585628,33.9454211],[-117.5585628,33.9454212],[-117.5585628,33.9454213],[-117.5585628,33.9454214],[-117.5585628,33.9454215],[-117.5585628,33.9454216],[-117.5585628,33.9454217],[-117.5585628,33.9454218],[-117.5585628,33.9454218],[-117.5585628,33.9454224],[-117.5585628,33.9454231],[-117.5585628,33.9454238],[-117.5585628,33.9454245],[-117.5585628,33.9454252],[-117.5585628,33.9454259],[-117.5585628,33.9454266],[-117.5585628,33.9454274],[-117.5585628,33.9454281],[-117.5585628,33.9454288],[-117.5585628,33.9454295],[-117.5585628,33.9454302],[-117.5585628,33.9454309],[-117.5585628,33.9454317],[-117.5585628,33.9454324],[-117.5585629,33.9454331],[-117.5585629,33.9454338],[-117.5585629,33.9454345],[-117.5585629,33.9454352],[-117.5585629,33.945436],[-117.5585629,33.9454367],[-117.5585629,33.9454374],[-117.5585629,33.9454381],[-117.5585629,33.9454388],[-117.5585629,33.9454395],[-117.5585629,33.9454403],[-117.5585629,33.945441],[-117.5585629,33.9454417],[-117.5585629,33.9454424],[-117.5585629,33.9454431],[-117.5585629,33.9454438],[-117.5585629,33.9454446],[-117.5585629,33.9454453],[-117.5585629,33.945446],[-117.5585629,33.9454467],[-117.5585629,33.9454474],[-117.5585629,33.9454481],[-117.5585629,33.9454489],[-117.5585629,33.9454496],[-117.5585629,33.945451],[-117.5585629,33.9454517],[-117.5585629,33.9454524],[-117.5585629,33.9454532],[-117.5585629,33.9454539],[-117.5585629,33.9454546],[-117.5585629,33.9454553],[-117.5585629,33.945456],[-117.5585629,33.9454567],[-117.5585629,33.9454575],[-117.5585629,33.9454582],[-117.5585629,33.9454589],[-117.5585629,33.9454596],[-117.5585629,33.9454603],[-117.5585629,33.945461],[-117.5585629,33.9454618],[-117.5585629,33.9454625],[-117.5585629,33.9454632],[-117.5585629,33.9454639],[-117.5585629,33.9454646],[-117.5585629,33.9454653],[-117.5585629,33.945466],[-117.5585629,33.9454675],[-117.5585629,33.9454689],[-117.5585629,33.9454696],[-117.5585629,33.9454703],[-117.5585629,33.9454711],[-117.5585629,33.9454718],[-117.5585629,33.9454725],[-117.5585629,33.9454732],[-117.5585629,33.9454739],[-117.5585629,33.9454746],[-117.5585629,33.9454754],[-117.5585629,33.9454761],[-117.5585629,33.9454768],[-117.5585629,33.9454775],[-117.5585629,33.9454782],[-117.5585629,33.9454789],[-117.5585629,33.9454804],[-117.5585629,33.9454811],[-117.5585629,33.9454818],[-117.5585629,33.9454825],[-117.5585629,33.9454832],[-117.5585629,33.945484],[-117.5585629,33.9454847],[-117.5585629,33.9454854],[-117.5585629,33.9454861],[-117.5585629,33.9454868],[-117.5585629,33.9454875],[-117.5585629,33.9454883],[-117.5585629,33.945489],[-117.5585629,33.9454897],[-117.5585629,33.9454904],[-117.5585629,33.9454911],[-117.5585629,33.9454918],[-117.5585629,33.9454926],[-117.558563,33.9454933],[-117.558563,33.945494],[-117.558563,33.9454947],[-117.558563,33.9454961],[-117.558563,33.9454969],[-117.558563,33.9454976],[-117.558563,33.945499],[-117.558563,33.9454997],[-117.558563,33.9455012],[-117.558563,33.9455019],[-117.558563,33.9455026],[-117.558563,33.9455033],[-117.558563,33.945504],[-117.558563,33.9455047],[-117.558563,33.9455055],[-117.558563,33.9455062],[-117.558563,33.9455076],[-117.558563,33.9455083],[-117.558563,33.945509],[-117.558563,33.9455098],[-117.558563,33.9455105],[-117.558563,33.9455112],[-117.558563,33.9455119],[-117.558563,33.9455126],[-117.558563,33.9455133],[-117.558563,33.9455141],[-117.558563,33.9455148],[-117.558563,33.9455155],[-117.558563,33.9455162],[-117.558563,33.9455166],[-117.558563,33.9455169],[-117.558563,33.9455176],[-117.558563,33.9455184],[-117.558563,33.9455191],[-117.558563,33.9455198],[-117.558563,33.9455212],[-117.558563,33.9455219],[-117.558563,33.9455233],[-117.558563,33.9455234],[-117.558563,33.9455241],[-117.558563,33.9455255],[-117.558563,33.9455262],[-117.558563,33.945527],[-117.558563,33.9455277],[-117.558563,33.9455284],[-117.558563,33.9455291],[-117.558563,33.9455298],[-117.558563,33.94553],[-117.558563,33.9455305],[-117.558563,33.9455313],[-117.558563,33.945532],[-117.558563,33.9455327],[-117.558563,33.9455334],[-117.558563,33.9455341],[-117.558563,33.9455348],[-117.558563,33.9455363],[-117.558563,33.9455367],[-117.558563,33.945537],[-117.558563,33.9455377],[-117.558563,33.9455384],[-117.558563,33.9455391],[-117.558563,33.9455399],[-117.558563,33.9455406],[-117.558563,33.9455435],[-117.558563,33.9455501],[-117.5585631,33.9455568],[-117.5585631,33.9455635],[-117.5585631,33.9455702],[-117.5585631,33.9455769],[-117.5585631,33.9455903],[-117.5585631,33.945597],[-117.5585631,33.9456037],[-117.5585631,33.9456104],[-117.5585632,33.945617],[-117.5585632,33.9456237],[-117.5585632,33.9456304],[-117.5585632,33.9456371],[-117.5585632,33.9456438],[-117.5585632,33.9456505],[-117.5585632,33.9456572],[-117.5585632,33.9456639],[-117.5585632,33.9456706],[-117.5585633,33.9456772],[-117.5585633,33.9456839],[-117.5585633,33.9456906],[-117.5585633,33.9456973],[-117.5585633,33.945704],[-117.5585633,33.9457107],[-117.5585633,33.9457174],[-117.5585633,33.9457241],[-117.5585633,33.9457308],[-117.5585634,33.9457375],[-117.5585634,33.9457441],[-117.5585634,33.9457508],[-117.5585634,33.9457575],[-117.5585634,33.9457642],[-117.5585634,33.9457776],[-117.5585634,33.9457843],[-117.5585634,33.945791],[-117.5585635,33.9457977],[-117.5585635,33.9458044],[-117.5585635,33.9458177],[-117.5585635,33.9458244],[-117.5585635,33.9458311],[-117.5585635,33.9458378],[-117.5585635,33.9458445],[-117.5585635,33.9458512],[-117.5585636,33.9458646],[-117.5585636,33.9458712],[-117.5585636,33.9458779],[-117.5585636,33.9458846],[-117.5585636,33.9458913],[-117.5585636,33.945898],[-117.5585636,33.9459047],[-117.5585636,33.9459114],[-117.5585637,33.9459181],[-117.5585637,33.9459248],[-117.5585637,33.9459315],[-117.5585637,33.9459448],[-117.5585637,33.9459515],[-117.5585637,33.9459582],[-117.5585637,33.9459649],[-117.5585638,33.9459783],[-117.5585638,33.945985],[-117.5585638,33.9459917],[-117.5585638,33.946005],[-117.5585638,33.9460117],[-117.5585638,33.9460251],[-117.5585638,33.9460318],[-117.5585639,33.9460385],[-117.5585639,33.9460452],[-117.5585639,33.9460519],[-117.5585639,33.9460586],[-117.5585639,33.9460719],[-117.5585639,33.9460786],[-117.5585639,33.9460853],[-117.5585639,33.946092],[-117.558564,33.9460987],[-117.558564,33.9461054],[-117.558564,33.9461121],[-117.558564,33.9461188],[-117.558564,33.9461255],[-117.558564,33.9461388],[-117.558564,33.9461455],[-117.558564,33.9461522],[-117.5585641,33.9461589],[-117.5585641,33.9461656],[-117.5585641,33.9461723],[-117.5585641,33.9461857],[-117.5585641,33.9461923],[-117.5585641,33.9462057],[-117.5585642,33.9462124],[-117.5585642,33.9462191],[-117.5585642,33.9462258],[-117.5585642,33.9462325],[-117.5585642,33.9462392],[-117.5585642,33.9462526],[-117.5585642,33.9462592],[-117.5585642,33.9462659],[-117.5585643,33.9462726],[-117.5585643,33.9462793],[-117.5585643,33.946286],[-117.5585643,33.9462927],[-117.5585643,33.9463061],[-117.5585643,33.9463195],[-117.5585643,33.9463261],[-117.5585644,33.9463328],[-117.5585644,33.9463462],[-117.5585644,33.9463529],[-117.5585644,33.9463596],[-117.5585644,33.9463663],[-117.5585644,33.946373],[-117.5585644,33.9463797],[-117.5585645,33.9463997],[-117.5585645,33.9464064],[-117.5585645,33.9464131],[-117.5585645,33.9464265],[-117.5585645,33.9464332],[-117.5585645,33.9464466],[-117.5585646,33.9464532],[-117.5585646,33.9464599],[-117.5585646,33.9464666],[-117.5585646,33.9464733],[-117.5585646,33.94648],[-117.5585646,33.9464867],[-117.5585646,33.9464934],[-117.5585646,33.9465001],[-117.5585646,33.9465068],[-117.5585647,33.9465135],[-117.5585647,33.9465201],[-117.5585647,33.9465268],[-117.5585647,33.9465335],[-117.5585647,33.9465402],[-117.5585647,33.9465469],[-117.5585647,33.9465536],[-117.5585647,33.9465537],[-117.5585647,33.946567],[-117.5585648,33.9465737],[-117.5585648,33.9465871],[-117.5585648,33.9465938],[-117.5585648,33.9466005],[-117.5585648,33.9466072],[-117.5585648,33.9466139],[-117.5585648,33.9466206],[-117.5585649,33.9466339],[-117.5585649,33.9466406],[-117.5585649,33.946654],[-117.5585649,33.9466607],[-117.5585649,33.9466674],[-117.5585649,33.9466741],[-117.5585649,33.9466808],[-117.5585649,33.9466875],[-117.558565,33.9467075],[-117.558565,33.9467142],[-117.558565,33.9467209],[-117.558565,33.9467276],[-117.558565,33.9467343],[-117.558565,33.9467477],[-117.5585651,33.9467544],[-117.5585651,33.946761],[-117.5585651,33.9467744],[-117.5585651,33.9467811],[-117.5585651,33.9467878],[-117.5585651,33.9467945],[-117.5585651,33.9468012],[-117.5585651,33.9468079],[-117.5585652,33.9468146],[-117.5585652,33.9468212],[-117.5585652,33.9468346],[-117.5585652,33.9468413],[-117.5585652,33.9468547],[-117.5585652,33.9468681],[-117.5585653,33.9468748],[-117.5585653,33.9468815],[-117.5585653,33.9468881],[-117.5585653,33.9469015],[-117.5585653,33.9469082],[-117.5585653,33.9469149],[-117.5585653,33.9469283],[-117.5585654,33.9469417],[-117.5585654,33.9469484],[-117.5585654,33.946955],[-117.5585654,33.9469617],[-117.5585654,33.9469751],[-117.5585654,33.9469885],[-117.5585655,33.9469952],[-117.5585655,33.9470019],[-117.5585655,33.9470086],[-117.5585655,33.9470219],[-117.5585655,33.9470286],[-117.5585655,33.9470353],[-117.5585655,33.9470487],[-117.5585656,33.9470554],[-117.5585656,33.9470621],[-117.5585656,33.9470688],[-117.5585656,33.9470821],[-117.5585656,33.9470888],[-117.5585656,33.9471022],[-117.5585656,33.9471089],[-117.5585657,33.9471156],[-117.5585657,33.9471223],[-117.5585657,33.947129],[-117.5585657,33.9471357],[-117.5585657,33.9471424],[-117.5585657,33.947149],[-117.5585657,33.9471624],[-117.5585657,33.9471691],[-117.5585658,33.9471758],[-117.5585658,33.9471825],[-117.5585658,33.9471892],[-117.5585658,33.9471959],[-117.5585658,33.9472026],[-117.5585658,33.9472092],[-117.5585658,33.9472159],[-117.5585658,33.9472226],[-117.5585658,33.9472293],[-117.5585659,33.947236],[-117.5585659,33.9472427],[-117.5585659,33.9472494],[-117.5585659,33.9472561],[-117.5585659,33.9472628],[-117.5585659,33.9472695],[-117.5585659,33.9472761],[-117.5585659,33.9472828],[-117.5585659,33.9472895],[-117.558566,33.9472962],[-117.558566,33.9473029],[-117.558566,33.9473095],[-117.558566,33.9473096],[-117.558566,33.9473162],[-117.558566,33.9473163],[-117.558566,33.9473229],[-117.558566,33.947323],[-117.558566,33.9473296],[-117.558566,33.9473363],[-117.558566,33.9473363],[-117.558566,33.947343],[-117.558566,33.947343],[-117.558566,33.9473497],[-117.5585661,33.9473563],[-117.5585661,33.9473589],[-117.5585557,33.9499402],[-117.5585553,33.9500358],[-117.5585552,33.9500555],[-117.5585576,33.9516538],[-117.5585576,33.9518015],[-117.5585576,33.9519521],[-117.558558,33.9521538],[-117.5585586,33.9524288],[-117.558559,33.9526134],[-117.5585594,33.9527934],[-117.5585598,33.9529734],[-117.5585601,33.9531534],[-117.5585606,33.9533466],[-117.5585611,33.9535936],[-117.5585617,33.9539044],[-117.558562,33.9540187],[-117.5585628,33.9544131],[-117.5585623,33.9545998],[-117.5585593,33.9549616],[-117.5584621,33.9549628],[-117.5583277,33.9549646],[-117.5580697,33.9550869],[-117.5580484,33.9550958],[-117.5563347,33.9558137],[-117.5559362,33.9559806],[-117.5547202,33.95649],[-117.5543953,33.956626],[-117.554257,33.956684],[-117.5539048,33.9568315],[-117.5539049,33.9568394],[-117.553905,33.9568494],[-117.5539052,33.9568667],[-117.5539092,33.9571816],[-117.5538519,33.9571819],[-117.5537779,33.9571824],[-117.5533586,33.9571851],[-117.5531771,33.9571862],[-117.5531581,33.9571863],[-117.5529436,33.9571877],[-117.5527293,33.9571891],[-117.5525149,33.9571904],[-117.5523006,33.9571918],[-117.5520863,33.9571932],[-117.5518719,33.9571945],[-117.5516576,33.9571959],[-117.5514432,33.9571973],[-117.5512289,33.9571986],[-117.5510146,33.9572],[-117.5508002,33.9572013],[-117.5505859,33.9572027],[-117.5503715,33.9572041],[-117.5501574,33.9572054],[-117.5499428,33.9572068],[-117.5495819,33.9572091],[-117.5495816,33.9572091],[-117.5495721,33.9572091],[-117.5495671,33.9572092],[-117.5494568,33.9572099],[-117.5493289,33.9572107],[-117.548989,33.9572147]]]]}},
{"type":"Feature","properties":{"CITY":"Jurupa Valley","COUNTY":"Riverside"},"geometry":{"type":"MultiPolygon","coordinates":[[[[-117.4015037,34.0338482],[-117.4015043,34.0338482],[-117.4015046,34.0338482],[-117.4055581,34.03385],[-117.4073272,34.0338508],[-117.4094928,34.0338517],[-117.4102179,34.033852],[-117.4107502,34.0338522],[-117.4113599,34.0338525],[-117.4132794,34.0338532],[-117.4138665,34.0338534],[-117.4138814,34.0338534],[-117.4138825,34.0338534],[-117.4129638,34.0341463],[-117.4126615,34.0342426],[-117.4126598,34.0342432],[-117.412659,34.0342434],[-117.4133471,34.0342441],[-117.413961,34.0342446],[-117.4140442,34.0342447],[-117.4140703,34.0342447],[-117.4142155,34.0342448],[-117.4144101,34.034245],[-117.4144631,34.0342451],[-117.4144591,34.0342506],[-117.4154383,34.03425],[-117.4168233,34.0342491],[-117.4181731,34.0342482],[-117.4208311,34.0342464],[-117.4267482,34.0342421],[-117.4330549,34.0342374],[-117.4330548,34.0342374],[-117.4332595,34.0342372],[-117.4334323,34.0342371],[-117.4334324,34.0342371],[-117.4334455,34.0342371],[-117.4341192,34.0342366],[-117.4343753,34.0342364],[-117.4344239,34.0342364],[-117.4353745,34.0342356],[-117.4397276,34.0340898],[-117.4433761,34.0339674],[-117.4440834,34.0339437],[-117.446757,34.0338539],[-117.4513811,34.0336985],[-117.453675,34.0336214],[-117.453675,34.0336215],[-117.4551857,34.0336161],[-117.456122,34.0336128],[-117.4571849,34.033609],[-117.4580316,34.033606],[-117.4597095,34.0336],[-117.4608168,34.033596],[-117.4623613,34.0335904],[-117.4642415,34.0335836],[-117.464593,34.0335823],[-117.4649272,34.0335811],[-117.466757,34.0335745],[-117.4696614,34.0335638],[-117.4710472,34.0335588],[-117.4710472,34.033559],[-117.4755129,34.033546],[-117.4757374,34.0335453],[-117.4788338,34.0335362],[-117.4799777,34.0335328],[-117.4843326,34.0335197],[-117.4889081,34.0335059],[-117.4927933,34.0335029],[-117.4928177,34.0335029],[-117.4953471,34.0335009],[-117.4978925,34.0334988],[-117.4978925,34.0334987],[-117.4979107,34.0334987],[-117.4979248,34.0334987],[-117.5002516,34.0334967],[-117.5005583,34.0334964],[-117.5008831,34.0334961],[-117.5022595,34.0334949],[-117.5022926,34.0334949],[-117.502699,34.0334945],[-117.5049777,34.0334925],[-117.5054295,34.0334921],[-117.5055329,34.033492],[-117.5064843,34.0334911],[-117.5068765,34.0334908],[-117.5069119,34.0334907],[-117.5095734,34.0334901],[-117.5095914,34.0334901],[-117.5105061,34.0334898],[-117.5115869,34.0334896],[-117.5116205,34.0334895],[-117.5116442,34.0334895],[-117.5122442,34.0334894],[-117.5122447,34.0334894],[-117.5132811,34.0334891],[-117.5147549,34.0334887],[-117.5153447,34.0334885],[-117.5153469,34.0334885],[-117.5155868,34.0334884],[-117.5155903,34.0334884],[-117.5158377,34.0334883],[-117.5158628,34.0334883],[-117.5158664,34.0334883],[-117.5159632,34.0334883],[-117.5166756,34.0334881],[-117.5167411,34.0334881],[-117.5168434,34.033488],[-117.5168832,34.033488],[-117.5169426,34.033488],[-117.5179485,34.0334877],[-117.5184171,34.0334877],[-117.5207063,34.0334875],[-117.5208075,34.0334876],[-117.5208631,34.033487],[-117.5208768,34.0334868],[-117.5220543,34.0334864],[-117.5242339,34.0334857],[-117.5242537,34.0334857],[-117.5242946,34.0334857],[-117.5243078,34.0334857],[-117.5243098,34.0334857],[-117.5244085,34.0334856],[-117.5294115,34.0334804],[-117.5323299,34.0334773],[-117.5323357,34.0334773],[-117.5330242,34.0334766],[-117.5351017,34.0334745],[-117.539336,34.0334703],[-117.539415,34.0334702],[-117.541739,34.0334678],[-117.5417422,34.0334678],[-117.5450616,34.033464],[-117.5450885,34.0334639],[-117.5456467,34.0334633],[-117.548945,34.0334594],[-117.5491536,34.0334592],[-117.549834,34.0334584],[-117.5502143,34.0334579],[-117.550249,34.0334579],[-117.550249,34.0334576],[-117.5502491,34.0333389],[-117.5502521,34.030651],[-117.5502524,34.0304055],[-117.5502535,34.0293996],[-117.5502539,34.0290827],[-117.5502572,34.0260961],[-117.5502603,34.0233786],[-117.5502632,34.0207926],[-117.5502654,34.0187931],[-117.5502663,34.018003],[-117.5503309,34.0116167],[-117.5503355,34.0111684],[-117.5503336,34.0060693],[-117.550333,34.0044033],[-117.5503307,33.9981053],[-117.5503291,33.9936755],[-117.550326,33.9933681],[-117.5503171,33.9930607],[-117.5503022,33.9927536],[-117.5503022,33.9927534],[-117.5502792,33.9924178],[-117.5502792,33.9924175],[-117.5502492,33.9920823],[-117.5502491,33.9920818],[-117.5502121,33.9917474],[-117.550212,33.9917469],[-117.550168,33.9914131],[-117.5501679,33.9914127],[-117.5501341,33.9911871],[-117.5501169,33.9910794],[-117.5500633,33.9907712],[-117.5500631,33.9907701],[-117.5500033,33.9904617],[-117.5500033,33.9904615],[-117.5499375,33.9901541],[-117.5499375,33.9901539],[-117.5498813,33.9899115],[-117.5498657,33.9898474],[-117.5498657,33.9898473],[-117.5498087,33.9896207],[-117.5497484,33.9893947],[-117.5495507,33.9886743],[-117.5493734,33.9880283],[-117.5493403,33.9879055],[-117.5492876,33.9877005],[-117.5492876,33.9877002],[-117.5492099,33.9873714],[-117.5492098,33.987371],[-117.5491403,33.987041],[-117.5491402,33.9870406],[-117.5490787,33.9867095],[-117.5490786,33.9867092],[-117.5490252,33.986377],[-117.5490252,33.9863768],[-117.5489799,33.9860437],[-117.5489799,33.9860436],[-117.5489427,33.9857097],[-117.5489427,33.9857094],[-117.5489137,33.9853752],[-117.5489137,33.9853748],[-117.5489044,33.9852423],[-117.5488928,33.9850402],[-117.5488928,33.9850398],[-117.5488802,33.9847049],[-117.5488802,33.9847047],[-117.5488774,33.9845693],[-117.5488757,33.9843695],[-117.5488688,33.9781654],[-117.5488657,33.9753103],[-117.5488656,33.9752428],[-117.5488654,33.9750374],[-117.5488592,33.9695129],[-117.5488577,33.9681672],[-117.5488565,33.9670344],[-117.5488538,33.9646171],[-117.5488538,33.9646081],[-117.5488537,33.9644716],[-117.5488497,33.9609132],[-117.5488489,33.9601443],[-117.5488471,33.9585133],[-117.5488492,33.9582769],[-117.5488492,33.9582765],[-117.5488563,33.9580406],[-117.5488563,33.9580401],[-117.5488682,33.9578056],[-117.5488682,33.9578044],[-117.5488797,33.9576363],[-117.5488936,33.9574684],[-117.5488937,33.9574679],[-117.5489134,33.9572693],[-117.5489148,33.957256],[-117.5489151,33.9572539],[-117.5489265,33.957231],[-117.5489285,33.9572162],[-117.5489906,33.9572153],[-117.548989,33.9572147],[-117.5489318,33.9571928],[-117.5491065,33.9559292],[-117.5492698,33.9554513],[-117.5493062,33.9553446],[-117.5493728,33.9551497],[-117.5495137,33.9547373],[-117.5495846,33.9545297],[-117.5497116,33.9541577],[-117.5497136,33.9541519],[-117.5497301,33.9541035],[-117.5497954,33.9539741],[-117.5498058,33.9539537],[-117.5499506,33.9536862],[-117.5499529,33.953682],[-117.54998,33.9536318],[-117.5500695,33.9534665],[-117.5506021,33.9524112],[-117.5513703,33.9512727],[-117.5523768,33.9500305],[-117.5524023,33.9500001],[-117.5524074,33.9499941],[-117.5524081,33.9499941],[-117.5524136,33.9499867],[-117.5520743,33.949985],[-117.5517997,33.9499837],[-117.5511067,33.9499862],[-117.54957,33.949992],[-117.5493614,33.9499927],[-117.5493612,33.949916],[-117.5493612,33.9499144],[-117.5493612,33.9499102],[-117.5493602,33.9495128],[-117.5492476,33.9495708],[-117.5481175,33.9501525],[-117.5442393,33.9521486],[-117.5440975,33.9523996],[-117.5440784,33.9528085],[-117.5442751,33.9536347],[-117.5442901,33.9536976],[-117.5442424,33.9544112],[-117.5439468,33.9552557],[-117.5437583,33.9555375],[-117.5433737,33.9559294],[-117.5427374,33.9564062],[-117.5425747,33.9564906],[-117.5423957,33.9565834],[-117.5423948,33.9565839],[-117.5416744,33.9568719],[-117.5411706,33.9570177],[-117.5406771,33.9570983],[-117.5406767,33.9571728],[-117.5406767,33.9571792],[-117.5406758,33.957337],[-117.5395879,33.95734],[-117.5378197,33.9573448],[-117.5371885,33.9573465],[-117.5363264,33.9573489],[-117.5363264,33.9573489],[-117.5343707,33.9573542],[-117.5341516,33.9573956],[-117.5341501,33.9573959],[-117.5341456,33.958422],[-117.5341435,33.9589036],[-117.5341433,33.9589416],[-117.5336834,33.9591167],[-117.5335609,33.9591633],[-117.5335433,33.95917],[-117.5319475,33.9591744],[-117.5319476,33.9591655],[-117.5319487,33.9590335],[-117.5319584,33.9578644],[-117.5319584,33.957864],[-117.5314766,33.957981],[-117.5314459,33.9579885],[-117.5304965,33.9580195],[-117.5297263,33.9580446],[-117.5296899,33.9580458],[-117.5287492,33.9580765],[-117.5286814,33.9580787],[-117.5286448,33.9580799],[-117.5282686,33.9581261],[-117.5282369,33.95813],[-117.5281969,33.9581349],[-117.5280927,33.9581477],[-117.5278309,33.9581799],[-117.5275692,33.9582121],[-117.5273074,33.9582443],[-117.5270456,33.9582764],[-117.5269826,33.9582842],[-117.5268901,33.9583207],[-117.5267918,33.958338],[-117.5265341,33.9583834],[-117.5263397,33.9584175],[-117.526088,33.9584626],[-117.5258075,33.9585128],[-117.5254523,33.9585764],[-117.5254516,33.9586039],[-117.5254377,33.9591168],[-117.525435,33.9593217],[-117.5254316,33.9593266],[-117.5249713,33.9599929],[-117.5242832,33.960989],[-117.5242815,33.9609916],[-117.5241656,33.9609917],[-117.5240684,33.9609917],[-117.5232444,33.9624297],[-117.5232419,33.962434],[-117.5232398,33.9609959],[-117.5232398,33.9609923],[-117.5232292,33.9609929],[-117.5231785,33.9609955],[-117.521216,33.9610961],[-117.5211934,33.9610973],[-117.5182187,33.9628027],[-117.5157457,33.9629904],[-117.5142569,33.9661525],[-117.5058216,33.9662367],[-117.5058305,33.9678531],[-117.5022457,33.9679056],[-117.4994439,33.9679466],[-117.4994422,33.9679466],[-117.4993994,33.9679263],[-117.4993921,33.9679229],[-117.4990599,33.9678225],[-117.499031,33.9678138],[-117.4987631,33.9677615],[-117.498397,33.9677569],[-117.4982157,33.9677643],[-117.4981466,33.9677759],[-117.4980015,33.9677829],[-117.4978322,33.9678172],[-117.4973105,33.9678942],[-117.4971244,33.9679805],[-117.4949014,33.968013],[-117.4933766,33.9680352],[-117.4928837,33.9680424],[-117.4914699,33.968063],[-117.4885282,33.9681058],[-117.4885085,33.9686508],[-117.4885026,33.9688136],[-117.4885025,33.9688136],[-117.4876199,33.9687901],[-117.4873917,33.9687484],[-117.4872128,33.9686866],[-117.4872061,33.9686843],[-117.486419,33.9683046],[-117.4862125,33.9681638],[-117.4854169,33.9676522],[-117.485211,33.9675498],[-117.4845421,33.9671332],[-117.4835913,33.9666511],[-117.4835854,33.966648],[-117.4831779,33.9665229],[-117.4821166,33.9663437],[-117.4815979,33.9662774],[-117.4810847,33.9661368],[-117.4807205,33.9660125],[-117.4807168,33.9660112],[-117.4804015,33.9658742],[-117.4800493,33.9656908],[-117.4800265,33.9656792],[-117.4798168,33.9655722],[-117.4797345,33.9655415],[-117.4797341,33.9657367],[-117.4781692,33.9652682],[-117.4761417,33.9646611],[-117.4756205,33.9646725],[-117.4756011,33.9646729],[-117.4714184,33.9647642],[-117.4709355,33.964707],[-117.4704111,33.9646174],[-117.4688607,33.9643523],[-117.4676844,33.9643821],[-117.4661878,33.9644186],[-117.4654055,33.9644377],[-117.4611377,33.9645419],[-117.4602081,33.9648354],[-117.4598177,33.9649587],[-117.4588746,33.9652564],[-117.4572032,33.9657841],[-117.4568117,33.9659077],[-117.4558035,33.966226],[-117.453627,33.9669131],[-117.453615,33.9669169],[-117.4536151,33.9669575],[-117.4536162,33.9673585],[-117.4536174,33.967825],[-117.4534682,33.9678885],[-117.453402,33.9679133],[-117.453272,33.9679529],[-117.4531831,33.9679736],[-117.4530863,33.9679905],[-117.4529948,33.9680013],[-117.4528962,33.9680076],[-117.4528134,33.9680082],[-117.4527973,33.9680083],[-117.4527051,33.9680039],[-117.4526929,33.9680027],[-117.4526134,33.9679948],[-117.4525906,33.9679912],[-117.4525227,33.9679808],[-117.4524268,33.9679605],[-117.4523389,33.9679368],[-117.4522691,33.9679137],[-117.4522514,33.9679079],[-117.452247,33.9679064],[-117.4521636,33.9678734],[-117.4521461,33.9678657],[-117.4521403,33.9678631],[-117.4521345,33.9678605],[-117.4521287,33.9678579],[-117.4521229,33.9678552],[-117.4521171,33.9678525],[-117.4521114,33.9678498],[-117.4521057,33.9678471],[-117.4521,33.9678444],[-117.4520943,33.9678416],[-117.4520886,33.9678388],[-117.4520829,33.967836],[-117.4520772,33.9678332],[-117.4520716,33.9678303],[-117.452066,33.9678275],[-117.4520604,33.9678246],[-117.4520548,33.9678217],[-117.4520492,33.9678187],[-117.4520436,33.9678158],[-117.4520381,33.9678128],[-117.4520363,33.9678118],[-117.4520326,33.9678098],[-117.4519994,33.9677991],[-117.4518459,33.9677493],[-117.4518359,33.9677448],[-117.4518301,33.9677423],[-117.4518243,33.9677397],[-117.4518184,33.9677372],[-117.4518126,33.9677347],[-117.4518094,33.9677333],[-117.4518067,33.9677322],[-117.4518008,33.9677297],[-117.4517948,33.9677273],[-117.4517889,33.9677249],[-117.4517829,33.9677226],[-117.451777,33.9677203],[-117.451771,33.9677179],[-117.451765,33.9677157],[-117.451759,33.9677134],[-117.4517529,33.9677112],[-117.4517469,33.967709],[-117.4517408,33.9677069],[-117.4517347,33.9677047],[-117.4517286,33.9677026],[-117.4517225,33.9677006],[-117.4517164,33.9676985],[-117.4517102,33.9676965],[-117.4517041,33.9676946],[-117.4516979,33.9676926],[-117.4516917,33.9676907],[-117.4516856,33.9676888],[-117.4516793,33.9676869],[-117.4516731,33.9676851],[-117.4516669,33.9676833],[-117.4516606,33.9676815],[-117.4516544,33.9676798],[-117.4516481,33.9676781],[-117.4516418,33.9676764],[-117.4516356,33.9676748],[-117.4516292,33.9676731],[-117.4516229,33.9676715],[-117.4516166,33.96767],[-117.4516103,33.9676685],[-117.4516039,33.967667],[-117.4515976,33.9676655],[-117.4515912,33.9676641],[-117.4515848,33.9676627],[-117.4515784,33.9676613],[-117.451572,33.9676599],[-117.4515656,33.9676586],[-117.4515592,33.9676574],[-117.4515528,33.9676561],[-117.4515464,33.9676549],[-117.4515399,33.9676537],[-117.4515335,33.9676525],[-117.451527,33.9676514],[-117.4515206,33.9676503],[-117.4515141,33.9676493],[-117.4515076,33.9676482],[-117.4515011,33.9676472],[-117.4514946,33.9676463],[-117.4514881,33.9676453],[-117.4514816,33.9676444],[-117.4514751,33.9676435],[-117.4514686,33.9676427],[-117.4514621,33.9676419],[-117.4514555,33.9676411],[-117.451449,33.9676403],[-117.4514425,33.9676396],[-117.4514359,33.9676389],[-117.4514294,33.9676383],[-117.4514228,33.9676377],[-117.4514163,33.9676371],[-117.4514097,33.9676365],[-117.4514031,33.967636],[-117.4513966,33.9676355],[-117.45139,33.967635],[-117.4513834,33.9676346],[-117.4513768,33.9676342],[-117.4513703,33.9676338],[-117.4513637,33.9676335],[-117.4513571,33.9676332],[-117.4513505,33.9676329],[-117.4513439,33.9676327],[-117.4513373,33.9676324],[-117.4513307,33.9676323],[-117.4513241,33.9676321],[-117.4513175,33.967632],[-117.4513109,33.9676319],[-117.4513044,33.9676319],[-117.4512978,33.9676319],[-117.4512912,33.9676319],[-117.4512846,33.9676319],[-117.451278,33.967632],[-117.4512714,33.9676321],[-117.4512648,33.9676322],[-117.4512582,33.9676324],[-117.4512516,33.9676326],[-117.451245,33.9676328],[-117.4512384,33.9676331],[-117.4512318,33.9676334],[-117.4512252,33.9676337],[-117.4512187,33.9676341],[-117.4512121,33.9676345],[-117.4512055,33.9676349],[-117.4511989,33.9676354],[-117.4511924,33.9676359],[-117.4511858,33.9676364],[-117.4511792,33.9676369],[-117.4511727,33.9676375],[-117.4511661,33.9676381],[-117.4511596,33.9676388],[-117.451153,33.9676395],[-117.4511465,33.9676402],[-117.45114,33.9676409],[-117.4511334,33.9676417],[-117.4511269,33.9676425],[-117.4511204,33.9676433],[-117.4511139,33.9676442],[-117.4511074,33.9676451],[-117.4511009,33.967646],[-117.4510944,33.967647],[-117.4510879,33.967648],[-117.4510814,33.967649],[-117.4510749,33.9676501],[-117.4510685,33.9676512],[-117.451062,33.9676523],[-117.4510556,33.9676534],[-117.4510491,33.9676546],[-117.4510427,33.9676558],[-117.4510363,33.9676571],[-117.4510298,33.9676583],[-117.4510234,33.9676596],[-117.451017,33.967661],[-117.4510106,33.9676624],[-117.4510043,33.9676637],[-117.4509979,33.9676652],[-117.4509915,33.9676666],[-117.4509852,33.9676681],[-117.4509788,33.9676696],[-117.4509725,33.9676712],[-117.4509662,33.9676728],[-117.4509599,33.9676744],[-117.4509536,33.967676],[-117.4509473,33.9676777],[-117.450941,33.9676794],[-117.4509348,33.9676811],[-117.4509285,33.9676829],[-117.4509223,33.9676847],[-117.4509161,33.9676865],[-117.4509099,33.9676884],[-117.4509037,33.9676903],[-117.4508975,33.9676922],[-117.4508913,33.9676941],[-117.4508852,33.9676961],[-117.450879,33.9676981],[-117.4508729,33.9677001],[-117.4508668,33.9677022],[-117.4508607,33.9677043],[-117.4508546,33.9677064],[-117.4508485,33.9677085],[-117.4508425,33.9677107],[-117.4508364,33.9677129],[-117.4508304,33.9677152],[-117.4508244,33.9677174],[-117.4508184,33.9677197],[-117.4508124,33.9677221],[-117.4508065,33.9677244],[-117.4508005,33.9677268],[-117.4507946,33.9677292],[-117.4507887,33.9677316],[-117.4507828,33.9677341],[-117.4507769,33.9677366],[-117.4507711,33.9677391],[-117.4507652,33.9677417],[-117.4507594,33.9677443],[-117.4507536,33.9677469],[-117.4507478,33.9677495],[-117.450742,33.9677522],[-117.4507363,33.9677549],[-117.4507305,33.9677576],[-117.4507248,33.9677603],[-117.4507191,33.9677631],[-117.4507135,33.9677659],[-117.4507078,33.9677687],[-117.4507022,33.9677716],[-117.4506966,33.9677745],[-117.450691,33.9677774],[-117.4506854,33.9677803],[-117.4506798,33.9677833],[-117.4506743,33.9677863],[-117.4506639,33.9677912],[-117.4506581,33.9677939],[-117.4506524,33.9677966],[-117.4506466,33.9677993],[-117.4506409,33.967802],[-117.4506351,33.9678047],[-117.4506294,33.9678074],[-117.4506237,33.9678102],[-117.450618,33.9678129],[-117.4506122,33.9678156],[-117.4506065,33.9678184],[-117.4506008,33.9678211],[-117.4505951,33.9678238],[-117.4505894,33.9678266],[-117.4505837,33.9678293],[-117.450578,33.9678321],[-117.4505723,33.9678349],[-117.4505666,33.9678376],[-117.4505609,33.9678404],[-117.4505552,33.9678432],[-117.4505495,33.967846],[-117.4505438,33.9678488],[-117.4505381,33.9678515],[-117.4505324,33.9678543],[-117.4505268,33.9678571],[-117.4505211,33.9678599],[-117.4505154,33.9678627],[-117.4505098,33.9678656],[-117.4505041,33.9678684],[-117.4504984,33.9678712],[-117.4504928,33.967874],[-117.4504871,33.9678769],[-117.4504815,33.9678797],[-117.4504758,33.9678825],[-117.4504702,33.9678854],[-117.4504645,33.9678882],[-117.4504589,33.9678911],[-117.4504533,33.9678939],[-117.4504476,33.9678968],[-117.450442,33.9678997],[-117.4504364,33.9679025],[-117.4504308,33.9679054],[-117.4504251,33.9679083],[-117.4504195,33.9679112],[-117.4504139,33.967914],[-117.4504083,33.9679169],[-117.4504027,33.9679198],[-117.4503971,33.9679227],[-117.4503915,33.9679256],[-117.4503859,33.9679286],[-117.4503803,33.9679315],[-117.4503747,33.9679344],[-117.4503691,33.9679373],[-117.4503635,33.9679402],[-117.450358,33.9679432],[-117.4503524,33.9679461],[-117.4503468,33.967949],[-117.4503412,33.967952],[-117.4503357,33.9679549],[-117.4503301,33.9679579],[-117.4503246,33.9679608],[-117.450319,33.9679638],[-117.4503134,33.9679668],[-117.4503079,33.9679697],[-117.4503024,33.9679727],[-117.4502968,33.9679757],[-117.4502913,33.9679787],[-117.4502857,33.9679817],[-117.4502802,33.9679847],[-117.4502747,33.9679877],[-117.4502691,33.9679907],[-117.4502636,33.9679937],[-117.4502581,33.9679967],[-117.4502526,33.9679997],[-117.4502471,33.9680027],[-117.4502416,33.9680057],[-117.4502361,33.9680087],[-117.4502306,33.9680118],[-117.4502251,33.9680148],[-117.4502196,33.9680179],[-117.4502141,33.9680209],[-117.4502086,33.9680239],[-117.4502031,33.968027],[-117.4501976,33.9680301],[-117.4501921,33.9680331],[-117.4501867,33.9680362],[-117.4501812,33.9680392],[-117.4501757,33.9680423],[-117.4501703,33.9680454],[-117.4501648,33.9680485],[-117.4501593,33.9680516],[-117.4501539,33.9680547],[-117.4501484,33.9680578],[-117.450143,33.9680609],[-117.4501375,33.968064],[-117.4501321,33.9680671],[-117.4501267,33.9680702],[-117.4501212,33.9680733],[-117.4501158,33.9680764],[-117.4501104,33.9680795],[-117.450105,33.9680827],[-117.4500995,33.9680858],[-117.4500941,33.9680889],[-117.4500887,33.9680921],[-117.4500833,33.9680952],[-117.4500779,33.9680984],[-117.4500725,33.9681015],[-117.4500671,33.9681047],[-117.4500617,33.9681078],[-117.4500563,33.968111],[-117.4500509,33.9681142],[-117.4500455,33.9681174],[-117.4500402,33.9681205],[-117.4500348,33.9681237],[-117.4500294,33.9681269],[-117.450024,33.9681301],[-117.4500187,33.9681333],[-117.4500133,33.9681365],[-117.450008,33.9681397],[-117.4500026,33.9681429],[-117.4499972,33.9681461],[-117.4499919,33.9681493],[-117.4499866,33.9681526],[-117.4499812,33.9681558],[-117.4499759,33.968159],[-117.4499705,33.9681623],[-117.4499652,33.9681655],[-117.4499599,33.9681687],[-117.4499546,33.968172],[-117.4499492,33.9681752],[-117.4499439,33.9681785],[-117.4499386,33.9681817],[-117.4499333,33.968185],[-117.449928,33.9681883],[-117.4499227,33.9681915],[-117.4499174,33.9681948],[-117.4499121,33.9681981],[-117.4499068,33.9682014],[-117.4499016,33.9682047],[-117.4498963,33.968208],[-117.449891,33.9682113],[-117.4498857,33.9682146],[-117.4498804,33.9682179],[-117.4498752,33.9682212],[-117.4498699,33.9682245],[-117.4498647,33.9682278],[-117.4498594,33.9682311],[-117.4498541,33.9682345],[-117.4498489,33.9682378],[-117.4498437,33.9682411],[-117.4498384,33.9682445],[-117.4498332,33.9682478],[-117.4498279,33.9682511],[-117.4498227,33.9682545],[-117.4498175,33.9682578],[-117.4498123,33.9682612],[-117.449807,33.9682646],[-117.4498018,33.9682679],[-117.4497966,33.9682713],[-117.4494394,33.9685389],[-117.4494322,33.9685454],[-117.4494277,33.9685494],[-117.4494231,33.9685533],[-117.4494186,33.9685573],[-117.449414,33.9685613],[-117.4494094,33.9685652],[-117.4494048,33.9685691],[-117.4494002,33.9685731],[-117.4493955,33.968577],[-117.4493909,33.9685809],[-117.4493862,33.9685847],[-117.4493815,33.9685886],[-117.4493768,33.9685925],[-117.4493721,33.9685963],[-117.4493674,33.9686001],[-117.4493626,33.968604],[-117.4493579,33.9686078],[-117.4493531,33.9686116],[-117.4493483,33.9686153],[-117.4493435,33.9686191],[-117.4493387,33.9686229],[-117.4493339,33.9686266],[-117.449329,33.9686303],[-117.4493241,33.968634],[-117.4493193,33.9686377],[-117.4493144,33.9686414],[-117.4493095,33.9686451],[-117.4493045,33.9686487],[-117.4492996,33.9686524],[-117.4492947,33.968656],[-117.4492897,33.9686596],[-117.4492847,33.9686632],[-117.4492797,33.9686668],[-117.4492747,33.9686704],[-117.4492697,33.968674],[-117.4492646,33.9686775],[-117.4492596,33.968681],[-117.4492545,33.9686846],[-117.4492494,33.9686881],[-117.4492444,33.9686916],[-117.4492392,33.968695],[-117.4492341,33.9686985],[-117.449229,33.968702],[-117.4492238,33.9687054],[-117.4492187,33.9687088],[-117.4492135,33.9687122],[-117.4492083,33.9687156],[-117.4492031,33.968719],[-117.4491979,33.9687224],[-117.4491927,33.9687257],[-117.4491874,33.9687291],[-117.4491849,33.9687307],[-117.4491822,33.9687324],[-117.4491769,33.9687357],[-117.4491716,33.968739],[-117.4491663,33.9687423],[-117.449161,33.9687455],[-117.4491557,33.9687488],[-117.4491504,33.968752],[-117.449145,33.9687552],[-117.4491397,33.9687584],[-117.4491343,33.9687616],[-117.4491289,33.9687648],[-117.4491235,33.968768],[-117.4491181,33.9687711],[-117.4491127,33.9687742],[-117.4491073,33.9687774],[-117.4491018,33.9687805],[-117.4490964,33.9687835],[-117.4490909,33.9687866],[-117.4490854,33.9687897],[-117.4490799,33.9687927],[-117.4490744,33.9687957],[-117.4490689,33.9687987],[-117.4490634,33.9688017],[-117.4490578,33.9688047],[-117.4490523,33.9688077],[-117.4490467,33.9688106],[-117.4490411,33.9688136],[-117.4490355,33.9688165],[-117.4490299,33.9688194],[-117.4490243,33.9688223],[-117.4490187,33.9688252],[-117.4490131,33.968828],[-117.4490074,33.9688309],[-117.4490018,33.9688337],[-117.4489961,33.9688365],[-117.4489904,33.9688393],[-117.4489847,33.9688421],[-117.448979,33.9688448],[-117.4489733,33.9688476],[-117.4489676,33.9688503],[-117.4489619,33.968853],[-117.4489561,33.9688557],[-117.4489504,33.9688584],[-117.4489446,33.9688611],[-117.4489388,33.9688638],[-117.448933,33.9688664],[-117.4489272,33.968869],[-117.4489214,33.9688716],[-117.4489156,33.9688742],[-117.4489098,33.9688768],[-117.448904,33.9688793],[-117.4488981,33.9688819],[-117.4488923,33.9688844],[-117.4488864,33.9688869],[-117.4488805,33.9688894],[-117.4488746,33.9688919],[-117.4488687,33.9688944],[-117.4488628,33.9688968],[-117.4488569,33.9688992],[-117.448851,33.9689016],[-117.448845,33.968904],[-117.4488391,33.9689064],[-117.4488331,33.9689088],[-117.4488272,33.9689111],[-117.4488212,33.9689135],[-117.4488152,33.9689158],[-117.4488092,33.9689181],[-117.4488032,33.9689204],[-117.4487972,33.9689226],[-117.4487912,33.9689249],[-117.4487852,33.9689271],[-117.4487791,33.9689293],[-117.4487731,33.9689315],[-117.448767,33.9689337],[-117.4487488,33.9689402],[-117.4487305,33.9689465],[-117.4487244,33.9689485],[-117.4487183,33.9689506],[-117.4487122,33.9689526],[-117.448706,33.9689546],[-117.4486999,33.9689566],[-117.4486937,33.9689586],[-117.4486752,33.9689644],[-117.4486691,33.9689663],[-117.4486629,33.9689682],[-117.4486567,33.9689701],[-117.4486505,33.968972],[-117.4486442,33.9689738],[-117.448638,33.9689757],[-117.4486318,33.9689775],[-117.4486256,33.9689793],[-117.4486193,33.968981],[-117.4486131,33.9689828],[-117.4486068,33.9689845],[-117.4486005,33.9689863],[-117.4485943,33.968988],[-117.448588,33.9689897],[-117.4485817,33.9689913],[-117.4485754,33.968993],[-117.4485691,33.9689946],[-117.4485628,33.9689963],[-117.4485565,33.9689979],[-117.4485502,33.9689995],[-117.4485439,33.969001],[-117.4485376,33.9690026],[-117.4485312,33.9690041],[-117.4485249,33.9690056],[-117.4485185,33.9690071],[-117.4485122,33.9690086],[-117.4485058,33.9690101],[-117.4484995,33.9690115],[-117.4484931,33.969013],[-117.4484867,33.9690144],[-117.4484803,33.9690158],[-117.448474,33.9690171],[-117.4484676,33.9690185],[-117.4484612,33.9690198],[-117.4484548,33.9690212],[-117.4484484,33.9690225],[-117.448442,33.9690238],[-117.4484355,33.969025],[-117.4484291,33.9690263],[-117.4484227,33.9690275],[-117.4484163,33.9690287],[-117.4484098,33.96903],[-117.4484034,33.9690311],[-117.4483969,33.9690323],[-117.4483905,33.9690334],[-117.448384,33.9690346],[-117.4483776,33.9690357],[-117.4483711,33.9690368],[-117.4483646,33.9690379],[-117.4483582,33.9690389],[-117.4483517,33.96904],[-117.4483452,33.969041],[-117.4483387,33.969042],[-117.4483322,33.969043],[-117.4483257,33.969044],[-117.4483192,33.9690449],[-117.4483127,33.9690458],[-117.4483062,33.9690468],[-117.4482997,33.9690477],[-117.4482932,33.9690485],[-117.4482867,33.9690494],[-117.4482802,33.9690503],[-117.4482737,33.9690511],[-117.4482672,33.9690519],[-117.4482606,33.9690527],[-117.4482541,33.9690535],[-117.4482476,33.9690542],[-117.448241,33.9690549],[-117.4482345,33.9690557],[-117.4482279,33.9690564],[-117.4482214,33.9690571],[-117.4482148,33.9690577],[-117.4482083,33.9690584],[-117.4482017,33.969059],[-117.4481952,33.9690596],[-117.4481886,33.9690602],[-117.4481821,33.9690608],[-117.4481755,33.9690613],[-117.4481689,33.9690619],[-117.4481624,33.9690624],[-117.4481558,33.9690629],[-117.4481492,33.9690634],[-117.4481427,33.9690639],[-117.4481361,33.9690643],[-117.4481295,33.9690647],[-117.4481229,33.9690652],[-117.4481164,33.9690655],[-117.4481098,33.9690659],[-117.4481032,33.9690663],[-117.4480966,33.9690666],[-117.44809,33.9690669],[-117.4480834,33.9690673],[-117.4480769,33.9690675],[-117.4480703,33.9690678],[-117.4480637,33.9690681],[-117.4480571,33.9690683],[-117.4480505,33.9690685],[-117.4480439,33.9690687],[-117.4480373,33.9690689],[-117.4480307,33.969069],[-117.4480241,33.9690692],[-117.4480175,33.9690693],[-117.4480109,33.9690694],[-117.4480043,33.9690695],[-117.4479977,33.9690696],[-117.4479912,33.9690696],[-117.4479846,33.9690697],[-117.447978,33.9690697],[-117.4479714,33.9690697],[-117.4479648,33.9690696],[-117.4479582,33.9690696],[-117.4479516,33.9690695],[-117.447945,33.9690695],[-117.4479384,33.9690694],[-117.4479318,33.9690693],[-117.4479252,33.9690691],[-117.4479186,33.969069],[-117.447912,33.9690688],[-117.4479054,33.9690686],[-117.4478988,33.9690684],[-117.4478922,33.9690682],[-117.4478856,33.969068],[-117.4478791,33.9690677],[-117.4478725,33.9690674],[-117.4478659,33.9690672],[-117.4478593,33.9690668],[-117.4478527,33.9690665],[-117.4478461,33.9690662],[-117.4478395,33.9690658],[-117.447833,33.9690654],[-117.4478264,33.969065],[-117.4478198,33.9690646],[-117.4478132,33.9690642],[-117.4478067,33.9690637],[-117.4478001,33.9690632],[-117.4477935,33.9690627],[-117.447787,33.9690622],[-117.4477804,33.9690617],[-117.4477738,33.9690612],[-117.4477673,33.9690606],[-117.4477607,33.96906],[-117.4477542,33.9690594],[-117.4477476,33.9690588],[-117.447741,33.9690582],[-117.4477351,33.9690576],[-117.4477345,33.9690575],[-117.4477279,33.9690568],[-117.4477214,33.9690561],[-117.4477149,33.9690554],[-117.4477083,33.9690547],[-117.4477018,33.969054],[-117.4476953,33.9690532],[-117.4476887,33.9690524],[-117.4476822,33.9690516],[-117.4476757,33.9690508],[-117.4476692,33.96905],[-117.4476626,33.9690491],[-117.4476561,33.9690483],[-117.4476496,33.9690474],[-117.4476431,33.9690465],[-117.4476366,33.9690455],[-117.4476301,33.9690446],[-117.4476236,33.9690436],[-117.4476171,33.9690427],[-117.4476106,33.9690417],[-117.4476042,33.9690407],[-117.4475977,33.9690396],[-117.4475912,33.9690386],[-117.4475907,33.9690385],[-117.4475831,33.9690372],[-117.4475783,33.9690364],[-117.4475718,33.9690353],[-117.4475653,33.9690342],[-117.4475589,33.9690331],[-117.4475524,33.9690319],[-117.447546,33.9690307],[-117.4475396,33.9690296],[-117.4475331,33.9690284],[-117.4475267,33.9690271],[-117.4475203,33.9690259],[-117.4475138,33.9690246],[-117.4475074,33.9690233],[-117.447501,33.9690221],[-117.4474946,33.9690207],[-117.4474882,33.9690194],[-117.4474839,33.9690185],[-117.4474818,33.9690181],[-117.4474754,33.9690167],[-117.447469,33.9690153],[-117.4474627,33.9690139],[-117.4474563,33.9690125],[-117.4474499,33.9690111],[-117.4474436,33.9690096],[-117.4474372,33.9690081],[-117.4474309,33.9690066],[-117.4474245,33.9690051],[-117.4474182,33.9690036],[-117.4474119,33.9690021],[-117.4474055,33.9690005],[-117.4473992,33.9689989],[-117.4473929,33.9689973],[-117.4473866,33.9689957],[-117.4473803,33.9689941],[-117.447374,33.9689925],[-117.4473677,33.9689908],[-117.4473614,33.9689891],[-117.4473552,33.9689874],[-117.4473489,33.9689857],[-117.4473426,33.968984],[-117.4473364,33.9689822],[-117.4473301,33.9689805],[-117.4473239,33.9689787],[-117.4473177,33.9689769],[-117.4473114,33.9689751],[-117.4473052,33.9689732],[-117.4473032,33.9689726],[-117.447299,33.9689714],[-117.4472928,33.9689695],[-117.4472866,33.9689676],[-117.4472804,33.9689657],[-117.4472742,33.9689638],[-117.4472681,33.9689619],[-117.4465515,33.9688451],[-117.4465416,33.9688437],[-117.4465351,33.9688428],[-117.4465286,33.9688419],[-117.4465221,33.968841],[-117.4465156,33.9688401],[-117.4465091,33.9688392],[-117.4465026,33.9688384],[-117.4464961,33.9688375],[-117.4464896,33.9688367],[-117.446483,33.9688358],[-117.4464765,33.968835],[-117.44647,33.9688342],[-117.4464635,33.9688334],[-117.4464569,33.9688326],[-117.4464504,33.9688318],[-117.4464439,33.968831],[-117.4464374,33.9688303],[-117.4464308,33.9688295],[-117.4464243,33.9688288],[-117.4464178,33.968828],[-117.4464112,33.9688273],[-117.4464047,33.9688266],[-117.4463981,33.9688259],[-117.4463916,33.9688252],[-117.446385,33.9688245],[-117.4463785,33.9688238],[-117.446372,33.9688232],[-117.4463654,33.9688225],[-117.4463589,33.9688219],[-117.4463523,33.9688212],[-117.4463457,33.9688206],[-117.4463392,33.96882],[-117.4463326,33.9688194],[-117.4463261,33.9688188],[-117.4463195,33.9688182],[-117.446313,33.9688176],[-117.4463064,33.9688171],[-117.4462998,33.9688165],[-117.4462933,33.968816],[-117.4462867,33.9688154],[-117.4462801,33.9688149],[-117.4462736,33.9688144],[-117.446267,33.9688139],[-117.4462604,33.9688134],[-117.4462539,33.9688129],[-117.4462473,33.9688124],[-117.4462407,33.9688119],[-117.4462342,33.9688115],[-117.4462276,33.968811],[-117.446221,33.9688106],[-117.4462144,33.9688102],[-117.4462078,33.9688098],[-117.4462013,33.9688094],[-117.4461947,33.968809],[-117.4461881,33.9688086],[-117.4461815,33.9688082],[-117.4461749,33.9688078],[-117.4461684,33.9688075],[-117.4461618,33.9688071],[-117.4461552,33.9688068],[-117.4461486,33.9688065],[-117.446142,33.9688062],[-117.4461354,33.9688059],[-117.4461289,33.9688056],[-117.4461223,33.9688053],[-117.4461157,33.968805],[-117.4461091,33.9688047],[-117.4461025,33.9688045],[-117.4460959,33.9688042],[-117.4460893,33.968804],[-117.4460827,33.9688038],[-117.4460761,33.9688036],[-117.4460696,33.9688034],[-117.446063,33.9688032],[-117.4460564,33.968803],[-117.4460498,33.9688028],[-117.4460432,33.9688027],[-117.4460366,33.9688025],[-117.44603,33.9688024],[-117.4460234,33.9688022],[-117.4460168,33.9688021],[-117.4460102,33.968802],[-117.4460036,33.9688019],[-117.445997,33.9688018],[-117.4459904,33.9688017],[-117.4459838,33.9688016],[-117.4459772,33.9688016],[-117.4459706,33.9688015],[-117.445964,33.9688015],[-117.4459574,33.9688014],[-117.4459509,33.9688014],[-117.4459443,33.9688014],[-117.4459377,33.9688014],[-117.4459311,33.9688014],[-117.4459245,33.9688014],[-117.4459179,33.9688015],[-117.4459113,33.9688015],[-117.4459047,33.9688015],[-117.4458981,33.9688016],[-117.4458915,33.9688017],[-117.4458849,33.9688017],[-117.4458783,33.9688018],[-117.4458717,33.9688019],[-117.4458651,33.968802],[-117.4458585,33.9688022],[-117.4458519,33.9688023],[-117.4458453,33.9688024],[-117.4458387,33.9688026],[-117.4458321,33.9688027],[-117.4458255,33.9688029],[-117.445819,33.9688031],[-117.4458124,33.9688033],[-117.4458058,33.9688035],[-117.4457992,33.9688037],[-117.4457926,33.9688039],[-117.445786,33.9688041],[-117.4457794,33.9688044],[-117.4457728,33.9688046],[-117.4457662,33.9688049],[-117.4457596,33.9688051],[-117.4457531,33.9688054],[-117.4457465,33.9688057],[-117.4457399,33.968806],[-117.4457333,33.9688063],[-117.4457267,33.9688066],[-117.4457201,33.968807],[-117.4457135,33.9688073],[-117.445707,33.9688077],[-117.4457004,33.968808],[-117.4456938,33.9688084],[-117.4456872,33.9688088],[-117.4456806,33.9688092],[-117.4456741,33.9688096],[-117.4456675,33.96881],[-117.4456609,33.9688104],[-117.4456543,33.9688108],[-117.4456478,33.9688112],[-117.4456412,33.9688117],[-117.4456346,33.9688122],[-117.445628,33.9688126],[-117.4456215,33.9688131],[-117.4456149,33.9688136],[-117.4456083,33.9688141],[-117.4456018,33.9688146],[-117.4455952,33.9688151],[-117.4455886,33.9688157],[-117.4455821,33.9688162],[-117.4455755,33.9688168],[-117.4455689,33.9688173],[-117.4455624,33.9688179],[-117.4455558,33.9688185],[-117.4455493,33.9688191],[-117.4455427,33.9688197],[-117.4455361,33.9688203],[-117.4455296,33.9688209],[-117.445523,33.9688215],[-117.4455165,33.9688222],[-117.4455099,33.9688228],[-117.4455034,33.9688235],[-117.4454968,33.9688241],[-117.4454903,33.9688248],[-117.4454838,33.9688255],[-117.4454772,33.9688262],[-117.4454707,33.9688269],[-117.4454641,33.9688276],[-117.4454576,33.9688284],[-117.4454511,33.9688291],[-117.4454445,33.9688299],[-117.445438,33.9688306],[-117.4454315,33.9688314],[-117.4454249,33.9688322],[-117.4454184,33.968833],[-117.4454119,33.9688338],[-117.4454054,33.9688346],[-117.4453988,33.9688354],[-117.4453923,33.9688362],[-117.4453858,33.9688371],[-117.4453793,33.9688379],[-117.4453728,33.9688388],[-117.4453662,33.9688396],[-117.4453597,33.9688405],[-117.4453532,33.9688414],[-117.4453467,33.9688423],[-117.4453402,33.9688432],[-117.4453337,33.9688441],[-117.4453272,33.9688451],[-117.4453207,33.968846],[-117.4453142,33.968847],[-117.4453077,33.9688479],[-117.4453012,33.9688489],[-117.4452947,33.9688499],[-117.4452882,33.9688509],[-117.4452818,33.9688519],[-117.4452753,33.9688529],[-117.4452688,33.9688539],[-117.4452623,33.9688549],[-117.4452558,33.9688559],[-117.4452494,33.968857],[-117.4452429,33.9688581],[-117.4452364,33.9688591],[-117.44523,33.9688602],[-117.4452235,33.9688613],[-117.445217,33.9688624],[-117.4452106,33.9688635],[-117.4452041,33.9688646],[-117.4451977,33.9688657],[-117.4451912,33.9688669],[-117.4451847,33.968868],[-117.4451783,33.9688692],[-117.4451719,33.9688703],[-117.4451654,33.9688715],[-117.445159,33.9688727],[-117.4451525,33.9688739],[-117.4451461,33.9688751],[-117.4451397,33.9688763],[-117.4451332,33.9688775],[-117.4451268,33.9688788],[-117.4451204,33.96888],[-117.445114,33.9688813],[-117.4451075,33.9688826],[-117.4451011,33.9688838],[-117.4450947,33.9688851],[-117.4450883,33.9688864],[-117.4450819,33.9688877],[-117.4450737,33.9688894],[-117.4450563,33.968893],[-117.4442674,33.9690488],[-117.4440256,33.9690968],[-117.4438051,33.969137],[-117.4435838,33.9691741],[-117.4433618,33.9692079],[-117.4431392,33.9692384],[-117.4429159,33.9692657],[-117.442692,33.9692898],[-117.4424677,33.9693106],[-117.442243,33.9693282],[-117.442018,33.9693424],[-117.4417927,33.9693534],[-117.4415672,33.9693611],[-117.4413416,33.9693656],[-117.4411159,33.9693667],[-117.4408902,33.9693646],[-117.4406646,33.9693592],[-117.4404392,33.9693505],[-117.4402139,33.9693385],[-117.439989,33.9693232],[-117.4397644,33.9693047],[-117.4395402,33.9692829],[-117.4393166,33.9692579],[-117.4390935,33.9692296],[-117.438871,33.969198],[-117.4386492,33.9691633],[-117.4384281,33.9691253],[-117.4382079,33.9690841],[-117.4379886,33.9690397],[-117.4377703,33.9689921],[-117.437553,33.9689413],[-117.4374459,33.9689146],[-117.4373368,33.9688874],[-117.4371217,33.9688304],[-117.4370137,33.9688],[-117.4369079,33.9687702],[-117.4368271,33.9687462],[-117.4366946,33.9687067],[-117.4365521,33.9686612],[-117.4364941,33.9686423],[-117.4364092,33.9686147],[-117.4362673,33.9685661],[-117.4361195,33.9685155],[-117.4358784,33.9684226],[-117.4358663,33.9684179],[-117.4358641,33.9684238],[-117.4358397,33.9684898],[-117.4358382,33.9684938],[-117.4356899,33.9688953],[-117.4317558,33.9677397],[-117.4317407,33.9677352],[-117.4313361,33.9677923],[-117.4306364,33.9679015],[-117.4299391,33.9680209],[-117.4292444,33.9681503],[-117.4285526,33.9682899],[-117.4278637,33.9684395],[-117.4271781,33.9685991],[-117.426496,33.9687686],[-117.4258175,33.9689481],[-117.4251428,33.9691373],[-117.4244722,33.9693364],[-117.4238059,33.9695452],[-117.4231441,33.9697636],[-117.4230633,33.9697916],[-117.4230345,33.9698016],[-117.422487,33.9699916],[-117.4218347,33.9702291],[-117.4211875,33.9704761],[-117.4205455,33.9707325],[-117.4199091,33.9709982],[-117.4157995,33.9726963],[-117.4157502,33.9727166],[-117.4157083,33.9728687],[-117.4156392,33.9731189],[-117.4156798,33.9731452],[-117.4158783,33.9732739],[-117.4158151,33.9734356],[-117.4157501,33.9736018],[-117.4129852,33.974679],[-117.4104662,33.9756882],[-117.410463,33.9756895],[-117.4098765,33.9752758],[-117.4098677,33.9752695],[-117.4097845,33.9753029],[-117.4073784,33.9762678],[-117.40737,33.9762711],[-117.4073616,33.9762744],[-117.4073532,33.9762778],[-117.4073448,33.9762811],[-117.4073364,33.9762844],[-117.4073281,33.9762878],[-117.4073197,33.9762911],[-117.4073113,33.9762945],[-117.4073029,33.9762978],[-117.4072945,33.9763012],[-117.4072861,33.9763045],[-117.4072778,33.9763079],[-117.4072694,33.9763112],[-117.407261,33.9763146],[-117.4072526,33.9763179],[-117.4072442,33.9763213],[-117.4072359,33.9763246],[-117.4072275,33.976328],[-117.4072191,33.9763314],[-117.4072107,33.9763347],[-117.4072024,33.9763381],[-117.407194,33.9763415],[-117.4071856,33.9763449],[-117.4071773,33.9763482],[-117.4071689,33.9763516],[-117.4071606,33.976355],[-117.4071522,33.9763584],[-117.4071438,33.9763618],[-117.4071355,33.9763652],[-117.4071258,33.9763691],[-117.4071199,33.9763698],[-117.4054909,33.9765525],[-117.405328,33.9765708],[-117.4052371,33.976581],[-117.4052306,33.976588],[-117.4051766,33.9766461],[-117.4040349,33.9778744],[-117.4040329,33.9778766],[-117.4038668,33.9780552],[-117.401584,33.9805111],[-117.3982286,33.9841207],[-117.3979477,33.9844228],[-117.3975234,33.9848792],[-117.397024,33.9854163],[-117.3958522,33.9866768],[-117.3946366,33.9879841],[-117.3930121,33.9897314],[-117.3930108,33.9897328],[-117.3928591,33.9898959],[-117.3935456,33.9902469],[-117.3936016,33.9902756],[-117.3936316,33.9902909],[-117.3936194,33.9903947],[-117.3936193,33.9903958],[-117.3935318,33.9911407],[-117.3934255,33.9920444],[-117.393241,33.9926136],[-117.3930132,33.9933165],[-117.3929568,33.9934905],[-117.3928566,33.9937994],[-117.3928074,33.9939512],[-117.3927614,33.9940931],[-117.3927244,33.9942073],[-117.3927155,33.9942346],[-117.3926765,33.9943551],[-117.3925889,33.9946253],[-117.392508,33.9948749],[-117.3924479,33.9950603],[-117.392437,33.9950944],[-117.3924217,33.9951427],[-117.3924128,33.9951705],[-117.3924009,33.9952079],[-117.3923952,33.9952259],[-117.3923776,33.9952814],[-117.3923688,33.9953091],[-117.3922768,33.9955983],[-117.3922652,33.9956348],[-117.3921728,33.9959254],[-117.3921619,33.9959598],[-117.3920711,33.9962451],[-117.3920588,33.996284],[-117.3920426,33.996335],[-117.3920395,33.9963447],[-117.3920389,33.9963465],[-117.391693,33.9961465],[-117.3914282,33.9959935],[-117.3914174,33.9959872],[-117.3911404,33.9963077],[-117.3901306,33.9974763],[-117.3901159,33.9974934],[-117.3898687,33.9977795],[-117.3898685,33.9977797],[-117.3857775,34.0025137],[-117.3857775,34.0025137],[-117.384507,34.0039838],[-117.384494,34.0039988],[-117.3841507,34.0044117],[-117.3840106,34.0045802],[-117.3840013,34.0045931],[-117.3840001,34.0045928],[-117.3838139,34.004852],[-117.3830872,34.0049526],[-117.3824927,34.0054331],[-117.3806433,34.0069281],[-117.3805251,34.0070179],[-117.3805225,34.0070148],[-117.3805018,34.0070315],[-117.3804969,34.0070354],[-117.3804099,34.0069196],[-117.3800903,34.0064944],[-117.3800832,34.0064858],[-117.3792475,34.0054794],[-117.3792394,34.0054696],[-117.3791441,34.0053549],[-117.37912,34.0053579],[-117.3788787,34.0054293],[-117.378813,34.0054595],[-117.3787325,34.0054965],[-117.3786873,34.0055174],[-117.3786681,34.0055262],[-117.3786746,34.0055339],[-117.3789073,34.0058135],[-117.3792775,34.0062582],[-117.3768138,34.0086047],[-117.3768134,34.0086051],[-117.3760666,34.0082659],[-117.3760549,34.0082606],[-117.3758677,34.0084395],[-117.3758185,34.0084866],[-117.3757588,34.0085457],[-117.3756324,34.0086707],[-117.3755591,34.0087433],[-117.3754684,34.0088363],[-117.3754018,34.0089046],[-117.3753052,34.0090037],[-117.3751826,34.0091341],[-117.375182,34.0091347],[-117.3750568,34.0092678],[-117.374941,34.0093955],[-117.3748139,34.0095355],[-117.3745767,34.0098067],[-117.3743453,34.0100812],[-117.3742106,34.0102473],[-117.3741239,34.0103543],[-117.374101,34.0103825],[-117.3740982,34.0103861],[-117.3732757,34.0114769],[-117.3723829,34.012661],[-117.3675881,34.0190188],[-117.367461,34.0192216],[-117.3673113,34.0193589],[-117.3673811,34.019359],[-117.3687219,34.0193595],[-117.368722,34.0193595],[-117.3700249,34.0193601],[-117.3700279,34.0193601],[-117.3716641,34.0193607],[-117.3728493,34.0193612],[-117.3733111,34.0193614],[-117.3736044,34.0193615],[-117.3737052,34.0193613],[-117.3738231,34.0193612],[-117.3739252,34.0193612],[-117.3739293,34.0193612],[-117.3740244,34.0193612],[-117.3744521,34.0193611],[-117.3748329,34.0193609],[-117.3752891,34.0193608],[-117.375347,34.0193608],[-117.375356,34.0193608],[-117.3753602,34.0193608],[-117.3753601,34.0194041],[-117.3753601,34.0194432],[-117.3753601,34.0195197],[-117.37536,34.0196352],[-117.37536,34.0197193],[-117.3753594,34.0208873],[-117.3753588,34.0219839],[-117.3753587,34.0220649],[-117.3753586,34.0223445],[-117.3753569,34.0252619],[-117.3753571,34.0252698],[-117.3753577,34.0252946],[-117.3753585,34.0253091],[-117.3753585,34.0253092],[-117.3753604,34.0253315],[-117.3753606,34.0253338],[-117.3753608,34.0253352],[-117.3753642,34.0253624],[-117.375369,34.0253909],[-117.3753749,34.0254184],[-117.375375,34.0254192],[-117.3753753,34.0254203],[-117.3753834,34.0254509],[-117.3753862,34.0254614],[-117.3754,34.025503],[-117.3754031,34.025511],[-117.3754053,34.0255167],[-117.3754058,34.0255179],[-117.3754165,34.0255439],[-117.3754283,34.0255694],[-117.3754289,34.0255708],[-117.3754423,34.0255972],[-117.375457,34.0256233],[-117.3754803,34.0256608],[-117.3754809,34.0256616],[-117.3754815,34.0256625],[-117.375507,34.0256986],[-117.3755072,34.0256988],[-117.375526,34.0257229],[-117.3755458,34.0257465],[-117.3755769,34.0257803],[-117.3755773,34.0257808],[-117.3755985,34.0258018],[-117.3755995,34.0258028],[-117.3756006,34.0258038],[-117.375602,34.0258051],[-117.3756206,34.0258223],[-117.3756226,34.0258242],[-117.375659,34.025855],[-117.3756712,34.0258645],[-117.3756842,34.0258746],[-117.375691,34.0258795],[-117.3757103,34.0258935],[-117.3757348,34.02591],[-117.3757371,34.0259116],[-117.3757396,34.0259132],[-117.3757578,34.0259246],[-117.3757647,34.0259289],[-117.3757766,34.025936],[-117.3757788,34.0259373],[-117.3758213,34.0259608],[-117.3759497,34.0260278],[-117.3759611,34.0260337],[-117.375968,34.0260373],[-117.3759724,34.0260396],[-117.3759793,34.0260432],[-117.3759906,34.0260491],[-117.3760019,34.026055],[-117.3760133,34.0260609],[-117.3760246,34.0260668],[-117.3760315,34.0260704],[-117.3760428,34.0260763],[-117.3760541,34.0260822],[-117.3760585,34.0260845],[-117.3760654,34.0260881],[-117.3760699,34.0260904],[-117.3760812,34.0260963],[-117.3760881,34.0260999],[-117.3760994,34.0261058],[-117.3761107,34.0261117],[-117.376122,34.0261176],[-117.3761289,34.0261212],[-117.3761403,34.0261271],[-117.3761472,34.0261307],[-117.3761541,34.0261343],[-117.376161,34.0261379],[-117.3761654,34.0261402],[-117.3761767,34.0261461],[-117.3761836,34.0261497],[-117.3761905,34.0261533],[-117.3761974,34.0261569],[-117.3762043,34.0261605],[-117.3762156,34.0261664],[-117.37622,34.0261687],[-117.3762269,34.0261723],[-117.3762338,34.0261759],[-117.3762407,34.0261795],[-117.3762451,34.0261818],[-117.3762565,34.0261877],[-117.3762634,34.0261913],[-117.3762747,34.0261972],[-117.3762816,34.0262008],[-117.3762885,34.0262044],[-117.3762998,34.0262103],[-117.3763136,34.0262175],[-117.376318,34.0262199],[-117.3763362,34.0262294],[-117.3763431,34.0262329],[-117.37635,34.0262365],[-117.3763569,34.0262401],[-117.3763638,34.0262437],[-117.3763752,34.0262496],[-117.376382,34.0262532],[-117.3763934,34.0262591],[-117.3764003,34.0262627],[-117.3764047,34.0262651],[-117.3764116,34.0262686],[-117.3764185,34.0262722],[-117.3764229,34.0262746],[-117.3764342,34.0262805],[-117.3764456,34.0262864],[-117.3764525,34.02629],[-117.3764569,34.0262923],[-117.3764638,34.0262959],[-117.3764682,34.0262982],[-117.3764751,34.0263018],[-117.376482,34.0263054],[-117.3764864,34.0263077],[-117.3764933,34.0263113],[-117.3765046,34.0263172],[-117.376516,34.0263231],[-117.3765204,34.0263254],[-117.3765273,34.026329],[-117.3765342,34.0263326],[-117.3765455,34.0263385],[-117.3765568,34.0263444],[-117.3765612,34.0263467],[-117.3765681,34.0263503],[-117.376575,34.0263539],[-117.3765795,34.0263562],[-117.3765864,34.0263598],[-117.3765933,34.0263634],[-117.3766046,34.0263693],[-117.3766115,34.0263729],[-117.3766159,34.0263752],[-117.3766272,34.0263811],[-117.3766341,34.0263847],[-117.3766454,34.0263906],[-117.3766523,34.0263942],[-117.3766592,34.0263978],[-117.3766706,34.0264037],[-117.376675,34.026406],[-117.3766863,34.0264119],[-117.3766932,34.0264155],[-117.376707,34.0264227],[-117.3767183,34.0264286],[-117.3767252,34.0264322],[-117.3767321,34.0264358],[-117.376739,34.0264394],[-117.3767434,34.0264417],[-117.3767503,34.0264453],[-117.3767548,34.0264476],[-117.3767616,34.0264512],[-117.3767685,34.0264548],[-117.3767754,34.0264584],[-117.3767868,34.0264643],[-117.3767981,34.0264702],[-117.3768094,34.0264761],[-117.3768163,34.0264797],[-117.3768232,34.0264833],[-117.3768276,34.0264856],[-117.376839,34.0264915],[-117.3768458,34.0264951],[-117.3768527,34.0264987],[-117.3768572,34.026501],[-117.3768641,34.0265046],[-117.3768754,34.0265106],[-117.3768823,34.0265141],[-117.3768867,34.0265165],[-117.3768936,34.0265201],[-117.376898,34.0265224],[-117.3769049,34.026526],[-117.3769118,34.0265296],[-117.3769163,34.0265319],[-117.3769231,34.0265355],[-117.37693,34.0265391],[-117.3769345,34.0265414],[-117.3769414,34.026545],[-117.3769527,34.0265509],[-117.3769596,34.0265545],[-117.376964,34.0265568],[-117.3769709,34.0265604],[-117.3769778,34.026564],[-117.3769891,34.0265699],[-117.376996,34.0265735],[-117.3770029,34.0265771],[-117.3770098,34.0265807],[-117.3770142,34.026583],[-117.3770211,34.0265866],[-117.377028,34.0265902],[-117.3770325,34.0265925],[-117.3770394,34.0265961],[-117.3770507,34.026602],[-117.377062,34.0266079],[-117.3770664,34.0266102],[-117.3770733,34.0266138],[-117.3770846,34.0266197],[-117.3770915,34.0266233],[-117.377096,34.0266256],[-117.3771029,34.0266292],[-117.3771142,34.0266351],[-117.3771186,34.0266374],[-117.3771255,34.026641],[-117.3772566,34.0267094],[-117.3772566,34.0267094],[-117.3772137,34.0267663],[-117.3771929,34.026794],[-117.377159,34.0268391],[-117.3770196,34.0270244],[-117.3765715,34.0276199],[-117.3765707,34.0276211],[-117.3765014,34.0277152],[-117.3763262,34.0279476],[-117.3758135,34.0286278],[-117.3756656,34.028824],[-117.3756605,34.0288308],[-117.375627,34.0288753],[-117.3756054,34.0289041],[-117.3756045,34.0289053],[-117.3755554,34.0289704],[-117.3755289,34.0290057],[-117.3755245,34.0290115],[-117.3755239,34.0290123],[-117.3755218,34.0290152],[-117.3755211,34.029016],[-117.3755175,34.0290209],[-117.3755156,34.0290234],[-117.3755131,34.0290267],[-117.3755113,34.0290291],[-117.3755088,34.0290324],[-117.3755045,34.0290381],[-117.3755042,34.0290386],[-117.3755014,34.0290423],[-117.3754986,34.0290459],[-117.3754974,34.0290476],[-117.3754943,34.0290517],[-117.3754915,34.0290554],[-117.3754888,34.0290591],[-117.375486,34.0290627],[-117.3754844,34.0290648],[-117.3754832,34.0290664],[-117.3754801,34.0290705],[-117.3754789,34.0290722],[-117.3754758,34.0290763],[-117.3754746,34.0290779],[-117.3754687,34.0290857],[-117.3754675,34.0290873],[-117.3754647,34.029091],[-117.3754644,34.0290914],[-117.3754616,34.0290951],[-117.3754604,34.0290968],[-117.3754573,34.0291009],[-117.3754561,34.0291025],[-117.3754533,34.0291062],[-117.375453,34.0291066],[-117.3754486,34.0291124],[-117.3754462,34.0291156],[-117.3754443,34.0291181],[-117.3754419,34.0291214],[-117.3754416,34.0291218],[-117.3754372,34.0291275],[-117.3754348,34.0291308],[-117.3754345,34.0291312],[-117.3753561,34.0292354],[-117.3753555,34.0292361],[-117.3752778,34.0293395],[-117.375275,34.0293431],[-117.3752707,34.0293489],[-117.3752636,34.0293583],[-117.3752565,34.0293677],[-117.3752537,34.0293714],[-117.3752466,34.0293808],[-117.3752423,34.0293866],[-117.375238,34.0293923],[-117.3752352,34.029396],[-117.3752309,34.0294018],[-117.3752266,34.0294075],[-117.3752223,34.0294132],[-117.3752195,34.0294169],[-117.3752152,34.0294227],[-117.3752124,34.0294264],[-117.3752081,34.0294321],[-117.375201,34.0294415],[-117.3751967,34.0294473],[-117.3751923,34.029453],[-117.3751896,34.0294567],[-117.3751852,34.0294624],[-117.3751825,34.0294661],[-117.3751781,34.0294719],[-117.3751711,34.0294813],[-117.3751683,34.029485],[-117.3751655,34.0294887],[-117.3751612,34.0294944],[-117.3751569,34.0295001],[-117.3751526,34.0295059],[-117.3751498,34.0295096],[-117.3751455,34.0295153],[-117.3751427,34.029519],[-117.3751384,34.0295247],[-117.375134,34.0295305],[-117.375127,34.0295399],[-117.3751226,34.0295456],[-117.3751183,34.0295514],[-117.375114,34.0295571],[-117.3751097,34.0295629],[-117.3751054,34.0295686],[-117.3751026,34.0295723],[-117.3750983,34.029578],[-117.3750955,34.0295817],[-117.3750912,34.0295875],[-117.3750868,34.0295932],[-117.3750825,34.029599],[-117.3750798,34.0296026],[-117.3750754,34.0296084],[-117.3750711,34.0296141],[-117.3750668,34.0296199],[-117.3750625,34.0296256],[-117.3750581,34.0296314],[-117.3750538,34.0296371],[-117.3750511,34.0296408],[-117.3750396,34.0296559],[-117.3750369,34.0296596],[-117.3750298,34.0296691],[-117.3750255,34.0296748],[-117.3750211,34.0296805],[-117.375014,34.02969],[-117.3750097,34.0296957],[-117.3750026,34.0297051],[-117.3749983,34.0297109],[-117.3749955,34.0297146],[-117.3749912,34.0297203],[-117.3749884,34.029724],[-117.3749857,34.0297277],[-117.3749814,34.0297334],[-117.3749743,34.0297428],[-117.3749699,34.0297486],[-117.3749628,34.029758],[-117.3749558,34.0297674],[-117.3749514,34.0297732],[-117.3749487,34.0297769],[-117.3749443,34.0297826],[-117.3749372,34.029792],[-117.3749302,34.0298015],[-117.3749231,34.0298109],[-117.3749187,34.0298166],[-117.374916,34.0298203],[-117.3749127,34.0298246],[-117.3749117,34.0298261],[-117.3749089,34.0298297],[-117.3749046,34.0298355],[-117.3749018,34.0298392],[-117.3748975,34.0298449],[-117.3748947,34.0298486],[-117.3748861,34.0298601],[-117.374879,34.0298695],[-117.3748762,34.0298732],[-117.3748691,34.0298826],[-117.374862,34.029892],[-117.3748592,34.0298957],[-117.3748549,34.0299015],[-117.3748506,34.0299072],[-117.3748463,34.029913],[-117.3748419,34.0299187],[-117.3748392,34.0299224],[-117.3748349,34.0299281],[-117.3748278,34.0299376],[-117.374825,34.0299412],[-117.3748207,34.029947],[-117.3748163,34.0299527],[-117.3748093,34.0299622],[-117.3748049,34.0299679],[-117.3748006,34.0299736],[-117.3747978,34.0299773],[-117.3747935,34.0299831],[-117.3747864,34.0299925],[-117.3747793,34.0300019],[-117.374775,34.0300077],[-117.3747707,34.0300134],[-117.3747664,34.0300191],[-117.3747621,34.0300249],[-117.3747577,34.0300306],[-117.3747534,34.0300364],[-117.3747491,34.0300421],[-117.3747448,34.0300479],[-117.3747405,34.0300536],[-117.3747377,34.0300573],[-117.3747334,34.030063],[-117.3747306,34.0300667],[-117.3747263,34.0300725],[-117.3747219,34.0300782],[-117.3747192,34.0300819],[-117.3747149,34.0300876],[-117.3747121,34.0300913],[-117.3747078,34.030097],[-117.3747007,34.0301065],[-117.3746908,34.0301196],[-117.3746865,34.0301253],[-117.3746837,34.030129],[-117.3746809,34.0301327],[-117.3746782,34.0301364],[-117.3746738,34.0301421],[-117.3746695,34.0301479],[-117.3746652,34.0301536],[-117.3746609,34.0301593],[-117.3746566,34.0301651],[-117.3746522,34.0301708],[-117.3746452,34.0301803],[-117.3746408,34.030186],[-117.3746365,34.0301917],[-117.3746322,34.0301975],[-117.3746294,34.0302012],[-117.3746251,34.0302069],[-117.3746208,34.0302127],[-117.374618,34.0302163],[-117.3746137,34.0302221],[-117.3746066,34.0302315],[-117.3745995,34.0302409],[-117.3745952,34.0302467],[-117.3745924,34.0302504],[-117.3745881,34.0302561],[-117.3745853,34.0302598],[-117.374581,34.0302655],[-117.3745782,34.0302692],[-117.3745754,34.0302729],[-117.3745711,34.0302786],[-117.3745684,34.0302823],[-117.3745656,34.030286],[-117.3745557,34.0302991],[-117.3745486,34.0303085],[-117.3745459,34.0303122],[-117.3745415,34.030318],[-117.3745344,34.0303274],[-117.3745317,34.0303311],[-117.3745289,34.0303348],[-117.3745218,34.0303442],[-117.3745175,34.0303499],[-117.3745147,34.0303536],[-117.3745104,34.0303594],[-117.3745033,34.0303688],[-117.3745005,34.0303725],[-117.3744962,34.0303782],[-117.3744891,34.0303876],[-117.3744863,34.0303913],[-117.374482,34.0303971],[-117.3744749,34.0304065],[-117.3744722,34.0304102],[-117.3744678,34.0304159],[-117.3744651,34.0304196],[-117.3744607,34.0304254],[-117.374458,34.030429],[-117.3744536,34.0304348],[-117.3744466,34.0304442],[-117.3744395,34.0304536],[-117.3744351,34.0304594],[-117.3744308,34.0304651],[-117.3744265,34.0304709],[-117.3744237,34.0304745],[-117.3744194,34.0304803],[-117.3744151,34.030486],[-117.3744123,34.0304897],[-117.374408,34.0304955],[-117.3744009,34.0305049],[-117.3743966,34.0305106],[-117.3743923,34.0305164],[-117.3743879,34.0305221],[-117.3743836,34.0305278],[-117.3743793,34.0305336],[-117.374375,34.0305393],[-117.3743707,34.0305451],[-117.3743663,34.0305508],[-117.374362,34.0305566],[-117.3743577,34.0305623],[-117.3743506,34.0305717],[-117.3743463,34.0305775],[-117.374342,34.0305832],[-117.3743376,34.030589],[-117.3743305,34.0305984],[-117.3743235,34.0306078],[-117.3743164,34.0306172],[-117.374312,34.030623],[-117.3743093,34.0306267],[-117.3743049,34.0306324],[-117.3743022,34.0306361],[-117.3742979,34.0306418],[-117.3742908,34.0306513],[-117.3742837,34.0306607],[-117.3742809,34.0306644],[-117.3742781,34.0306681],[-117.3742738,34.0306738],[-117.374271,34.0306775],[-117.3742667,34.0306832],[-117.3742639,34.0306869],[-117.3742596,34.0306927],[-117.3742568,34.0306963],[-117.3742525,34.0307021],[-117.3742454,34.0307115],[-117.3742411,34.0307172],[-117.3742383,34.0307209],[-117.3742312,34.0307304],[-117.3742269,34.0307361],[-117.3741943,34.0307795],[-117.3741475,34.0308416],[-117.3742314,34.0308854],[-117.3742314,34.0308854],[-117.3742911,34.03092],[-117.3743553,34.0309573],[-117.3743599,34.0309599],[-117.3743709,34.0309663],[-117.3743774,34.0309701],[-117.374382,34.0309728],[-117.3743885,34.0309765],[-117.3743995,34.0309829],[-117.3744041,34.0309856],[-117.3744106,34.0309894],[-117.3744171,34.0309931],[-117.3744217,34.0309958],[-117.3744263,34.0309984],[-117.3744327,34.0310022],[-117.3744438,34.0310086],[-117.3744549,34.031015],[-117.3744595,34.0310177],[-117.3744659,34.0310214],[-117.3744705,34.0310241],[-117.374477,34.0310279],[-117.3744835,34.0310316],[-117.3744881,34.0310343],[-117.3744945,34.031038],[-117.3745056,34.0310445],[-117.3745167,34.0310509],[-117.3745213,34.0310535],[-117.3745277,34.0310573],[-117.3745323,34.03106],[-117.3745388,34.0310637],[-117.3745434,34.0310664],[-117.3745499,34.0310701],[-117.3745563,34.0310739],[-117.3745609,34.0310765],[-117.3745674,34.0310803],[-117.3745738,34.031084],[-117.3745785,34.0310867],[-117.3745849,34.0310905],[-117.3745914,34.0310942],[-117.3745978,34.031098],[-117.3746024,34.0311006],[-117.3746089,34.0311044],[-117.37462,34.0311108],[-117.3746246,34.0311135],[-117.374631,34.0311172],[-117.3746421,34.0311236],[-117.3746467,34.0311263],[-117.3746532,34.03113],[-117.3746578,34.0311327],[-117.3746642,34.0311365],[-117.3746688,34.0311391],[-117.3746753,34.0311429],[-117.3746818,34.0311466],[-117.3746864,34.0311493],[-117.3747937,34.0312115],[-117.3748038,34.0312175],[-117.3749412,34.0311615],[-117.3749491,34.0311583],[-117.3749569,34.0311551],[-117.3749648,34.0311519],[-117.3750292,34.0311257],[-117.3750838,34.0311034],[-117.3750989,34.0310973],[-117.3750989,34.0310973],[-117.3750597,34.0312086],[-117.3750571,34.031216],[-117.3750563,34.0312183],[-117.3750537,34.0312257],[-117.3750511,34.031233],[-117.3750503,34.0312353],[-117.3750477,34.0312427],[-117.3750339,34.0312819],[-117.3750061,34.0313608],[-117.375001,34.0313873],[-117.3750002,34.0313917],[-117.3749858,34.0314678],[-117.3749843,34.0314757],[-117.3749841,34.031477],[-117.3749826,34.0314848],[-117.3749809,34.031494],[-117.3749794,34.0315019],[-117.3749791,34.0315032],[-117.3749777,34.031511],[-117.3749762,34.0315189],[-117.3749747,34.0315267],[-117.3749745,34.031528],[-117.374973,34.0315359],[-117.3749715,34.0315437],[-117.3749712,34.031545],[-117.3749698,34.0315529],[-117.3749695,34.0315542],[-117.374968,34.031562],[-117.3749665,34.0315699],[-117.3749651,34.0315777],[-117.3749636,34.0315856],[-117.3749621,34.0315934],[-117.3749606,34.0316012],[-117.3749591,34.0316091],[-117.3749576,34.0316169],[-117.3749562,34.0316248],[-117.3749547,34.0316326],[-117.3749532,34.0316405],[-117.3749517,34.0316483],[-117.3749502,34.0316561],[-117.37495,34.0316575],[-117.3749485,34.0316653],[-117.3749374,34.0317241],[-117.374926,34.0317843],[-117.374939,34.0319045],[-117.3749398,34.0319117],[-117.3749399,34.0319124],[-117.3749407,34.0319204],[-117.3749416,34.0319284],[-117.3749425,34.0319364],[-117.3749551,34.0320527],[-117.3749556,34.032058],[-117.3751043,34.0320515],[-117.3751047,34.0320515],[-117.3751139,34.0320511],[-117.3751236,34.0320507],[-117.3751332,34.0320503],[-117.3751429,34.0320498],[-117.3751525,34.0320494],[-117.3751622,34.032049],[-117.3751718,34.0320486],[-117.3751815,34.0320482],[-117.3751911,34.0320477],[-117.3752008,34.0320473],[-117.3753423,34.0320412],[-117.3753545,34.0320406],[-117.3753548,34.0320406],[-117.3753541,34.0331281],[-117.3753539,34.0334975],[-117.3753538,34.0337619],[-117.3753538,34.033839],[-117.3753538,34.0338441],[-117.3753538,34.0338443],[-117.3766036,34.033844],[-117.3790985,34.0338433],[-117.3796612,34.0338432],[-117.3796872,34.0338432],[-117.3797108,34.0338432],[-117.3797108,34.0338432],[-117.379711,34.0338432],[-117.379711,34.0338432],[-117.3797372,34.0338432],[-117.3798098,34.0338431],[-117.3798101,34.0338431],[-117.3801541,34.033843],[-117.380351,34.033843],[-117.3805624,34.0338429],[-117.3807274,34.0338429],[-117.3808668,34.0338428],[-117.38101,34.0338428],[-117.3811211,34.0338427],[-117.3811892,34.0338427],[-117.3813145,34.0338427],[-117.3813789,34.0338427],[-117.3814218,34.0338427],[-117.3814469,34.0338427],[-117.3814793,34.0338426],[-117.3815471,34.0338426],[-117.3816869,34.0338426],[-117.381805,34.0338425],[-117.381884,34.0338425],[-117.3829756,34.0338422],[-117.3829758,34.0338422],[-117.3832699,34.0338421],[-117.3839396,34.0338419],[-117.3839658,34.0338419],[-117.383966,34.0338419],[-117.3840386,34.0338418],[-117.3840648,34.0338418],[-117.384065,34.0338418],[-117.384164,34.0338419],[-117.3850125,34.0338424],[-117.3851542,34.0338425],[-117.3861556,34.0338432],[-117.3862546,34.0338432],[-117.3899511,34.0338455],[-117.3905012,34.0338458],[-117.3905122,34.0338458],[-117.3907156,34.033846],[-117.3915685,34.0338465],[-117.3916324,34.0338465],[-117.3923832,34.0338469],[-117.3924343,34.033847],[-117.3927743,34.0338472],[-117.3932361,34.0338472],[-117.3933143,34.0338473],[-117.3934329,34.0338473],[-117.3935492,34.0338473],[-117.3936262,34.0338473],[-117.3940158,34.0338474],[-117.3943459,34.0338474],[-117.3946097,34.0338474],[-117.3947895,34.0338475],[-117.3949353,34.0338475],[-117.3950899,34.0338475],[-117.3952581,34.0338475],[-117.3954925,34.0338476],[-117.3957249,34.0338476],[-117.3959608,34.0338476],[-117.3962105,34.0338476],[-117.3964595,34.0338477],[-117.3966996,34.0338477],[-117.3975857,34.0338478],[-117.3981462,34.0338479],[-117.3987375,34.0338479],[-117.399703,34.033848],[-117.3997229,34.033848],[-117.401133,34.0338482],[-117.4015037,34.0338482]]]]}}
]
}
